stream_id,host,host_type,hour,weekday,giveaway_open,t,segment,cycle,giveaway_live,arrivals,room,impressions,clicks,orders,gmv,comments,likes,replies,product_in_hand,close_up_ratio,price_overlay,scene_cuts,wpm,fomo_run,boost
1,Priya,human,21,Sat,1,1,hook,1,1,121,121,82,2,0,0,1,25,0,0,0.04,0,6,148,0,1
1,Priya,human,21,Sat,1,2,hook,1,1,86,195,133,1,0,0,11,47,0,0,0.01,0,4,127,0,1
1,Priya,human,21,Sat,1,3,hook,1,1,107,286,202,9,0,0,16,62,0,0,0.11,0,5,157,0,1
1,Priya,human,21,Sat,1,4,hook,1,1,107,368,263,12,1,29,23,75,0,0,0.08,0,4,181,0,1
1,Priya,human,21,Sat,1,5,hook,1,1,100,436,303,13,0,0,30,103,0,0,0.02,1,5,172,0,1
1,Priya,human,21,Sat,1,6,hook,1,1,93,494,363,15,0,0,19,104,0,0,0.07,0,3,183,0,1
1,Priya,human,21,Sat,1,7,demo,1,0,76,526,369,47,5,165,11,54,0,1,0.77,1,4,144,0,1
1,Priya,human,21,Sat,1,8,demo,1,0,69,555,396,36,5,205,9,51,0,1,0.67,0,3,167,0,1
1,Priya,human,21,Sat,1,9,demo,1,0,75,576,420,38,3,107,13,60,0,1,0.77,0,6,180,0,1
1,Priya,human,21,Sat,1,10,demo,1,0,68,589,436,45,4,116,14,50,0,1,0.6,0,6,139,0,1
1,Priya,human,21,Sat,1,11,price,1,0,141,678,486,44,5,145,16,64,0,1,0.08,1,6,160,0,2.04
1,Priya,human,21,Sat,1,12,cta,1,0,160,756,544,57,13,457,10,75,0,0,0.11,0,3,133,0,2.04
1,Priya,human,21,Sat,1,13,fomo,1,0,144,842,603,33,4,136,23,76,0,0,0.1,0,3,162,1,2.04
1,Priya,human,21,Sat,1,14,fomo,1,0,146,912,655,48,11,339,15,61,0,0,0.02,0,3,188,2,2.04
1,Priya,human,21,Sat,1,15,qna,1,0,162,1006,725,30,4,136,45,112,6,0,0.15,0,4,148,0,2.04
1,Priya,human,21,Sat,1,16,qna,1,0,123,1057,752,24,1,29,45,123,6,0,0,0,7,179,0,2.04
1,Priya,human,21,Sat,1,17,filler,1,0,142,1048,768,26,3,87,7,99,0,1,0.08,0,2,175,0,2.04
1,Priya,human,21,Sat,1,18,hook,2,0,161,1097,798,37,4,116,19,92,0,0,0.13,0,4,183,0,2.04
1,Priya,human,21,Sat,1,19,hook,2,0,133,1125,822,37,1,29,17,99,0,1,0.12,0,3,163,0,2.04
1,Priya,human,21,Sat,1,20,build,2,0,165,1164,806,39,7,263,15,93,0,0,0.32,0,4,183,0,2.04
1,Priya,human,21,Sat,1,21,build,2,0,158,1216,870,54,5,165,19,121,0,1,0.31,0,3,153,0,2.04
1,Priya,human,21,Sat,1,22,build,2,0,143,1230,878,53,6,194,27,123,0,1,0.28,0,3,188,0,2.04
1,Priya,human,21,Sat,1,23,demo,2,0,134,1257,922,96,8,232,18,99,0,1,0.74,0,5,123,0,2.04
1,Priya,human,21,Sat,1,24,demo,2,0,141,1302,932,95,14,506,22,120,0,1,0.71,0,2,177,0,2.04
1,Priya,human,21,Sat,1,25,demo,2,0,126,1300,950,81,4,136,26,145,0,1,0.54,0,7,163,0,2.04
1,Priya,human,21,Sat,1,26,price,2,0,155,1333,965,94,13,477,23,127,0,1,0.11,0,5,151,0,2.04
1,Priya,human,21,Sat,1,27,cta,2,0,140,1333,966,84,10,310,20,102,0,0,0.15,1,5,150,0,2.04
1,Priya,human,21,Sat,1,28,cta,2,0,153,1341,997,79,11,419,19,117,0,0,0.13,1,7,128,0,2.04
1,Priya,human,21,Sat,1,29,fomo,2,0,146,1380,983,63,5,165,26,128,0,0,0.04,0,5,145,1,2.04
1,Priya,human,21,Sat,1,30,fomo,2,0,172,1430,1048,52,12,428,28,132,0,0,0.01,0,6,152,2,2.04
1,Priya,human,21,Sat,1,31,qna,2,0,134,1465,1067,43,8,272,47,173,6,0,0.13,0,2,184,0,2.04
1,Priya,human,21,Sat,1,32,qna,2,0,120,1481,1058,40,8,272,52,171,6,0,0.1,0,4,121,0,2.04
1,Priya,human,21,Sat,1,33,hook,3,0,124,1450,1058,38,2,78,25,120,0,0,0.1,0,3,173,0,2.04
1,Priya,human,21,Sat,1,34,hook,3,0,144,1449,1050,41,2,78,30,129,0,0,0.12,0,5,147,0,2.04
1,Priya,human,21,Sat,1,35,build,3,0,151,1431,1022,69,5,145,20,114,0,1,0.25,0,3,160,0,2.04
1,Priya,human,21,Sat,1,36,build,3,0,131,1388,975,50,7,203,26,123,0,1,0.36,0,7,143,0,2.04
1,Priya,human,21,Sat,1,37,build,3,0,145,1360,1028,70,5,185,19,89,0,1,0.26,0,5,148,0,2.04
1,Priya,human,21,Sat,1,38,demo,3,0,140,1380,1013,90,11,359,31,126,0,1,0.64,0,7,189,0,2.04
1,Priya,human,21,Sat,1,39,demo,3,0,137,1406,999,100,7,243,31,110,0,1,0.59,0,4,174,0,2.04
1,Priya,human,21,Sat,1,40,demo,3,0,152,1434,1024,95,13,477,22,140,0,1,0.59,0,3,180,0,2.04
1,Priya,human,21,Sat,1,41,price,3,0,148,1443,1053,61,8,232,36,127,0,0,0.05,1,2,145,0,2.04
1,Priya,human,21,Sat,1,42,cta,3,0,153,1442,1012,89,12,348,20,137,0,0,0.03,1,6,172,0,2.04
1,Priya,human,21,Sat,1,43,fomo,3,0,142,1473,1080,63,5,185,25,121,0,0,0.04,0,4,167,1,2.04
1,Priya,human,21,Sat,1,44,fomo,3,0,116,1459,1077,73,8,312,28,128,0,0,0.12,1,2,162,2,2.04
1,Priya,human,21,Sat,1,45,qna,3,0,161,1536,1118,55,8,232,52,183,6,1,0.03,0,2,165,0,2.04
1,Priya,human,21,Sat,1,46,qna,3,0,163,1575,1124,43,4,116,66,189,6,0,0.1,0,4,155,0,2.04
1,Priya,human,21,Sat,1,47,hook,4,0,133,1546,1113,37,4,116,22,147,0,0,0.11,0,2,179,0,2.04
1,Priya,human,21,Sat,1,48,build,4,0,134,1526,1104,48,7,283,23,146,0,0,0.22,0,7,156,0,2.04
1,Priya,human,21,Sat,1,49,build,4,0,155,1501,1062,54,6,214,25,158,0,0,0.3,0,7,186,0,2.04
1,Priya,human,21,Sat,1,50,build,4,0,146,1467,1053,59,3,87,23,136,0,1,0.19,0,5,144,0,2.04
1,Priya,human,21,Sat,1,51,demo,4,0,143,1481,1064,106,12,428,19,119,0,1,0.83,0,5,179,0,2.04
1,Priya,human,21,Sat,1,52,demo,4,0,139,1498,1069,110,6,194,32,148,0,1,0.63,0,4,122,0,2.04
1,Priya,human,21,Sat,1,53,demo,4,0,131,1485,1054,107,9,301,29,147,0,1,0.77,0,5,141,0,2.04
1,Priya,human,21,Sat,1,54,price,4,0,126,1491,1086,105,15,535,20,148,0,1,0.05,1,4,123,0,2.04
1,Priya,human,21,Sat,1,55,cta,4,0,137,1445,982,74,13,477,16,157,0,0,0.07,1,4,182,0,2.04
1,Priya,human,21,Sat,1,56,cta,4,0,143,1416,1002,78,19,691,16,134,0,0,0.01,0,4,165,0,2.04
1,Priya,human,21,Sat,1,57,fomo,4,0,143,1435,1036,80,9,321,22,123,0,1,0.03,0,7,185,1,2.04
1,Priya,human,21,Sat,1,58,fomo,4,0,139,1455,1040,69,7,243,23,129,0,0,0.12,0,5,173,2,2.04
1,Priya,human,21,Sat,1,59,qna,4,0,147,1483,1057,56,10,370,68,181,6,1,0.04,0,7,151,0,2.04
1,Priya,human,21,Sat,1,60,qna,4,0,138,1490,1112,51,4,136,43,195,6,1,0.01,0,2,165,0,2.04
1,Priya,human,21,Sat,1,61,qna,4,0,120,1507,1082,37,6,174,54,179,6,0,0.04,0,7,150,0,2.04
1,Priya,human,21,Sat,1,62,qna,4,0,130,1522,1113,58,7,203,51,177,6,0,0.12,1,6,190,0,2.04
1,Priya,human,21,Sat,1,63,dead,4,0,139,1368,976,17,0,0,8,118,0,0,0.03,0,2,20,0,2.04
1,Priya,human,21,Sat,1,64,hook,5,0,154,1386,1000,41,1,29,25,109,0,0,0.1,0,5,180,0,2.04
1,Priya,human,21,Sat,1,65,hook,5,0,139,1398,1006,30,3,87,29,156,0,0,0.06,0,7,125,0,2.04
1,Priya,human,21,Sat,1,66,build,5,0,126,1375,1022,53,5,165,24,131,0,0,0.21,0,6,160,0,2.04
1,Priya,human,21,Sat,1,67,build,5,0,118,1328,930,53,5,145,23,113,0,1,0.38,0,2,147,0,2.04
1,Priya,human,21,Sat,1,68,build,5,0,141,1338,947,62,8,252,22,113,0,1,0.26,0,5,179,0,2.04
1,Priya,human,21,Sat,1,69,demo,5,0,139,1363,984,91,10,330,30,119,0,1,0.67,0,4,138,0,2.04
1,Priya,human,21,Sat,1,70,demo,5,0,153,1385,984,95,8,272,23,130,0,1,0.77,0,7,166,0,2.04
1,Priya,human,21,Sat,1,71,demo,5,0,131,1401,995,74,14,426,26,135,0,1,0.7,0,3,155,0,2.04
1,Priya,human,21,Sat,1,72,demo,5,0,131,1424,1049,109,10,330,31,112,0,1,0.56,0,7,185,0,2.04
1,Priya,human,21,Sat,1,73,demo,5,0,136,1443,1036,102,11,339,32,134,0,1,0.62,0,2,173,0,2.04
1,Priya,human,21,Sat,1,74,price,5,0,133,1430,994,82,8,272,30,122,0,0,0.04,1,6,169,0,2.04
1,Priya,human,21,Sat,1,75,cta,5,0,130,1399,1015,59,11,379,13,123,0,0,0.05,0,3,144,0,2.04
1,Priya,human,21,Sat,1,76,fomo,5,0,113,1385,982,65,11,399,33,126,0,0,0.1,0,3,186,1,2.04
1,Priya,human,21,Sat,1,77,fomo,5,0,136,1417,1038,50,9,321,26,114,0,0,0.04,0,4,156,2,2.04
1,Priya,human,21,Sat,1,78,qna,5,0,124,1455,1027,57,7,203,47,185,6,1,0.14,0,6,125,0,2.04
1,Priya,human,21,Sat,1,79,qna,5,0,121,1478,1051,47,2,78,49,155,6,0,0.01,1,6,141,0,2.04
1,Priya,human,21,Sat,1,80,dead,5,0,135,1285,916,17,0,0,10,142,0,0,0.12,0,4,20,0,2.04
1,Priya,human,21,Sat,1,81,hook,6,0,131,1269,914,27,3,87,14,116,0,0,0.06,0,2,158,0,2.04
1,Priya,human,21,Sat,1,82,hook,6,0,126,1261,921,26,5,145,20,112,0,0,0.01,0,7,142,0,2.04
1,Priya,human,21,Sat,1,83,build,6,0,112,1236,886,55,6,234,17,116,0,1,0.38,0,3,154,0,2.04
1,Priya,human,21,Sat,1,84,build,6,0,132,1225,884,45,7,243,11,115,0,0,0.25,0,5,176,0,2.04
1,Priya,human,21,Sat,1,85,demo,6,0,118,1245,907,103,15,495,22,111,0,1,0.81,0,6,166,0,2.04
1,Priya,human,21,Sat,1,86,demo,6,0,123,1263,914,91,5,185,15,91,0,1,0.72,0,2,132,0,2.04
1,Priya,human,21,Sat,1,87,demo,6,0,143,1291,948,103,7,223,24,132,0,1,0.56,1,6,151,0,2.04
1,Priya,human,21,Sat,1,88,demo,6,0,143,1314,938,99,12,388,23,102,0,1,0.66,0,4,176,0,2.04
1,Priya,human,21,Sat,1,89,price,6,0,112,1301,928,100,10,350,26,104,0,1,0.15,1,5,189,0,2.04
1,Priya,human,21,Sat,1,90,cta,6,0,139,1281,910,113,22,678,26,141,0,1,0.1,1,3,132,0,2.04
1,Priya,human,21,Sat,1,91,cta,6,0,116,1270,909,60,8,312,25,119,0,0,0.01,1,3,146,0,2.04
1,Priya,human,21,Sat,1,92,fomo,6,0,121,1274,906,59,12,408,33,110,0,0,0.06,1,4,184,1,2.04
1,Priya,human,21,Sat,1,93,fomo,6,0,115,1263,898,70,9,341,27,111,0,1,0.09,0,5,188,2,2.04
1,Priya,human,21,Sat,1,94,qna,6,0,103,1274,923,33,6,234,43,143,6,0,0.13,0,4,162,0,2.04
1,Priya,human,21,Sat,1,95,qna,6,0,130,1308,937,34,6,194,46,143,6,0,0.05,0,6,176,0,2.04
1,Priya,human,21,Sat,1,96,filler,6,0,116,1219,867,23,0,0,13,124,0,0,0.06,0,4,139,0,2.04
1,Priya,human,21,Sat,1,97,hook,7,0,117,1235,865,30,1,29,21,112,0,1,0.14,0,6,185,0,2.04
1,Priya,human,21,Sat,1,98,hook,7,0,127,1238,910,34,1,29,21,122,0,0,0.12,0,4,171,0,2.04
1,Priya,human,21,Sat,1,99,build,7,0,122,1234,876,50,7,203,21,115,0,1,0.25,0,6,157,0,2.04
1,Priya,human,21,Sat,1,100,build,7,0,116,1221,865,62,7,223,21,107,0,0,0.33,1,5,154,0,2.04
1,Priya,human,21,Sat,1,101,build,7,0,142,1234,897,53,6,214,16,109,0,0,0.18,0,6,121,0,2.04
1,Priya,human,21,Sat,1,102,demo,7,0,97,1218,878,80,12,388,29,107,0,1,0.74,0,2,145,0,2.04
1,Priya,human,21,Sat,1,103,demo,7,0,136,1249,909,67,6,194,29,120,0,0,0.5,0,3,188,0,2.04
1,Priya,human,21,Sat,1,104,demo,7,0,120,1254,919,96,9,301,29,104,0,1,0.76,0,4,125,0,2.04
1,Priya,human,21,Sat,1,105,demo,7,0,130,1277,925,87,11,359,22,115,0,1,0.63,1,7,155,0,2.04
1,Priya,human,21,Sat,1,106,price,7,0,108,1246,882,63,8,272,20,112,0,0,0.14,0,4,175,0,2.04
1,Priya,human,21,Sat,1,107,cta,7,0,116,1216,861,90,13,397,14,94,0,1,0.01,1,5,140,0,2.04
1,Priya,human,21,Sat,1,108,fomo,7,0,122,1241,878,33,5,205,25,107,0,0,0.07,0,6,185,1,2.04
1,Priya,human,21,Sat,1,109,fomo,7,0,119,1244,869,70,8,252,23,99,0,1,0.09,0,6,148,2,2.04
1,Priya,human,21,Sat,1,110,qna,7,0,124,1277,918,32,3,87,50,158,6,0,0.07,0,6,131,0,2.04
1,Priya,human,21,Sat,1,111,qna,7,0,121,1328,963,50,5,145,49,149,6,1,0.01,1,3,137,0,2.04
1,Priya,human,21,Sat,1,112,qna,7,0,123,1359,994,40,6,254,52,150,6,0,0.11,0,4,173,0,2.04
1,Priya,human,21,Sat,1,113,hook,8,0,119,1344,982,44,5,165,20,125,0,0,0.03,0,4,157,0,2.04
1,Priya,human,21,Sat,1,114,build,8,0,109,1326,952,81,6,214,20,91,0,1,0.39,1,2,188,0,2.04
1,Priya,human,21,Sat,1,115,build,8,0,102,1260,888,55,8,292,13,99,0,1,0.22,0,4,130,0,2.04
1,Priya,human,21,Sat,1,116,demo,8,0,134,1287,946,94,12,368,25,114,0,1,0.68,0,3,150,0,2.04
1,Priya,human,21,Sat,1,117,demo,8,0,129,1300,927,87,9,281,17,123,0,0,0.66,1,4,144,0,2.04
1,Priya,human,21,Sat,1,118,demo,8,0,123,1312,941,83,14,426,32,111,0,1,0.67,0,2,149,0,2.04
1,Priya,human,21,Sat,1,119,demo,8,0,105,1294,922,90,7,303,22,114,0,1,0.53,0,7,139,0,2.04
1,Priya,human,21,Sat,1,120,demo,8,0,108,1270,930,99,10,370,25,105,0,1,0.65,1,3,179,0,2.04
2,Jules,human,19,Tue,1,1,hook,1,1,77,77,48,3,0,0,2,14,0,0,0.09,0,6,181,0,1
2,Jules,human,19,Tue,1,2,hook,1,1,59,128,90,2,0,0,5,28,0,0,0.12,0,2,166,0,1
2,Jules,human,19,Tue,1,3,hook,1,1,73,191,126,6,0,0,9,46,0,1,0.06,0,4,184,0,1
2,Jules,human,19,Tue,1,4,hook,1,1,60,234,166,5,0,0,7,46,0,0,0.1,0,3,122,0,1
2,Jules,human,19,Tue,1,5,hook,1,1,70,277,216,11,0,0,11,64,0,1,0.03,0,2,177,0,1
2,Jules,human,19,Tue,1,6,hook,1,1,53,299,220,7,1,29,11,76,0,0,0.14,0,5,151,0,1
2,Jules,human,19,Tue,1,7,demo,1,0,42,320,230,24,1,29,7,26,0,1,0.79,1,5,185,0,1
2,Jules,human,19,Tue,1,8,price,1,0,55,338,248,20,3,127,6,32,0,1,0.01,1,7,165,0,1
2,Jules,human,19,Tue,1,9,cta,1,0,49,361,269,16,3,87,5,28,0,0,0.13,1,4,133,0,1
2,Jules,human,19,Tue,1,10,fomo,1,0,60,394,293,11,1,49,8,32,0,0,0.14,0,5,156,1,1
2,Jules,human,19,Tue,1,11,fomo,1,0,83,451,326,30,6,174,12,53,0,1,0.07,0,7,187,2,1.87
2,Jules,human,19,Tue,1,12,qna,1,0,108,513,381,14,1,29,16,60,6,0,0.05,0,2,145,0,1.87
2,Jules,human,19,Tue,1,13,qna,1,0,93,558,397,23,4,136,25,69,6,1,0.11,0,6,139,0,1.87
2,Jules,human,19,Tue,1,14,hook,2,0,103,596,439,17,1,29,16,52,0,0,0.03,0,6,144,0,1.87
2,Jules,human,19,Tue,1,15,hook,2,0,93,638,468,18,0,0,14,57,0,0,0.12,0,5,152,0,1.87
2,Jules,human,19,Tue,1,16,build,2,0,81,651,483,18,0,0,6,66,0,0,0.31,0,3,147,0,1.87
2,Jules,human,19,Tue,1,17,build,2,0,106,694,509,44,5,165,13,78,0,1,0.33,0,6,137,0,1.87
2,Jules,human,19,Tue,1,18,demo,2,0,99,732,503,41,6,234,13,57,0,1,0.48,0,7,155,0,1.87
2,Jules,human,19,Tue,1,19,demo,2,0,92,763,533,51,4,156,13,64,0,1,0.65,0,3,144,0,1.87
2,Jules,human,19,Tue,1,20,demo,2,0,83,772,548,63,1,29,10,64,0,1,0.55,0,6,162,0,1.87
2,Jules,human,19,Tue,1,21,demo,2,0,92,798,579,53,4,136,14,75,0,0,0.85,0,5,168,0,1.87
2,Jules,human,19,Tue,1,22,price,2,0,95,819,590,66,12,388,10,89,0,1,0.07,1,3,157,0,1.87
2,Jules,human,19,Tue,1,23,cta,2,0,99,831,589,44,9,321,12,85,0,0,0.03,1,3,175,0,1.87
2,Jules,human,19,Tue,1,24,fomo,2,0,79,845,588,28,5,185,18,74,0,0,0.08,0,4,150,1,1.87
2,Jules,human,19,Tue,1,25,fomo,2,0,88,853,603,31,4,116,14,67,0,0,0.07,0,7,139,2,1.87
2,Jules,human,19,Tue,1,26,qna,2,0,100,887,661,33,5,165,23,121,6,1,0.02,0,3,137,0,1.87
2,Jules,human,19,Tue,1,27,qna,2,0,97,927,663,19,3,127,38,111,6,0,0.05,1,5,159,0,1.87
2,Jules,human,19,Tue,1,28,hook,3,0,88,929,670,11,1,49,15,81,0,0,0.01,0,4,189,0,1.87
2,Jules,human,19,Tue,1,29,hook,3,0,67,889,625,31,1,29,14,73,0,1,0.07,0,2,165,0,1.87
2,Jules,human,19,Tue,1,30,build,3,0,101,882,643,51,1,29,16,75,0,1,0.27,0,4,171,0,1.87
2,Jules,human,19,Tue,1,31,build,3,0,98,867,613,37,4,116,14,88,0,1,0.28,0,6,128,0,1.87
2,Jules,human,19,Tue,1,32,demo,3,0,84,898,656,56,4,156,12,76,0,1,0.68,0,2,179,0,1.87
2,Jules,human,19,Tue,1,33,demo,3,0,107,929,661,66,8,272,10,100,0,1,0.58,1,5,151,0,1.87
2,Jules,human,19,Tue,1,34,price,3,0,77,904,660,56,7,223,18,75,0,0,0.04,1,6,172,0,1.87
2,Jules,human,19,Tue,1,35,cta,3,0,97,901,649,67,9,321,17,85,0,0,0.07,0,3,139,0,1.87
2,Jules,human,19,Tue,1,36,fomo,3,0,91,916,653,36,5,205,19,80,0,0,0.01,0,7,144,1,1.87
2,Jules,human,19,Tue,1,37,fomo,3,0,99,949,677,32,9,261,17,82,0,0,0.01,0,5,186,2,1.87
2,Jules,human,19,Tue,1,38,qna,3,0,90,967,684,28,4,136,28,92,6,1,0.02,0,6,161,0,1.87
2,Jules,human,19,Tue,1,39,qna,3,0,85,976,705,25,2,58,33,117,6,0,0.08,0,4,139,0,1.87
2,Jules,human,19,Tue,1,40,qna,3,0,77,985,718,27,3,87,37,120,6,0,0,1,3,124,0,1.87
2,Jules,human,19,Tue,1,41,dead,3,0,71,852,601,11,0,0,7,68,0,0,0,0,3,20,0,1.87
2,Jules,human,19,Tue,1,42,hook,4,0,81,844,606,22,0,0,18,68,0,1,0.12,0,3,185,0,1.87
2,Jules,human,19,Tue,1,43,build,4,0,84,834,578,45,7,223,13,88,0,1,0.3,0,6,159,0,1.87
2,Jules,human,19,Tue,1,44,build,4,0,79,826,601,40,4,136,11,73,0,1,0.19,1,4,152,0,1.87
2,Jules,human,19,Tue,1,45,build,4,0,98,838,605,43,1,49,8,79,0,1,0.3,0,2,150,0,1.87
2,Jules,human,19,Tue,1,46,build,4,0,94,835,600,40,5,185,17,78,0,1,0.34,1,5,125,0,1.87
2,Jules,human,19,Tue,1,47,demo,4,0,87,844,629,66,6,194,19,73,0,1,0.58,0,7,168,0,1.87
2,Jules,human,19,Tue,1,48,demo,4,0,88,866,603,64,11,339,15,65,0,1,0.61,0,2,154,0,1.87
2,Jules,human,19,Tue,1,49,price,4,0,91,865,628,58,8,272,26,81,0,1,0.03,0,6,136,0,1.87
2,Jules,human,19,Tue,1,50,cta,4,0,89,857,615,58,9,261,11,75,0,0,0.09,1,3,161,0,1.87
2,Jules,human,19,Tue,1,51,cta,4,0,81,852,603,72,4,116,19,84,0,1,0.15,1,7,180,0,1.87
2,Jules,human,19,Tue,1,52,fomo,4,0,112,890,637,39,6,174,19,76,0,0,0.08,0,6,188,1,1.87
2,Jules,human,19,Tue,1,53,fomo,4,0,90,916,657,29,5,145,22,96,0,0,0.03,0,7,183,2,1.87
2,Jules,human,19,Tue,1,54,qna,4,0,81,932,680,29,4,136,37,110,6,0,0.1,0,6,188,0,1.87
2,Jules,human,19,Tue,1,55,hook,5,0,98,940,677,25,1,49,15,101,0,0,0.03,0,2,181,0,1.87
2,Jules,human,19,Tue,1,56,build,5,0,79,900,625,32,6,194,14,75,0,0,0.35,0,4,155,0,1.87
2,Jules,human,19,Tue,1,57,build,5,0,76,868,620,33,5,185,13,72,0,0,0.38,0,5,131,0,1.87
2,Jules,human,19,Tue,1,58,demo,5,0,70,852,630,51,8,252,15,66,0,0,0.5,0,4,183,0,1.87
2,Jules,human,19,Tue,1,59,demo,5,0,79,866,622,54,2,58,16,84,0,1,0.54,0,4,153,0,1.87
2,Jules,human,19,Tue,1,60,demo,5,0,94,895,676,62,7,283,16,77,0,1,0.57,0,2,175,0,1.87
2,Jules,human,19,Tue,1,61,price,5,0,70,869,635,69,7,223,14,92,0,1,0,1,2,132,0,1.87
2,Jules,human,19,Tue,1,62,cta,5,0,67,846,602,45,4,136,21,51,0,0,0.03,0,3,147,0,1.87
2,Jules,human,19,Tue,1,63,fomo,5,0,66,843,599,32,3,127,19,85,0,0,0,0,5,163,1,1.87
2,Jules,human,19,Tue,1,64,fomo,5,0,83,858,616,39,4,136,19,75,0,0,0.06,0,6,156,2,1.87
2,Jules,human,19,Tue,1,65,qna,5,0,78,881,612,27,2,78,24,94,6,0,0.14,0,4,133,0,1.87
2,Jules,human,19,Tue,1,66,hook,6,0,80,866,647,23,1,29,11,72,0,0,0.13,0,4,139,0,1.87
2,Jules,human,19,Tue,1,67,build,6,0,84,857,603,40,5,145,18,77,0,1,0.32,0,4,188,0,1.87
2,Jules,human,19,Tue,1,68,build,6,0,90,859,620,35,5,145,11,71,0,0,0.22,0,5,158,0,1.87
2,Jules,human,19,Tue,1,69,demo,6,0,76,858,620,60,9,321,8,62,0,1,0.5,0,5,182,0,1.87
2,Jules,human,19,Tue,1,70,demo,6,0,86,857,634,83,15,495,15,80,0,1,0.66,0,6,127,0,1.87
2,Jules,human,19,Tue,1,71,price,6,0,70,843,585,53,7,283,16,78,0,1,0.11,1,7,152,0,1.87
2,Jules,human,19,Tue,1,72,cta,6,0,77,828,603,46,10,310,19,74,0,0,0.04,0,3,170,0,1.87
2,Jules,human,19,Tue,1,73,fomo,6,0,70,839,623,41,6,174,18,80,0,0,0.06,0,4,149,1,1.87
2,Jules,human,19,Tue,1,74,fomo,6,0,77,828,581,29,4,156,17,61,0,0,0.09,0,7,185,2,1.87
2,Jules,human,19,Tue,1,75,qna,6,0,90,861,619,28,2,78,30,99,6,0,0.01,0,6,132,0,1.87
2,Jules,human,19,Tue,1,76,qna,6,0,80,870,622,28,3,87,29,89,6,0,0.07,0,2,143,0,1.87
2,Jules,human,19,Tue,1,77,hook,7,0,73,850,625,15,1,29,12,72,0,0,0.05,0,6,138,0,1.87
2,Jules,human,19,Tue,1,78,hook,7,0,98,860,632,21,2,58,13,74,0,0,0.02,0,2,133,0,1.87
2,Jules,human,19,Tue,1,79,build,7,0,81,834,596,35,3,127,18,86,0,1,0.21,0,2,184,0,1.87
2,Jules,human,19,Tue,1,80,build,7,0,72,799,568,25,3,87,14,69,0,0,0.4,0,6,169,0,1.87
2,Jules,human,19,Tue,1,81,build,7,0,74,783,587,30,5,165,13,69,0,1,0.26,0,4,146,0,1.87
2,Jules,human,19,Tue,1,82,build,7,0,89,771,564,46,6,174,13,80,0,1,0.22,0,6,150,0,1.87
2,Jules,human,19,Tue,1,83,demo,7,0,91,803,582,49,6,194,13,73,0,1,0.52,0,5,149,0,1.87
2,Jules,human,19,Tue,1,84,demo,7,0,78,812,573,50,7,223,7,79,0,1,0.78,0,6,148,0,1.87
2,Jules,human,19,Tue,1,85,demo,7,0,82,813,575,67,9,341,18,80,0,1,0.7,0,5,154,0,1.87
2,Jules,human,19,Tue,1,86,price,7,0,89,830,578,56,3,107,17,64,0,1,0.06,1,5,156,0,1.87
2,Jules,human,19,Tue,1,87,cta,7,0,70,811,599,46,11,399,7,80,0,0,0.01,0,5,142,0,1.87
2,Jules,human,19,Tue,1,88,fomo,7,0,78,820,587,35,1,49,23,77,0,0,0.1,0,7,189,1,1.87
2,Jules,human,19,Tue,1,89,fomo,7,0,79,824,618,28,2,78,16,75,0,0,0.1,0,6,152,2,1.87
2,Jules,human,19,Tue,1,90,qna,7,0,76,851,615,29,0,0,29,92,6,0,0.1,0,3,180,0,1.87
2,Jules,human,19,Tue,1,91,qna,7,0,70,854,622,27,0,0,30,105,6,0,0,0,5,147,0,1.87
2,Jules,human,19,Tue,1,92,qna,7,0,59,861,610,25,4,136,31,98,6,0,0.05,0,6,176,0,1.87
2,Jules,human,19,Tue,1,93,hook,8,0,61,838,581,19,2,58,10,83,0,0,0.07,0,2,181,0,1.87
2,Jules,human,19,Tue,1,94,build,8,0,79,828,577,24,4,136,17,84,0,0,0.22,0,5,120,0,1.87
2,Jules,human,19,Tue,1,95,build,8,0,65,791,581,36,5,165,16,65,0,0,0.38,1,5,157,0,1.87
2,Jules,human,19,Tue,1,96,build,8,0,87,794,571,50,10,310,14,73,0,1,0.37,1,4,129,0,1.87
2,Jules,human,19,Tue,1,97,build,8,0,90,805,584,38,3,127,15,65,0,1,0.19,1,7,162,0,1.87
2,Jules,human,19,Tue,1,98,demo,8,0,84,822,590,53,6,174,15,70,0,1,0.74,0,5,160,0,1.87
2,Jules,human,19,Tue,1,99,demo,8,0,65,822,594,66,6,214,11,72,0,1,0.72,0,3,126,0,1.87
2,Jules,human,19,Tue,1,100,demo,8,0,76,825,557,55,5,165,13,82,0,1,0.66,0,6,135,0,1.87
2,Jules,human,19,Tue,1,101,demo,8,0,90,846,606,68,7,223,14,73,0,1,0.65,0,5,189,0,1.87
2,Jules,human,19,Tue,1,102,price,8,0,79,843,572,58,7,223,23,66,0,1,0.1,1,4,187,0,1.87
2,Jules,human,19,Tue,1,103,cta,8,0,86,841,611,72,10,330,18,81,0,1,0.05,1,7,162,0,1.87
2,Jules,human,19,Tue,1,104,fomo,8,0,67,825,584,45,6,234,22,78,0,1,0.01,0,3,131,1,1.87
2,Jules,human,19,Tue,1,105,fomo,8,0,87,854,638,37,4,116,19,83,0,0,0.01,0,6,148,2,1.87
2,Jules,human,19,Tue,1,106,qna,8,0,98,891,644,37,6,214,24,92,6,0,0.11,0,5,147,0,1.87
2,Jules,human,19,Tue,1,107,filler,8,0,84,857,619,14,1,49,8,74,0,0,0.06,0,3,143,0,1.87
2,Jules,human,19,Tue,1,108,hook,9,0,82,851,587,18,2,78,13,92,0,0,0.11,0,4,127,0,1.87
2,Jules,human,19,Tue,1,109,hook,9,0,74,854,604,15,1,29,21,79,0,0,0.06,0,5,154,0,1.87
2,Jules,human,19,Tue,1,110,build,9,0,64,833,590,34,4,136,12,82,0,1,0.34,0,6,167,0,1.87
2,Jules,human,19,Tue,1,111,build,9,0,76,817,577,36,2,58,11,88,0,1,0.34,0,2,144,0,1.87
2,Jules,human,19,Tue,1,112,demo,9,0,82,841,600,56,11,379,15,83,0,1,0.52,0,3,122,0,1.87
2,Jules,human,19,Tue,1,113,demo,9,0,92,851,607,57,5,145,14,90,0,1,0.77,0,3,185,0,1.87
2,Jules,human,19,Tue,1,114,demo,9,0,48,827,608,55,10,330,19,80,0,1,0.54,0,6,132,0,1.87
2,Jules,human,19,Tue,1,115,demo,9,0,65,815,585,59,4,156,15,77,0,1,0.7,0,4,181,0,1.87
2,Jules,human,19,Tue,1,116,price,9,0,71,806,542,37,5,165,16,72,0,1,0.04,1,6,180,0,1.87
2,Jules,human,19,Tue,1,117,cta,9,0,77,805,568,42,8,312,15,68,0,0,0.1,1,3,142,0,1.87
2,Jules,human,19,Tue,1,118,fomo,9,0,82,821,597,37,3,107,20,81,0,0,0.01,0,3,179,1,1.87
2,Jules,human,19,Tue,1,119,fomo,9,0,62,806,574,36,4,136,9,78,0,0,0.03,0,3,124,2,1.87
2,Jules,human,19,Tue,1,120,qna,9,0,69,816,578,18,3,107,35,82,6,0,0.06,0,3,122,0,1.87
3,Jules,human,21,Sun,1,1,hook,1,1,97,97,69,4,0,0,2,23,0,1,0.15,0,4,152,0,1
3,Jules,human,21,Sun,1,2,hook,1,1,106,192,136,7,1,29,14,44,0,1,0.01,0,6,123,0,1
3,Jules,human,21,Sun,1,3,hook,1,1,88,261,190,6,0,0,14,71,0,0,0.04,0,5,162,0,1
3,Jules,human,21,Sun,1,4,hook,1,1,94,325,254,9,1,49,24,89,0,0,0.03,0,4,166,0,1
3,Jules,human,21,Sun,1,5,hook,1,1,105,405,302,12,0,0,21,95,0,0,0.08,0,5,136,0,1
3,Jules,human,21,Sun,1,6,hook,1,1,112,481,341,13,0,0,35,115,0,0,0.06,0,5,125,0,1
3,Jules,human,21,Sun,1,7,price,1,0,63,496,389,31,4,136,11,49,0,0,0.05,1,7,140,0,1
3,Jules,human,21,Sun,1,8,cta,1,0,68,506,352,38,3,127,8,42,0,1,0.08,1,5,189,0,1
3,Jules,human,21,Sun,1,9,cta,1,0,79,540,382,42,7,203,6,47,0,1,0.02,1,7,152,0,1
3,Jules,human,21,Sun,1,10,fomo,1,0,57,565,385,24,2,58,10,48,0,0,0.08,1,5,172,1,1
3,Jules,human,21,Sun,1,11,fomo,1,0,163,683,509,31,5,185,12,79,0,1,0.12,0,5,150,2,2.08
3,Jules,human,21,Sun,1,12,qna,1,0,162,797,570,16,1,29,29,107,6,0,0.03,1,3,163,0,2.08
3,Jules,human,21,Sun,1,13,hook,2,0,140,864,634,26,1,29,19,90,0,0,0.06,0,4,156,0,2.08
3,Jules,human,21,Sun,1,14,build,2,0,134,880,620,36,3,127,14,92,0,1,0.21,0,4,154,0,2.08
3,Jules,human,21,Sun,1,15,build,2,0,140,939,680,33,8,272,12,81,0,0,0.18,0,4,137,0,2.08
3,Jules,human,21,Sun,1,16,demo,2,0,150,987,716,67,5,145,17,94,0,1,0.78,0,4,175,0,2.08
3,Jules,human,21,Sun,1,17,demo,2,0,136,1042,740,71,7,283,17,89,0,1,0.67,0,5,157,0,2.08
3,Jules,human,21,Sun,1,18,demo,2,0,127,1060,740,65,8,272,21,97,0,1,0.46,0,4,157,0,2.08
3,Jules,human,21,Sun,1,19,demo,2,0,157,1112,797,67,9,301,11,127,0,1,0.71,0,7,161,0,2.08
3,Jules,human,21,Sun,1,20,price,2,0,149,1154,802,56,11,339,28,122,0,0,0.01,1,6,144,0,2.08
3,Jules,human,21,Sun,1,21,cta,2,0,150,1176,828,90,20,700,25,118,0,1,0.04,1,5,177,0,2.08
3,Jules,human,21,Sun,1,22,cta,2,0,138,1179,872,85,15,495,16,116,0,0,0.03,1,5,146,0,2.08
3,Jules,human,21,Sun,1,23,fomo,2,0,153,1218,882,45,9,321,27,111,0,0,0.14,0,7,156,1,2.08
3,Jules,human,21,Sun,1,24,fomo,2,0,145,1258,905,67,13,417,15,129,0,0,0.1,0,6,140,2,2.08
3,Jules,human,21,Sun,1,25,qna,2,0,135,1293,919,62,5,165,52,135,6,0,0.1,1,4,129,0,2.08
3,Jules,human,21,Sun,1,26,qna,2,0,150,1354,993,41,2,58,42,149,6,0,0.03,0,4,121,0,2.08
3,Jules,human,21,Sun,1,27,hook,3,0,145,1372,999,45,4,116,25,128,0,0,0.14,0,4,168,0,2.08
3,Jules,human,21,Sun,1,28,build,3,0,154,1362,1006,73,4,116,19,122,0,1,0.34,0,4,128,0,2.08
3,Jules,human,21,Sun,1,29,build,3,0,161,1369,1003,61,5,165,21,118,0,1,0.22,0,3,166,0,2.08
3,Jules,human,21,Sun,1,30,build,3,0,151,1368,992,47,3,107,26,104,0,0,0.28,0,5,155,0,2.08
3,Jules,human,21,Sun,1,31,demo,3,0,129,1393,1024,99,8,252,19,104,0,1,0.56,0,2,140,0,2.08
3,Jules,human,21,Sun,1,32,demo,3,0,121,1413,1013,81,11,379,25,154,0,0,0.74,0,3,123,0,2.08
3,Jules,human,21,Sun,1,33,price,3,0,157,1419,1015,89,6,194,19,127,0,1,0.04,1,3,131,0,2.08
3,Jules,human,21,Sun,1,34,cta,3,0,160,1418,999,86,16,524,26,109,0,0,0.02,1,4,158,0,2.08
3,Jules,human,21,Sun,1,35,cta,3,0,152,1421,1031,120,18,582,22,136,0,1,0.02,1,4,173,0,2.08
3,Jules,human,21,Sun,1,36,fomo,3,0,119,1418,1041,87,14,466,20,161,0,1,0.01,1,6,123,1,2.08
3,Jules,human,21,Sun,1,37,fomo,3,0,128,1420,1025,64,13,417,27,137,0,0,0.06,0,5,141,2,2.08
3,Jules,human,21,Sun,1,38,qna,3,0,156,1466,1068,33,4,136,42,187,6,0,0.12,0,5,147,0,2.08
3,Jules,human,21,Sun,1,39,qna,3,0,137,1507,1133,51,4,116,46,169,6,0,0,0,3,151,0,2.08
3,Jules,human,21,Sun,1,40,filler,3,0,131,1405,1008,34,1,29,17,131,0,0,0.05,0,4,189,0,2.08
3,Jules,human,21,Sun,1,41,hook,4,0,129,1381,983,33,0,0,27,118,0,0,0.01,0,4,184,0,2.08
3,Jules,human,21,Sun,1,42,build,4,0,142,1380,1023,74,13,477,21,105,0,1,0.29,0,5,135,0,2.08
3,Jules,human,21,Sun,1,43,build,4,0,144,1376,1004,56,3,87,21,133,0,0,0.21,0,5,143,0,2.08
3,Jules,human,21,Sun,1,44,build,4,0,130,1344,958,50,3,127,19,111,0,0,0.21,0,6,177,0,2.08
3,Jules,human,21,Sun,1,45,demo,4,0,124,1339,967,78,10,330,25,118,0,0,0.67,1,6,157,0,2.08
3,Jules,human,21,Sun,1,46,demo,4,0,125,1337,998,94,12,388,26,122,0,1,0.48,0,5,190,0,2.08
3,Jules,human,21,Sun,1,47,demo,4,0,147,1350,991,101,14,426,20,126,0,1,0.72,0,7,188,0,2.08
3,Jules,human,21,Sun,1,48,demo,4,0,153,1382,997,87,8,292,29,124,0,1,0.52,1,5,179,0,2.08
3,Jules,human,21,Sun,1,49,price,4,0,139,1388,989,61,11,379,20,122,0,0,0.14,0,6,145,0,2.08
3,Jules,human,21,Sun,1,50,cta,4,0,119,1366,983,82,17,553,14,128,0,0,0.06,0,4,138,0,2.08
3,Jules,human,21,Sun,1,51,cta,4,0,129,1350,982,116,20,660,15,139,0,1,0.05,1,4,183,0,2.08
3,Jules,human,21,Sun,1,52,fomo,4,0,143,1376,951,79,13,437,22,119,0,1,0.09,0,4,181,1,2.08
3,Jules,human,21,Sun,1,53,fomo,4,0,149,1422,1036,57,6,254,26,136,0,0,0.15,0,4,175,2,2.08
3,Jules,human,21,Sun,1,54,qna,4,0,137,1467,1079,44,5,165,48,162,6,0,0.09,0,3,128,0,2.08
3,Jules,human,21,Sun,1,55,hook,5,0,119,1440,1013,49,4,116,24,136,0,0,0.11,0,6,165,0,2.08
3,Jules,human,21,Sun,1,56,build,5,0,147,1421,1004,68,11,339,11,131,0,1,0.17,0,3,125,0,2.08
3,Jules,human,21,Sun,1,57,build,5,0,146,1427,980,52,9,261,25,115,0,0,0.18,0,3,154,0,2.08
3,Jules,human,21,Sun,1,58,build,5,0,122,1385,980,44,3,107,30,126,0,0,0.33,0,5,141,0,2.08
3,Jules,human,21,Sun,1,59,demo,5,0,140,1425,1004,79,8,272,19,121,0,0,0.75,0,5,151,0,2.08
3,Jules,human,21,Sun,1,60,demo,5,0,133,1445,1062,102,10,370,22,127,0,1,0.55,0,6,152,0,2.08
3,Jules,human,21,Sun,1,61,demo,5,0,112,1418,1018,119,15,515,27,131,0,1,0.82,1,3,174,0,2.08
3,Jules,human,21,Sun,1,62,price,5,0,125,1415,1025,76,9,281,23,126,0,0,0.13,1,5,137,0,2.08
3,Jules,human,21,Sun,1,63,cta,5,0,107,1356,1000,104,17,613,25,126,0,1,0.03,1,6,155,0,2.08
3,Jules,human,21,Sun,1,64,fomo,5,0,142,1387,956,53,5,145,28,128,0,0,0.1,0,6,164,1,2.08
3,Jules,human,21,Sun,1,65,fomo,5,0,131,1409,1038,70,11,399,16,140,0,1,0.03,0,6,134,2,2.08
3,Jules,human,21,Sun,1,66,fomo,5,0,129,1415,1008,56,5,165,26,143,0,0,0.1,0,3,174,3,2.08
3,Jules,human,21,Sun,1,67,qna,5,0,128,1429,1053,50,5,165,51,182,6,0,0.04,1,5,126,0,2.08
3,Jules,human,21,Sun,1,68,qna,5,0,123,1447,1041,44,2,58,42,161,6,0,0.13,0,6,157,0,2.08
3,Jules,human,21,Sun,1,69,qna,5,0,152,1498,1077,49,5,145,45,161,6,0,0.12,0,3,172,0,2.08
3,Jules,human,21,Sun,1,70,filler,5,0,132,1411,1005,31,1,49,14,119,0,0,0.08,0,6,124,0,2.08
3,Jules,human,21,Sun,1,71,hook,6,0,141,1416,1006,57,1,29,31,133,0,1,0.12,1,6,121,0,2.08
3,Jules,human,21,Sun,1,72,hook,6,0,131,1431,1053,42,4,116,18,134,0,0,0.05,0,4,147,0,2.08
3,Jules,human,21,Sun,1,73,build,6,0,143,1420,1056,66,11,379,15,125,0,1,0.15,0,3,184,0,2.08
3,Jules,human,21,Sun,1,74,build,6,0,130,1408,999,71,10,370,22,124,0,1,0.29,0,5,168,0,2.08
3,Jules,human,21,Sun,1,75,build,6,0,139,1396,1015,53,6,194,17,97,0,1,0.19,0,5,151,0,2.08
3,Jules,human,21,Sun,1,76,build,6,0,125,1354,979,61,6,234,24,122,0,1,0.25,0,6,154,0,2.08
3,Jules,human,21,Sun,1,77,demo,6,0,113,1346,970,94,7,243,28,119,0,1,0.46,0,4,189,0,2.08
3,Jules,human,21,Sun,1,78,demo,6,0,127,1358,992,103,10,290,24,119,0,1,0.8,0,2,135,0,2.08
3,Jules,human,21,Sun,1,79,demo,6,0,129,1366,984,98,9,321,22,136,0,1,0.74,0,6,128,0,2.08
3,Jules,human,21,Sun,1,80,price,6,0,129,1363,984,96,6,214,29,119,0,1,0.1,1,5,175,0,2.08
3,Jules,human,21,Sun,1,81,cta,6,0,139,1365,959,75,11,419,13,131,0,0,0.04,1,3,174,0,2.08
3,Jules,human,21,Sun,1,82,cta,6,0,117,1315,945,84,10,310,15,125,0,0,0.03,1,3,148,0,2.08
3,Jules,human,21,Sun,1,83,fomo,6,0,128,1314,967,55,8,252,24,120,0,0,0.02,0,4,127,1,2.08
3,Jules,human,21,Sun,1,84,fomo,6,0,110,1307,947,57,10,290,31,107,0,0,0.09,0,5,170,2,2.08
3,Jules,human,21,Sun,1,85,qna,6,0,128,1344,973,34,4,156,42,165,6,0,0.09,0,4,125,0,2.08
3,Jules,human,21,Sun,1,86,hook,7,0,141,1359,962,33,1,29,27,96,0,0,0.01,0,4,169,0,2.08
3,Jules,human,21,Sun,1,87,hook,7,0,126,1329,951,42,2,58,23,112,0,0,0.12,0,4,167,0,2.08
3,Jules,human,21,Sun,1,88,build,7,0,116,1286,922,49,5,165,22,111,0,1,0.3,0,5,167,0,2.08
3,Jules,human,21,Sun,1,89,build,7,0,111,1252,871,48,5,165,15,109,0,0,0.22,0,6,156,0,2.08
3,Jules,human,21,Sun,1,90,build,7,0,110,1212,865,35,4,176,29,103,0,0,0.4,0,3,174,0,2.08
3,Jules,human,21,Sun,1,91,build,7,0,132,1210,891,49,5,165,29,108,0,1,0.17,0,7,137,0,2.08
3,Jules,human,21,Sun,1,92,demo,7,0,127,1230,890,80,8,252,24,101,0,1,0.84,0,2,168,0,2.08
3,Jules,human,21,Sun,1,93,demo,7,0,116,1244,884,76,8,272,24,111,0,1,0.58,0,7,169,0,2.08
3,Jules,human,21,Sun,1,94,demo,7,0,141,1277,941,70,6,174,23,112,0,1,0.64,0,3,156,0,2.08
3,Jules,human,21,Sun,1,95,demo,7,0,114,1275,921,87,9,301,19,118,0,1,0.5,0,6,134,0,2.08
3,Jules,human,21,Sun,1,96,price,7,0,125,1247,907,88,13,457,23,110,0,1,0.11,1,5,136,0,2.08
3,Jules,human,21,Sun,1,97,cta,7,0,128,1230,903,85,18,602,27,93,0,1,0.12,0,5,161,0,2.08
3,Jules,human,21,Sun,1,98,fomo,7,0,117,1253,894,42,5,165,31,101,0,0,0.03,0,5,123,1,2.08
3,Jules,human,21,Sun,1,99,fomo,7,0,120,1278,935,65,13,437,28,118,0,0,0.04,1,3,138,2,2.08
3,Jules,human,21,Sun,1,100,fomo,7,0,120,1290,927,77,5,165,22,110,0,0,0.14,1,6,165,3,2.08
3,Jules,human,21,Sun,1,101,qna,7,0,122,1315,954,28,1,29,46,157,6,0,0,0,6,165,0,2.08
3,Jules,human,21,Sun,1,102,qna,7,0,107,1341,967,40,3,87,58,144,6,1,0.03,0,4,183,0,2.08
3,Jules,human,21,Sun,1,103,hook,8,0,125,1327,959,41,0,0,26,119,0,0,0.04,0,4,176,0,2.08
3,Jules,human,21,Sun,1,104,build,8,0,142,1322,962,65,9,321,23,135,0,0,0.37,0,5,152,0,2.08
3,Jules,human,21,Sun,1,105,build,8,0,113,1298,915,64,9,361,21,118,0,1,0.38,0,4,143,0,2.08
3,Jules,human,21,Sun,1,106,demo,8,0,127,1307,910,92,7,243,23,134,0,1,0.81,0,3,158,0,2.08
3,Jules,human,21,Sun,1,107,demo,8,0,129,1329,953,105,12,388,21,123,0,1,0.76,0,4,184,0,2.08
3,Jules,human,21,Sun,1,108,demo,8,0,117,1339,996,81,6,214,24,135,0,1,0.49,0,5,150,0,2.08
3,Jules,human,21,Sun,1,109,demo,8,0,118,1336,950,91,17,553,32,105,0,1,0.78,0,7,171,0,2.08
3,Jules,human,21,Sun,1,110,price,8,0,134,1337,966,82,7,243,25,116,0,0,0.02,1,4,160,0,2.08
3,Jules,human,21,Sun,1,111,cta,8,0,127,1321,954,94,10,330,12,122,0,1,0.06,0,3,139,0,2.08
3,Jules,human,21,Sun,1,112,cta,8,0,112,1280,904,85,12,408,23,110,0,0,0.05,0,4,167,0,2.08
3,Jules,human,21,Sun,1,113,fomo,8,0,114,1281,898,56,10,330,25,123,0,0,0.14,0,6,179,1,2.08
3,Jules,human,21,Sun,1,114,fomo,8,0,102,1275,903,63,3,107,29,122,0,0,0.08,1,4,188,2,2.08
3,Jules,human,21,Sun,1,115,qna,8,0,134,1319,940,41,4,176,54,137,6,0,0.02,0,4,135,0,2.08
3,Jules,human,21,Sun,1,116,qna,8,0,127,1329,945,36,3,87,56,160,6,0,0.14,0,4,131,0,2.08
3,Jules,human,21,Sun,1,117,hook,9,0,107,1283,937,28,5,185,22,131,0,0,0.12,0,5,148,0,2.08
3,Jules,human,21,Sun,1,118,hook,9,0,112,1265,910,26,2,58,23,94,0,0,0.02,0,4,126,0,2.08
3,Jules,human,21,Sun,1,119,build,9,0,125,1265,912,72,5,145,18,111,0,1,0.18,0,6,173,0,2.08
3,Jules,human,21,Sun,1,120,build,9,0,126,1233,905,53,2,58,25,107,0,1,0.26,0,3,134,0,2.08
4,Priya,human,19,Sun,1,1,hook,1,1,93,93,66,0,0,0,3,28,0,0,0.14,0,5,168,0,1
4,Priya,human,19,Sun,1,2,hook,1,1,114,196,147,2,0,0,11,55,0,0,0.01,1,6,145,0,1
4,Priya,human,19,Sun,1,3,hook,1,1,88,266,189,10,0,0,7,66,0,0,0,0,4,147,0,1
4,Priya,human,19,Sun,1,4,hook,1,1,98,343,257,16,1,29,20,89,0,1,0.02,0,6,145,0,1
4,Priya,human,19,Sun,1,5,hook,1,1,100,409,305,13,0,0,18,96,0,0,0.13,0,6,182,0,1
4,Priya,human,19,Sun,1,6,hook,1,1,84,456,340,15,0,0,18,89,0,0,0.1,0,3,153,0,1
4,Priya,human,19,Sun,1,7,demo,1,0,67,492,354,29,4,116,10,44,0,1,0.66,0,5,121,0,1
4,Priya,human,19,Sun,1,8,demo,1,0,56,508,363,41,5,145,14,52,0,1,0.5,0,4,130,0,1
4,Priya,human,19,Sun,1,9,price,1,0,58,515,370,37,6,214,12,62,0,1,0.09,1,3,189,0,1
4,Priya,human,19,Sun,1,10,cta,1,0,64,521,348,32,3,87,4,52,0,1,0.04,0,5,148,0,1
4,Priya,human,19,Sun,1,11,cta,1,0,127,591,433,51,10,350,10,54,0,1,0.07,1,2,147,0,2.13
4,Priya,human,19,Sun,1,12,fomo,1,0,149,690,490,33,6,174,13,62,0,0,0.02,1,2,158,1,2.13
4,Priya,human,19,Sun,1,13,fomo,1,0,130,754,550,28,7,223,11,70,0,0,0.04,0,4,164,2,2.13
4,Priya,human,19,Sun,1,14,qna,1,0,154,860,644,29,2,98,30,100,6,0,0.09,0,6,169,0,2.13
4,Priya,human,19,Sun,1,15,qna,1,0,141,947,675,14,0,0,29,112,6,0,0.13,0,3,175,0,2.13
4,Priya,human,19,Sun,1,16,filler,1,0,159,960,690,28,1,29,13,94,0,0,0.09,0,6,167,0,2.13
4,Priya,human,19,Sun,1,17,hook,2,0,135,1001,733,40,1,49,19,87,0,0,0.1,1,6,143,0,2.13
4,Priya,human,19,Sun,1,18,hook,2,0,162,1073,760,28,0,0,25,107,0,0,0.04,0,5,174,0,2.13
4,Priya,human,19,Sun,1,19,build,2,0,142,1089,732,53,7,283,22,96,0,1,0.18,0,5,133,0,2.13
4,Priya,human,19,Sun,1,20,build,2,0,141,1121,814,44,7,223,18,112,0,0,0.19,0,2,162,0,2.13
4,Priya,human,19,Sun,1,21,demo,2,0,137,1165,826,85,10,350,17,93,0,1,0.81,0,4,168,0,2.13
4,Priya,human,19,Sun,1,22,demo,2,0,141,1196,861,72,11,359,25,108,0,1,0.68,0,4,134,0,2.13
4,Priya,human,19,Sun,1,23,demo,2,0,141,1235,874,75,6,214,25,113,0,1,0.73,0,7,135,0,2.13
4,Priya,human,19,Sun,1,24,demo,2,0,148,1282,922,75,9,281,25,103,0,1,0.58,0,5,168,0,2.13
4,Priya,human,19,Sun,1,25,price,2,0,165,1322,973,74,12,408,25,117,0,0,0.14,1,7,180,0,2.13
4,Priya,human,19,Sun,1,26,cta,2,0,153,1323,959,101,21,669,13,123,0,1,0,1,3,158,0,2.13
4,Priya,human,19,Sun,1,27,cta,2,0,140,1322,942,81,10,350,18,120,0,0,0.08,1,6,143,0,2.13
4,Priya,human,19,Sun,1,28,fomo,2,0,138,1357,969,65,11,379,28,124,0,0,0.07,0,3,136,1,2.13
4,Priya,human,19,Sun,1,29,fomo,2,0,127,1400,1003,61,13,377,22,110,0,0,0.04,0,6,177,2,2.13
4,Priya,human,19,Sun,1,30,qna,2,0,137,1417,1015,47,5,185,53,151,6,0,0.13,0,4,126,0,2.13
4,Priya,human,19,Sun,1,31,qna,2,0,152,1483,1076,58,5,165,53,155,6,0,0.09,1,4,188,0,2.13
4,Priya,human,19,Sun,1,32,qna,2,0,137,1515,1070,54,6,214,47,191,6,1,0.06,0,3,123,0,2.13
4,Priya,human,19,Sun,1,33,qna,2,0,155,1558,1106,51,4,116,59,195,6,1,0.08,0,3,185,0,2.13
4,Priya,human,19,Sun,1,34,filler,2,0,106,1411,1017,33,1,29,15,119,0,0,0.12,1,3,136,0,2.13
4,Priya,human,19,Sun,1,35,dead,2,0,137,1283,899,15,1,29,14,110,0,0,0.02,0,3,20,0,2.13
4,Priya,human,19,Sun,1,36,hook,3,0,136,1295,936,40,1,29,28,132,0,0,0.1,0,3,135,0,2.13
4,Priya,human,19,Sun,1,37,build,3,0,157,1305,961,67,8,312,15,108,0,1,0.37,0,7,153,0,2.13
4,Priya,human,19,Sun,1,38,build,3,0,144,1309,923,75,9,281,17,98,0,1,0.19,0,3,120,0,2.13
4,Priya,human,19,Sun,1,39,demo,3,0,159,1350,972,101,11,399,21,128,0,1,0.83,0,6,138,0,2.13
4,Priya,human,19,Sun,1,40,demo,3,0,134,1358,986,104,10,350,21,135,0,1,0.64,0,4,142,0,2.13
4,Priya,human,19,Sun,1,41,demo,3,0,147,1388,1026,93,13,377,23,130,0,1,0.55,0,6,168,0,2.13
4,Priya,human,19,Sun,1,42,demo,3,0,142,1419,1011,93,17,493,33,145,0,1,0.76,0,5,159,0,2.13
4,Priya,human,19,Sun,1,43,price,3,0,137,1414,1025,91,15,515,29,102,0,1,0.11,1,5,139,0,2.13
4,Priya,human,19,Sun,1,44,cta,3,0,159,1425,1027,88,15,535,20,126,0,0,0.05,1,4,131,0,2.13
4,Priya,human,19,Sun,1,45,cta,3,0,138,1421,1058,98,12,388,17,113,0,0,0.13,1,3,181,0,2.13
4,Priya,human,19,Sun,1,46,fomo,3,0,149,1435,1020,67,19,571,25,124,0,0,0.14,0,4,158,1,2.13
4,Priya,human,19,Sun,1,47,fomo,3,0,140,1457,1078,72,10,410,35,140,0,0,0.11,0,6,158,2,2.13
4,Priya,human,19,Sun,1,48,qna,3,0,135,1478,1063,34,6,174,56,156,6,0,0.01,0,4,162,0,2.13
4,Priya,human,19,Sun,1,49,qna,3,0,138,1521,1073,57,7,243,54,181,6,0,0.1,0,2,177,0,2.13
4,Priya,human,19,Sun,1,50,hook,4,0,164,1524,1098,51,4,136,24,143,0,0,0.04,0,6,172,0,2.13
4,Priya,human,19,Sun,1,51,hook,4,0,149,1535,1080,47,3,87,29,150,0,0,0.15,0,5,123,0,2.13
4,Priya,human,19,Sun,1,52,build,4,0,128,1479,1039,67,4,116,27,123,0,1,0.28,0,5,166,0,2.13
4,Priya,human,19,Sun,1,53,build,4,0,105,1433,1051,53,6,194,19,149,0,0,0.37,0,3,178,0,2.13
4,Priya,human,19,Sun,1,54,build,4,0,136,1421,1029,61,7,263,24,119,0,1,0.33,0,5,169,0,2.13
4,Priya,human,19,Sun,1,55,demo,4,0,145,1442,1051,104,15,495,18,137,0,1,0.5,0,3,147,0,2.13
4,Priya,human,19,Sun,1,56,demo,4,0,120,1446,1056,127,14,466,17,153,0,1,0.83,1,6,168,0,2.13
4,Priya,human,19,Sun,1,57,demo,4,0,140,1445,1057,82,11,399,23,127,0,1,0.47,0,5,182,0,2.13
4,Priya,human,19,Sun,1,58,price,4,0,141,1441,1050,97,15,475,25,132,0,1,0.09,0,5,167,0,2.13
4,Priya,human,19,Sun,1,59,cta,4,0,128,1414,1006,74,12,448,27,128,0,0,0.02,0,3,189,0,2.13
4,Priya,human,19,Sun,1,60,fomo,4,0,143,1454,1021,66,8,272,26,132,0,0,0.07,0,5,151,1,2.13
4,Priya,human,19,Sun,1,61,fomo,4,0,149,1489,1082,55,13,497,26,165,0,0,0.14,0,6,183,2,2.13
4,Priya,human,19,Sun,1,62,fomo,4,0,127,1510,1089,67,6,214,31,148,0,0,0.04,0,2,142,3,2.13
4,Priya,human,19,Sun,1,63,qna,4,0,138,1533,1099,54,6,234,65,181,6,1,0.11,0,2,155,0,2.13
4,Priya,human,19,Sun,1,64,qna,4,0,105,1537,1081,35,3,107,51,182,6,0,0.08,0,6,171,0,2.13
4,Priya,human,19,Sun,1,65,qna,4,0,132,1544,1085,47,4,116,66,183,6,0,0.03,0,5,161,0,2.13
4,Priya,human,19,Sun,1,66,hook,5,0,135,1530,1109,43,4,116,35,128,0,0,0.07,0,4,152,0,2.13
4,Priya,human,19,Sun,1,67,build,5,0,146,1516,1076,65,4,176,27,143,0,1,0.34,0,7,179,0,2.13
4,Priya,human,19,Sun,1,68,build,5,0,150,1487,1040,61,3,107,27,115,0,0,0.36,0,3,128,0,2.13
4,Priya,human,19,Sun,1,69,build,5,0,118,1449,1071,69,5,165,16,121,0,1,0.31,0,6,188,0,2.13
4,Priya,human,19,Sun,1,70,demo,5,0,132,1453,1053,94,12,408,22,141,0,1,0.77,0,6,131,0,2.13
4,Priya,human,19,Sun,1,71,demo,5,0,147,1465,1064,103,11,339,29,148,0,1,0.62,0,2,135,0,2.13
4,Priya,human,19,Sun,1,72,demo,5,0,136,1449,1061,101,11,339,21,128,0,1,0.62,0,6,168,0,2.13
4,Priya,human,19,Sun,1,73,demo,5,0,129,1439,1031,104,7,223,33,137,0,1,0.64,0,7,149,0,2.13
4,Priya,human,19,Sun,1,74,demo,5,0,114,1426,1004,75,5,145,27,123,0,1,0.81,0,3,147,0,2.13
4,Priya,human,19,Sun,1,75,price,5,0,116,1394,986,50,8,232,29,124,0,0,0.14,0,4,154,0,2.13
4,Priya,human,19,Sun,1,76,cta,5,0,112,1357,984,100,14,406,9,113,0,1,0.02,1,5,145,0,2.13
4,Priya,human,19,Sun,1,77,cta,5,0,134,1334,998,74,13,417,22,137,0,0,0.07,1,3,169,0,2.13
4,Priya,human,19,Sun,1,78,fomo,5,0,127,1354,990,63,10,330,19,142,0,0,0.11,0,5,172,1,2.13
4,Priya,human,19,Sun,1,79,fomo,5,0,111,1348,973,51,7,203,38,117,0,0,0.06,0,3,137,2,2.13
4,Priya,human,19,Sun,1,80,qna,5,0,126,1384,983,56,3,107,51,149,6,1,0.05,0,5,137,0,2.13
4,Priya,human,19,Sun,1,81,qna,5,0,124,1406,1012,47,5,145,55,164,6,0,0.07,0,3,160,0,2.13
4,Priya,human,19,Sun,1,82,qna,5,0,117,1420,1000,45,2,58,46,175,6,0,0.13,0,6,188,0,2.13
4,Priya,human,19,Sun,1,83,qna,5,0,128,1461,1046,40,6,194,48,174,6,0,0.13,0,3,126,0,2.13
4,Priya,human,19,Sun,1,84,filler,5,0,126,1350,999,26,4,136,14,112,0,0,0.1,0,3,165,0,2.13
4,Priya,human,19,Sun,1,85,dead,5,0,136,1205,868,17,1,29,3,107,0,0,0.06,0,3,20,0,2.13
4,Priya,human,19,Sun,1,86,hook,6,0,133,1219,896,34,2,58,26,113,0,0,0.1,0,6,165,0,2.13
4,Priya,human,19,Sun,1,87,hook,6,0,148,1248,878,27,3,87,17,126,0,0,0.03,0,5,132,0,2.13
4,Priya,human,19,Sun,1,88,build,6,0,123,1244,888,55,5,165,19,115,0,0,0.3,0,5,184,0,2.13
4,Priya,human,19,Sun,1,89,build,6,0,109,1235,878,52,6,214,30,120,0,0,0.4,0,4,167,0,2.13
4,Priya,human,19,Sun,1,90,build,6,0,156,1251,914,56,8,272,23,114,0,1,0.3,0,7,140,0,2.13
4,Priya,human,19,Sun,1,91,demo,6,0,145,1272,938,97,14,426,19,121,0,1,0.51,0,6,157,0,2.13
4,Priya,human,19,Sun,1,92,demo,6,0,142,1313,931,79,3,107,22,125,0,0,0.55,1,3,163,0,2.13
4,Priya,human,19,Sun,1,93,demo,6,0,118,1305,944,87,11,339,28,110,0,1,0.53,0,6,132,0,2.13
4,Priya,human,19,Sun,1,94,demo,6,0,127,1311,932,116,13,437,22,142,0,1,0.54,1,7,129,0,2.13
4,Priya,human,19,Sun,1,95,price,6,0,111,1284,909,61,7,203,31,104,0,0,0.15,0,4,174,0,2.13
4,Priya,human,19,Sun,1,96,cta,6,0,142,1303,913,66,5,145,21,105,0,0,0.03,1,2,167,0,2.13
4,Priya,human,19,Sun,1,97,fomo,6,0,119,1321,968,55,9,321,24,123,0,0,0.08,0,2,122,1,2.13
4,Priya,human,19,Sun,1,98,fomo,6,0,117,1319,936,68,11,379,23,120,0,1,0.09,0,3,173,2,2.13
4,Priya,human,19,Sun,1,99,qna,6,0,115,1324,940,40,2,58,50,142,6,0,0.09,0,4,145,0,2.13
4,Priya,human,19,Sun,1,100,qna,6,0,127,1339,1000,49,5,185,38,159,6,1,0.06,0,2,179,0,2.13
4,Priya,human,19,Sun,1,101,filler,6,0,131,1290,914,27,1,29,9,103,0,0,0.13,0,2,167,0,2.13
4,Priya,human,19,Sun,1,102,hook,7,0,122,1297,939,42,2,58,18,121,0,0,0.12,1,7,178,0,2.13
4,Priya,human,19,Sun,1,103,build,7,0,127,1287,894,64,12,428,22,132,0,1,0.31,0,4,176,0,2.13
4,Priya,human,19,Sun,1,104,build,7,0,123,1254,891,62,7,223,12,108,0,1,0.32,0,3,123,0,2.13
4,Priya,human,19,Sun,1,105,build,7,0,136,1238,895,53,9,281,26,92,0,1,0.16,0,6,151,0,2.13
4,Priya,human,19,Sun,1,106,demo,7,0,139,1273,906,77,13,417,27,95,0,1,0.74,0,2,142,0,2.13
4,Priya,human,19,Sun,1,107,demo,7,0,106,1255,893,92,10,330,25,106,0,1,0.82,0,5,160,0,2.13
4,Priya,human,19,Sun,1,108,demo,7,0,119,1249,904,86,9,301,17,107,0,1,0.78,0,3,172,0,2.13
4,Priya,human,19,Sun,1,109,price,7,0,120,1249,907,84,15,495,24,127,0,1,0.12,1,5,181,0,2.13
4,Priya,human,19,Sun,1,110,cta,7,0,109,1219,873,110,15,475,23,108,0,1,0.09,1,5,187,0,2.13
4,Priya,human,19,Sun,1,111,fomo,7,0,133,1257,900,52,14,466,31,122,0,0,0.09,0,5,126,1,2.13
4,Priya,human,19,Sun,1,112,fomo,7,0,96,1251,876,61,5,165,33,112,0,0,0.14,0,6,122,2,2.13
4,Priya,human,19,Sun,1,113,qna,7,0,124,1279,921,45,5,165,44,147,6,0,0.06,0,4,151,0,2.13
4,Priya,human,19,Sun,1,114,qna,7,0,133,1316,930,47,7,243,29,143,6,0,0.09,1,5,136,0,2.13
4,Priya,human,19,Sun,1,115,qna,7,0,123,1339,970,44,4,136,52,155,6,0,0.08,0,4,120,0,2.13
4,Priya,human,19,Sun,1,116,filler,7,0,113,1258,902,21,1,49,13,117,0,0,0.06,0,4,122,0,2.13
4,Priya,human,19,Sun,1,117,hook,8,0,112,1223,906,37,3,127,22,123,0,0,0.15,0,5,147,0,2.13
4,Priya,human,19,Sun,1,118,hook,8,0,99,1183,865,37,2,58,20,121,0,0,0.05,0,4,148,0,2.13
4,Priya,human,19,Sun,1,119,build,8,0,100,1156,818,27,5,165,17,112,0,0,0.24,0,6,158,0,2.13
4,Priya,human,19,Sun,1,120,build,8,0,122,1174,833,45,4,156,20,105,0,1,0.21,0,4,149,0,2.13
5,Ren,human,21,Thu,1,1,hook,1,1,112,112,74,1,0,0,2,34,0,0,0.03,0,6,186,0,1
5,Ren,human,21,Thu,1,2,hook,1,1,91,192,139,4,0,0,9,37,0,0,0.03,0,6,145,0,1
5,Ren,human,21,Thu,1,3,hook,1,1,101,275,190,4,0,0,15,67,0,0,0,0,3,138,0,1
5,Ren,human,21,Thu,1,4,hook,1,1,96,335,228,12,0,0,11,77,0,0,0.04,0,7,146,0,1
5,Ren,human,21,Thu,1,5,hook,1,1,87,389,296,12,1,49,13,85,0,0,0.09,0,5,127,0,1
5,Ren,human,21,Thu,1,6,hook,1,1,111,462,331,16,0,0,19,113,0,1,0.12,0,5,150,0,1
5,Ren,human,21,Thu,1,7,demo,1,0,58,482,347,26,3,107,9,45,0,1,0.66,0,6,124,0,1
5,Ren,human,21,Thu,1,8,price,1,0,61,489,351,28,4,156,10,50,0,1,0.06,1,2,165,0,1
5,Ren,human,21,Thu,1,9,cta,1,0,84,516,385,39,7,223,11,53,0,0,0.13,1,6,152,0,1
5,Ren,human,21,Thu,1,10,cta,1,0,69,527,381,31,9,301,10,42,0,0,0.03,0,3,137,0,1
5,Ren,human,21,Thu,1,11,fomo,1,0,138,616,428,32,6,174,8,63,0,0,0.07,1,4,120,1,1.95
5,Ren,human,21,Thu,1,12,fomo,1,0,140,713,497,31,5,165,9,73,0,0,0.07,1,3,123,2,1.95
5,Ren,human,21,Thu,1,13,fomo,1,0,117,767,550,33,4,136,11,67,0,0,0.11,0,5,152,3,1.95
5,Ren,human,21,Thu,1,14,fomo,1,0,136,841,611,38,3,87,17,57,0,0,0.03,0,7,183,4,1.95
5,Ren,human,21,Thu,1,15,fomo,1,0,160,928,680,35,4,156,18,70,0,0,0,0,5,138,5,1.95
5,Ren,human,21,Thu,1,16,fomo,1,0,138,994,717,48,7,223,15,82,0,1,0.14,0,3,122,6,1.95
5,Ren,human,21,Thu,1,17,qna,1,0,147,1059,761,34,4,116,35,122,6,0,0.1,0,4,177,0,1.95
5,Ren,human,21,Thu,1,18,filler,1,0,148,1040,750,18,2,78,12,109,0,0,0.06,1,4,169,0,1.95
5,Ren,human,21,Thu,1,19,dead,1,0,173,998,725,17,1,29,12,77,0,0,0.03,0,3,20,0,1.95
5,Ren,human,21,Thu,1,20,hook,2,0,146,1047,758,28,2,58,21,87,0,0,0.07,1,4,124,0,1.95
5,Ren,human,21,Thu,1,21,hook,2,0,138,1073,767,30,4,156,16,98,0,1,0.02,0,5,178,0,1.95
5,Ren,human,21,Thu,1,22,build,2,0,155,1088,775,33,1,49,20,89,0,0,0.33,0,4,140,0,1.95
5,Ren,human,21,Thu,1,23,build,2,0,146,1114,795,64,4,116,26,108,0,1,0.25,1,5,166,0,1.95
5,Ren,human,21,Thu,1,24,build,2,0,144,1128,797,40,2,58,24,110,0,0,0.16,0,5,145,0,1.95
5,Ren,human,21,Thu,1,25,build,2,0,143,1163,836,47,3,107,23,110,0,1,0.4,0,6,125,0,1.95
5,Ren,human,21,Thu,1,26,demo,2,0,158,1223,857,74,4,136,25,125,0,1,0.53,0,6,146,0,1.95
5,Ren,human,21,Thu,1,27,demo,2,0,131,1231,897,89,6,174,19,115,0,1,0.78,0,6,127,0,1.95
5,Ren,human,21,Thu,1,28,demo,2,0,143,1267,915,99,10,370,21,122,0,1,0.81,0,5,142,0,1.95
5,Ren,human,21,Thu,1,29,price,2,0,160,1281,903,69,11,319,19,106,0,1,0.04,0,5,121,0,1.95
5,Ren,human,21,Thu,1,30,cta,2,0,150,1286,880,110,16,464,20,114,0,1,0.03,1,4,184,0,1.95
5,Ren,human,21,Thu,1,31,cta,2,0,140,1286,896,88,11,359,22,119,0,0,0.06,1,3,125,0,1.95
5,Ren,human,21,Thu,1,32,fomo,2,0,109,1298,931,63,7,223,27,103,0,0,0.11,1,5,166,1,1.95
5,Ren,human,21,Thu,1,33,fomo,2,0,131,1330,966,59,8,252,29,121,0,0,0.04,0,4,132,2,1.95
5,Ren,human,21,Thu,1,34,fomo,2,0,145,1371,982,33,4,136,29,113,0,0,0.03,0,7,184,3,1.95
5,Ren,human,21,Thu,1,35,fomo,2,0,124,1365,960,51,6,214,35,123,0,0,0.15,0,7,158,4,1.95
5,Ren,human,21,Thu,1,36,fomo,2,0,132,1380,972,67,3,107,26,119,0,1,0.11,0,4,150,5,1.95
5,Ren,human,21,Thu,1,37,fomo,2,0,128,1398,1010,62,4,136,30,105,0,0,0.15,0,5,127,6,1.95
5,Ren,human,21,Thu,1,38,qna,2,0,142,1450,1056,47,4,116,50,160,6,0,0.03,0,6,168,0,1.95
5,Ren,human,21,Thu,1,39,filler,2,0,120,1357,955,40,4,116,18,136,0,0,0.02,1,6,122,0,1.95
5,Ren,human,21,Thu,1,40,hook,3,0,127,1361,991,27,2,58,14,131,0,0,0.01,0,4,186,0,1.95
5,Ren,human,21,Thu,1,41,hook,3,0,157,1372,970,33,5,145,21,135,0,0,0.11,0,5,151,0,1.95
5,Ren,human,21,Thu,1,42,build,3,0,149,1363,1007,55,5,205,20,140,0,1,0.34,0,5,125,0,1.95
5,Ren,human,21,Thu,1,43,build,3,0,143,1349,980,70,5,165,18,138,0,1,0.23,0,5,145,0,1.95
5,Ren,human,21,Thu,1,44,build,3,0,150,1358,975,65,10,310,23,106,0,1,0.28,0,6,130,0,1.95
5,Ren,human,21,Thu,1,45,demo,3,0,133,1377,972,102,6,214,26,132,0,1,0.75,0,5,142,0,1.95
5,Ren,human,21,Thu,1,46,demo,3,0,126,1392,1017,85,13,437,20,107,0,1,0.68,0,5,165,0,1.95
5,Ren,human,21,Thu,1,47,demo,3,0,139,1405,1005,83,14,466,25,119,0,0,0.57,0,4,145,0,1.95
5,Ren,human,21,Thu,1,48,price,3,0,145,1411,1009,92,9,321,30,129,0,0,0.02,1,7,150,0,1.95
5,Ren,human,21,Thu,1,49,cta,3,0,134,1396,1005,103,24,736,20,121,0,1,0.09,0,2,151,0,1.95
5,Ren,human,21,Thu,1,50,fomo,3,0,141,1441,1041,62,6,214,27,135,0,0,0.02,0,3,156,1,1.95
5,Ren,human,21,Thu,1,51,fomo,3,0,130,1450,1058,67,5,145,24,132,0,0,0.11,0,5,133,2,1.95
5,Ren,human,21,Thu,1,52,fomo,3,0,130,1475,1076,69,5,165,31,143,0,0,0.12,0,6,164,3,1.95
5,Ren,human,21,Thu,1,53,fomo,3,0,126,1481,1061,79,7,243,26,130,0,0,0.09,0,6,166,4,1.95
5,Ren,human,21,Thu,1,54,fomo,3,0,111,1486,1070,65,0,0,32,144,0,0,0.02,0,2,160,5,1.95
5,Ren,human,21,Thu,1,55,fomo,3,0,120,1482,1054,60,4,136,34,132,0,0,0.11,0,6,121,6,1.95
5,Ren,human,21,Thu,1,56,qna,3,0,130,1505,1093,47,4,116,58,178,6,0,0.04,0,6,176,0,1.95
5,Ren,human,21,Thu,1,57,filler,3,0,103,1395,1011,16,1,29,14,128,0,0,0.02,0,4,125,0,1.95
5,Ren,human,21,Thu,1,58,hook,4,0,139,1384,1015,45,3,87,29,100,0,0,0.07,0,3,123,0,1.95
5,Ren,human,21,Thu,1,59,hook,4,0,125,1373,997,29,2,58,21,133,0,0,0.13,0,5,155,0,1.95
5,Ren,human,21,Thu,1,60,build,4,0,129,1378,993,51,7,223,20,127,0,1,0.33,0,3,175,0,1.95
5,Ren,human,21,Thu,1,61,build,4,0,131,1351,964,66,8,252,26,108,0,1,0.18,0,4,174,0,1.95
5,Ren,human,21,Thu,1,62,demo,4,0,120,1362,979,105,11,359,21,135,0,1,0.74,0,2,180,0,1.95
5,Ren,human,21,Thu,1,63,demo,4,0,136,1381,984,67,5,165,22,113,0,0,0.83,0,3,187,0,1.95
5,Ren,human,21,Thu,1,64,demo,4,0,123,1396,1013,87,14,466,24,115,0,1,0.76,0,5,185,0,1.95
5,Ren,human,21,Thu,1,65,price,4,0,107,1386,1000,81,13,437,26,136,0,0,0.14,1,4,136,0,1.95
5,Ren,human,21,Thu,1,66,cta,4,0,105,1348,960,100,14,426,15,111,0,0,0.12,1,5,125,0,1.95
5,Ren,human,21,Thu,1,67,fomo,4,0,119,1359,989,58,8,272,20,112,0,0,0.1,0,7,173,1,1.95
5,Ren,human,21,Thu,1,68,fomo,4,0,123,1398,1021,62,10,350,25,136,0,0,0.03,0,4,130,2,1.95
5,Ren,human,21,Thu,1,69,fomo,4,0,123,1420,1054,60,1,29,26,128,0,0,0,0,5,140,3,1.95
5,Ren,human,21,Thu,1,70,fomo,4,0,118,1425,1042,59,3,127,18,139,0,0,0.08,1,4,123,4,1.95
5,Ren,human,21,Thu,1,71,fomo,4,0,126,1440,1072,64,5,165,26,149,0,0,0.01,0,6,161,5,1.95
5,Ren,human,21,Thu,1,72,fomo,4,0,118,1439,1067,82,8,292,21,131,0,0,0.06,0,7,153,6,1.95
5,Ren,human,21,Thu,1,73,qna,4,0,127,1472,1067,42,7,243,55,165,6,1,0.09,0,6,153,0,1.95
5,Ren,human,21,Thu,1,74,qna,4,0,109,1477,1077,39,4,136,51,171,6,0,0.13,0,2,179,0,1.95
5,Ren,human,21,Thu,1,75,hook,5,0,128,1441,1027,40,3,87,38,146,0,0,0.1,0,3,179,0,1.95
5,Ren,human,21,Thu,1,76,build,5,0,132,1428,1018,72,12,348,22,130,0,1,0.31,0,4,167,0,1.95
5,Ren,human,21,Thu,1,77,build,5,0,129,1390,1007,66,10,330,20,112,0,1,0.18,0,4,147,0,1.95
5,Ren,human,21,Thu,1,78,build,5,0,118,1372,989,70,7,203,15,112,0,1,0.19,0,3,190,0,1.95
5,Ren,human,21,Thu,1,79,demo,5,0,106,1361,999,93,8,272,21,119,0,1,0.62,0,3,131,0,1.95
5,Ren,human,21,Thu,1,80,demo,5,0,126,1375,993,90,10,330,20,116,0,0,0.51,0,3,150,0,1.95
5,Ren,human,21,Thu,1,81,price,5,0,127,1375,969,88,10,350,25,143,0,1,0.11,1,3,132,0,1.95
5,Ren,human,21,Thu,1,82,cta,5,0,118,1359,969,102,17,573,20,122,0,1,0.11,1,3,183,0,1.95
5,Ren,human,21,Thu,1,83,fomo,5,0,100,1342,957,73,14,546,23,127,0,0,0.09,1,7,168,1,1.95
5,Ren,human,21,Thu,1,84,fomo,5,0,122,1353,989,74,5,185,26,116,0,0,0.04,1,3,167,2,1.95
5,Ren,human,21,Thu,1,85,fomo,5,0,126,1378,995,58,4,156,34,122,0,0,0.14,0,4,179,3,1.95
5,Ren,human,21,Thu,1,86,fomo,5,0,133,1408,1009,71,3,87,37,128,0,0,0.08,0,5,176,4,1.95
5,Ren,human,21,Thu,1,87,fomo,5,0,119,1404,1016,59,5,145,25,112,0,0,0.04,0,4,126,5,1.95
5,Ren,human,21,Thu,1,88,fomo,5,0,122,1419,1025,62,7,203,19,144,0,0,0.03,0,5,183,6,1.95
5,Ren,human,21,Thu,1,89,qna,5,0,125,1438,1069,42,5,165,39,146,6,0,0.13,0,3,125,0,1.95
5,Ren,human,21,Thu,1,90,qna,5,0,125,1451,1058,39,2,78,60,167,6,0,0.06,0,6,188,0,1.95
5,Ren,human,21,Thu,1,91,filler,5,0,111,1343,977,28,1,29,21,107,0,0,0.14,0,3,176,0,1.95
5,Ren,human,21,Thu,1,92,hook,6,0,97,1301,978,32,5,165,20,116,0,0,0.02,0,6,171,0,1.95
5,Ren,human,21,Thu,1,93,build,6,0,118,1278,910,58,4,136,20,131,0,1,0.34,0,5,144,0,1.95
5,Ren,human,21,Thu,1,94,build,6,0,96,1235,883,64,9,301,26,88,0,1,0.19,0,6,161,0,1.95
5,Ren,human,21,Thu,1,95,demo,6,0,116,1237,889,91,7,243,20,119,0,1,0.54,0,5,165,0,1.95
5,Ren,human,21,Thu,1,96,demo,6,0,105,1220,867,82,5,185,18,107,0,1,0.66,0,6,178,0,1.95
5,Ren,human,21,Thu,1,97,price,6,0,119,1220,855,48,8,272,17,119,0,0,0,0,7,187,0,1.95
5,Ren,human,21,Thu,1,98,cta,6,0,116,1207,867,84,15,495,23,107,0,0,0.12,1,5,182,0,1.95
5,Ren,human,21,Thu,1,99,cta,6,0,104,1173,834,87,22,738,23,101,0,0,0.05,1,2,123,0,1.95
5,Ren,human,21,Thu,1,100,fomo,6,0,136,1212,899,58,9,281,17,101,0,0,0.04,0,2,155,1,1.95
5,Ren,human,21,Thu,1,101,fomo,6,0,122,1240,886,46,11,339,35,116,0,0,0,0,6,143,2,1.95
5,Ren,human,21,Thu,1,102,fomo,6,0,133,1272,906,51,6,194,30,104,0,0,0.12,0,3,133,3,1.95
5,Ren,human,21,Thu,1,103,fomo,6,0,104,1268,892,51,6,174,25,123,0,0,0.13,0,5,135,4,1.95
5,Ren,human,21,Thu,1,104,qna,6,0,120,1285,923,37,5,185,56,157,6,0,0.11,0,7,132,0,1.95
5,Ren,human,21,Thu,1,105,dead,6,0,123,1170,830,15,0,0,14,107,0,0,0.01,0,7,20,0,1.95
5,Ren,human,21,Thu,1,106,hook,7,0,122,1170,846,50,3,87,21,101,0,0,0.05,1,5,138,0,1.95
5,Ren,human,21,Thu,1,107,hook,7,0,109,1171,837,33,3,87,17,100,0,0,0.09,1,6,160,0,1.95
5,Ren,human,21,Thu,1,108,build,7,0,114,1155,824,46,3,87,17,102,0,1,0.32,0,6,148,0,1.95
5,Ren,human,21,Thu,1,109,build,7,0,112,1151,849,50,2,78,21,93,0,1,0.31,0,6,163,0,1.95
5,Ren,human,21,Thu,1,110,build,7,0,113,1135,820,57,9,301,27,108,0,1,0.38,0,3,180,0,1.95
5,Ren,human,21,Thu,1,111,demo,7,0,110,1165,838,73,9,281,31,108,0,1,0.54,1,3,133,0,1.95
5,Ren,human,21,Thu,1,112,demo,7,0,113,1164,823,76,11,339,19,114,0,1,0.71,0,4,164,0,1.95
5,Ren,human,21,Thu,1,113,price,7,0,104,1140,816,70,7,243,16,114,0,1,0.1,0,7,157,0,1.95
5,Ren,human,21,Thu,1,114,cta,7,0,110,1122,839,91,16,484,18,105,0,0,0.08,1,3,131,0,1.95
5,Ren,human,21,Thu,1,115,cta,7,0,105,1091,790,81,12,448,16,89,0,1,0.11,0,6,131,0,1.95
5,Ren,human,21,Thu,1,116,fomo,7,0,104,1124,816,47,5,185,16,117,0,0,0.04,0,4,177,1,1.95
5,Ren,human,21,Thu,1,117,fomo,7,0,94,1122,821,79,10,350,23,102,0,1,0.14,1,5,157,2,1.95
5,Ren,human,21,Thu,1,118,fomo,7,0,114,1140,808,61,8,272,23,104,0,0,0.12,1,4,172,3,1.95
5,Ren,human,21,Thu,1,119,fomo,7,0,126,1170,827,54,2,78,30,100,0,0,0.09,0,3,159,4,1.95
5,Ren,human,21,Thu,1,120,fomo,7,0,109,1178,849,68,8,332,10,113,0,0,0.03,0,3,183,5,1.95
6,Ren,human,22,Mon,1,1,hook,1,1,79,79,54,1,0,0,4,14,0,1,0.02,0,2,188,0,1
6,Ren,human,22,Mon,1,2,hook,1,1,104,175,135,9,0,0,11,55,0,0,0.12,0,7,121,0,1
6,Ren,human,22,Mon,1,3,hook,1,1,74,231,172,6,1,29,9,42,0,0,0.01,0,6,166,0,1
6,Ren,human,22,Mon,1,4,hook,1,1,79,278,208,9,0,0,6,63,0,0,0.12,0,4,189,0,1
6,Ren,human,22,Mon,1,5,hook,1,1,75,325,243,13,0,0,17,75,0,0,0.04,1,7,128,0,1
6,Ren,human,22,Mon,1,6,hook,1,1,84,379,258,11,0,0,11,90,0,0,0.12,0,7,158,0,1
6,Ren,human,22,Mon,1,7,demo,1,0,68,411,289,24,2,78,3,36,0,0,0.65,0,5,154,0,1
6,Ren,human,22,Mon,1,8,price,1,0,60,424,294,24,3,107,5,39,0,1,0.03,1,2,145,0,1
6,Ren,human,22,Mon,1,9,cta,1,0,69,451,326,35,6,194,6,41,0,1,0.12,1,7,132,0,1
6,Ren,human,22,Mon,1,10,cta,1,0,43,439,310,24,4,136,10,41,0,0,0.07,1,4,188,0,1
6,Ren,human,22,Mon,1,11,fomo,1,0,114,508,360,20,5,205,14,36,0,0,0.14,0,6,152,1,1.89
6,Ren,human,22,Mon,1,12,fomo,1,0,115,584,426,29,5,145,13,56,0,0,0.04,0,6,134,2,1.89
6,Ren,human,22,Mon,1,13,fomo,1,0,123,661,506,34,2,78,16,47,0,1,0.04,0,5,178,3,1.89
6,Ren,human,22,Mon,1,14,fomo,1,0,118,715,498,31,4,156,9,57,0,0,0.11,0,5,133,4,1.89
6,Ren,human,22,Mon,1,15,fomo,1,0,118,785,569,44,1,29,14,66,0,1,0.04,0,7,122,5,1.89
6,Ren,human,22,Mon,1,16,fomo,1,0,104,836,602,38,4,116,20,76,0,0,0.04,0,4,131,6,1.89
6,Ren,human,22,Mon,1,17,fomo,1,0,110,878,632,35,5,165,5,85,0,0,0.12,0,3,161,7,1.89
6,Ren,human,22,Mon,1,18,qna,1,0,95,910,667,32,4,116,29,98,6,1,0.11,0,3,169,0,1.89
6,Ren,human,22,Mon,1,19,hook,2,0,116,939,684,26,2,58,22,86,0,0,0.1,0,4,142,0,1.89
6,Ren,human,22,Mon,1,20,build,2,0,112,962,669,54,4,136,14,100,0,1,0.4,0,4,137,0,1.89
6,Ren,human,22,Mon,1,21,build,2,0,84,950,692,37,3,107,11,95,0,0,0.2,0,2,152,0,1.89
6,Ren,human,22,Mon,1,22,build,2,0,107,967,689,35,2,58,12,88,0,0,0.21,0,5,189,0,1.89
6,Ren,human,22,Mon,1,23,demo,2,0,108,981,720,76,5,145,18,77,0,1,0.74,0,6,164,0,1.89
6,Ren,human,22,Mon,1,24,demo,2,0,103,994,711,74,7,203,17,87,0,0,0.84,0,3,186,0,1.89
6,Ren,human,22,Mon,1,25,price,2,0,131,1015,718,51,8,252,17,79,0,0,0.05,1,5,122,0,1.89
6,Ren,human,22,Mon,1,26,cta,2,0,94,977,699,50,8,252,10,70,0,0,0.13,0,5,172,0,1.89
6,Ren,human,22,Mon,1,27,cta,2,0,116,972,678,80,16,504,21,72,0,1,0.02,1,5,165,0,1.89
6,Ren,human,22,Mon,1,28,fomo,2,0,118,1004,736,53,9,261,17,90,0,0,0.08,0,2,134,1,1.89
6,Ren,human,22,Mon,1,29,fomo,2,0,101,1038,759,51,10,310,18,102,0,0,0.14,0,3,178,2,1.89
6,Ren,human,22,Mon,1,30,fomo,2,0,102,1058,761,42,1,29,19,97,0,0,0.03,0,7,126,3,1.89
6,Ren,human,22,Mon,1,31,fomo,2,0,104,1080,748,54,4,156,17,115,0,0,0.13,0,5,120,4,1.89
6,Ren,human,22,Mon,1,32,fomo,2,0,88,1068,770,49,4,116,24,109,0,0,0.08,0,7,124,5,1.89
6,Ren,human,22,Mon,1,33,fomo,2,0,99,1079,753,41,4,156,18,78,0,0,0.09,0,7,151,6,1.89
6,Ren,human,22,Mon,1,34,qna,2,0,96,1087,779,37,4,136,36,117,6,0,0.03,0,7,171,0,1.89
6,Ren,human,22,Mon,1,35,hook,3,0,106,1072,738,40,4,136,24,108,0,0,0.13,0,7,185,0,1.89
6,Ren,human,22,Mon,1,36,hook,3,0,110,1073,754,40,6,194,23,105,0,1,0.14,0,3,137,0,1.89
6,Ren,human,22,Mon,1,37,build,3,0,106,1065,754,43,2,58,20,90,0,1,0.21,0,4,183,0,1.89
6,Ren,human,22,Mon,1,38,build,3,0,124,1074,781,36,3,107,14,89,0,0,0.36,0,5,150,0,1.89
6,Ren,human,22,Mon,1,39,build,3,0,97,1057,751,29,5,145,13,84,0,0,0.25,0,6,179,0,1.89
6,Ren,human,22,Mon,1,40,demo,3,0,107,1071,757,63,4,156,15,93,0,1,0.66,0,4,167,0,1.89
6,Ren,human,22,Mon,1,41,demo,3,0,97,1063,801,65,9,321,18,91,0,1,0.64,0,6,185,0,1.89
6,Ren,human,22,Mon,1,42,demo,3,0,107,1069,783,76,6,214,22,91,0,1,0.65,0,2,148,0,1.89
6,Ren,human,22,Mon,1,43,price,3,0,114,1097,761,48,5,145,18,103,0,1,0.01,0,7,134,0,1.89
6,Ren,human,22,Mon,1,44,cta,3,0,127,1089,816,74,11,339,11,104,0,1,0,1,6,156,0,1.89
6,Ren,human,22,Mon,1,45,cta,3,0,111,1071,754,79,15,495,16,84,0,1,0.02,1,4,144,0,1.89
6,Ren,human,22,Mon,1,46,fomo,3,0,91,1076,776,55,6,194,20,98,0,0,0.03,0,6,153,1,1.89
6,Ren,human,22,Mon,1,47,fomo,3,0,98,1082,804,33,5,165,19,115,0,0,0.05,0,5,181,2,1.89
6,Ren,human,22,Mon,1,48,fomo,3,0,118,1089,776,62,8,252,20,97,0,0,0.02,0,3,152,3,1.89
6,Ren,human,22,Mon,1,49,fomo,3,0,97,1095,816,51,6,174,10,105,0,0,0.15,0,4,174,4,1.89
6,Ren,human,22,Mon,1,50,fomo,3,0,102,1091,824,51,6,214,25,95,0,0,0.15,0,3,189,5,1.89
6,Ren,human,22,Mon,1,51,fomo,3,0,111,1116,822,46,2,78,32,89,0,0,0.14,0,4,159,6,1.89
6,Ren,human,22,Mon,1,52,qna,3,0,95,1130,806,37,7,223,37,154,6,0,0.11,0,5,150,0,1.89
6,Ren,human,22,Mon,1,53,filler,3,0,86,1035,767,21,0,0,12,90,0,0,0.12,0,4,134,0,1.89
6,Ren,human,22,Mon,1,54,hook,4,0,98,1020,740,20,1,29,18,87,0,0,0.12,0,6,124,0,1.89
6,Ren,human,22,Mon,1,55,hook,4,0,110,1017,728,30,1,29,24,95,0,0,0.09,0,5,182,0,1.89
6,Ren,human,22,Mon,1,56,build,4,0,79,987,718,46,5,165,20,94,0,1,0.18,0,7,182,0,1.89
6,Ren,human,22,Mon,1,57,build,4,0,103,972,696,41,5,165,14,104,0,1,0.38,0,5,132,0,1.89
6,Ren,human,22,Mon,1,58,build,4,0,92,961,666,39,4,136,10,94,0,0,0.17,0,5,179,0,1.89
6,Ren,human,22,Mon,1,59,build,4,0,100,971,696,37,7,243,17,89,0,0,0.18,0,6,181,0,1.89
6,Ren,human,22,Mon,1,60,demo,4,0,100,987,705,80,8,312,21,89,0,1,0.57,0,4,137,0,1.89
6,Ren,human,22,Mon,1,61,demo,4,0,101,1000,743,75,8,292,20,102,0,1,0.83,0,3,145,0,1.89
6,Ren,human,22,Mon,1,62,price,4,0,94,976,701,47,7,223,25,98,0,0,0.11,1,7,189,0,1.89
6,Ren,human,22,Mon,1,63,cta,4,0,98,958,713,88,10,330,16,79,0,1,0.11,1,5,184,0,1.89
6,Ren,human,22,Mon,1,64,fomo,4,0,109,995,709,52,6,194,15,87,0,0,0.13,0,5,155,1,1.89
6,Ren,human,22,Mon,1,65,fomo,4,0,101,1021,749,48,12,408,21,97,0,1,0.12,0,6,183,2,1.89
6,Ren,human,22,Mon,1,66,fomo,4,0,81,1019,715,46,4,136,20,101,0,0,0.04,0,4,150,3,1.89
6,Ren,human,22,Mon,1,67,fomo,4,0,100,1040,746,46,5,165,24,90,0,0,0.06,0,5,120,4,1.89
6,Ren,human,22,Mon,1,68,fomo,4,0,106,1055,775,48,5,165,24,86,0,0,0.09,0,4,152,5,1.89
6,Ren,human,22,Mon,1,69,fomo,4,0,107,1077,804,63,6,194,29,106,0,0,0.01,0,2,178,6,1.89
6,Ren,human,22,Mon,1,70,qna,4,0,112,1110,795,43,3,87,45,138,6,1,0.05,0,5,135,0,1.89
6,Ren,human,22,Mon,1,71,hook,5,0,100,1096,795,44,4,116,13,87,0,0,0.15,1,3,130,0,1.89
6,Ren,human,22,Mon,1,72,hook,5,0,87,1083,780,25,3,107,22,101,0,0,0.09,0,3,121,0,1.89
6,Ren,human,22,Mon,1,73,build,5,0,89,1049,762,32,3,127,11,94,0,0,0.18,0,6,189,0,1.89
6,Ren,human,22,Mon,1,74,build,5,0,90,1014,706,42,6,174,20,106,0,0,0.19,0,4,173,0,1.89
6,Ren,human,22,Mon,1,75,build,5,0,99,1021,743,38,5,165,14,71,0,0,0.32,0,4,186,0,1.89
6,Ren,human,22,Mon,1,76,build,5,0,80,995,733,50,6,174,20,89,0,0,0.24,0,5,153,0,1.89
6,Ren,human,22,Mon,1,77,demo,5,0,119,1015,717,58,4,136,19,82,0,1,0.69,0,5,186,0,1.89
6,Ren,human,22,Mon,1,78,demo,5,0,93,1028,755,83,11,359,11,95,0,1,0.77,0,7,187,0,1.89
6,Ren,human,22,Mon,1,79,demo,5,0,92,1013,714,71,3,87,14,105,0,1,0.84,1,3,154,0,1.89
6,Ren,human,22,Mon,1,80,price,5,0,98,1008,732,54,7,203,29,80,0,0,0.05,1,3,180,0,1.89
6,Ren,human,22,Mon,1,81,cta,5,0,100,1003,729,75,11,339,13,95,0,1,0.12,0,3,135,0,1.89
6,Ren,human,22,Mon,1,82,cta,5,0,98,994,716,51,14,506,17,81,0,0,0.15,0,6,167,0,1.89
6,Ren,human,22,Mon,1,83,fomo,5,0,90,1011,722,34,3,87,16,85,0,0,0.04,0,4,125,1,1.89
6,Ren,human,22,Mon,1,84,fomo,5,0,101,1030,757,58,6,214,24,113,0,0,0.01,1,5,165,2,1.89
6,Ren,human,22,Mon,1,85,fomo,5,0,86,1031,725,39,1,29,21,95,0,0,0.04,0,7,163,3,1.89
6,Ren,human,22,Mon,1,86,fomo,5,0,79,1024,739,36,1,29,17,90,0,0,0.07,0,3,126,4,1.89
6,Ren,human,22,Mon,1,87,fomo,5,0,114,1059,753,52,6,214,23,95,0,0,0.07,0,3,163,5,1.89
6,Ren,human,22,Mon,1,88,fomo,5,0,82,1054,794,49,4,156,19,102,0,0,0.04,0,3,129,6,1.89
6,Ren,human,22,Mon,1,89,qna,5,0,97,1079,781,31,3,107,38,134,6,0,0.09,0,5,121,0,1.89
6,Ren,human,22,Mon,1,90,hook,6,0,87,1056,785,39,0,0,16,103,0,0,0.15,0,4,145,0,1.89
6,Ren,human,22,Mon,1,91,build,6,0,102,1052,751,55,4,116,23,103,0,1,0.25,0,6,143,0,1.89
6,Ren,human,22,Mon,1,92,build,6,0,106,1043,768,35,2,78,18,98,0,0,0.25,0,5,129,0,1.89
6,Ren,human,22,Mon,1,93,build,6,0,84,1007,731,43,6,194,12,116,0,0,0.32,0,6,186,0,1.89
6,Ren,human,22,Mon,1,94,demo,6,0,103,1015,720,82,8,252,18,89,0,1,0.74,0,4,153,0,1.89
6,Ren,human,22,Mon,1,95,demo,6,0,97,1040,760,68,14,446,11,99,0,1,0.74,0,6,166,0,1.89
6,Ren,human,22,Mon,1,96,price,6,0,93,1010,742,61,8,292,15,81,0,0,0.11,1,6,173,0,1.89
6,Ren,human,22,Mon,1,97,cta,6,0,88,980,740,89,12,388,12,75,0,1,0.07,1,3,174,0,1.89
6,Ren,human,22,Mon,1,98,cta,6,0,83,937,688,69,14,446,20,91,0,0,0.03,1,5,180,0,1.89
6,Ren,human,22,Mon,1,99,fomo,6,0,91,956,680,43,4,136,14,88,0,0,0.05,0,5,142,1,1.89
6,Ren,human,22,Mon,1,100,fomo,6,0,110,989,727,44,7,223,12,94,0,0,0.08,1,3,160,2,1.89
6,Ren,human,22,Mon,1,101,fomo,6,0,78,970,687,39,1,29,12,102,0,0,0.1,0,7,145,3,1.89
6,Ren,human,22,Mon,1,102,fomo,6,0,96,972,696,45,4,136,22,100,0,0,0.09,0,2,150,4,1.89
6,Ren,human,22,Mon,1,103,fomo,6,0,99,986,705,38,2,78,22,83,0,0,0.12,0,7,148,5,1.89
6,Ren,human,22,Mon,1,104,fomo,6,0,111,1001,717,43,3,107,18,71,0,0,0.1,0,5,140,6,1.89
6,Ren,human,22,Mon,1,105,qna,6,0,95,1017,754,32,5,145,44,134,6,0,0.1,0,5,143,0,1.89
6,Ren,human,22,Mon,1,106,qna,6,0,76,1017,725,31,5,205,34,133,6,0,0.11,0,6,181,0,1.89
6,Ren,human,22,Mon,1,107,hook,7,0,90,1003,743,40,0,0,14,93,0,1,0.06,0,3,180,0,1.89
6,Ren,human,22,Mon,1,108,build,7,0,90,998,724,43,5,165,15,89,0,1,0.24,0,4,140,0,1.89
6,Ren,human,22,Mon,1,109,build,7,0,95,1001,721,46,7,223,20,86,0,0,0.16,0,6,187,0,1.89
6,Ren,human,22,Mon,1,110,demo,7,0,70,998,692,75,7,223,24,78,0,1,0.84,0,3,130,0,1.89
6,Ren,human,22,Mon,1,111,demo,7,0,90,1007,703,56,6,174,19,76,0,1,0.79,0,6,163,0,1.89
6,Ren,human,22,Mon,1,112,price,7,0,87,1002,734,54,5,165,18,101,0,0,0.05,1,2,180,0,1.89
6,Ren,human,22,Mon,1,113,cta,7,0,87,974,700,56,6,214,17,92,0,0,0.07,1,5,184,0,1.89
6,Ren,human,22,Mon,1,114,fomo,7,0,97,991,695,42,6,194,18,86,0,0,0.02,0,6,122,1,1.89
6,Ren,human,22,Mon,1,115,fomo,7,0,80,999,722,62,9,301,21,107,0,1,0.08,1,3,177,2,1.89
6,Ren,human,22,Mon,1,116,fomo,7,0,93,1015,713,57,5,145,26,97,0,1,0.09,0,3,184,3,1.89
6,Ren,human,22,Mon,1,117,fomo,7,0,73,1015,729,36,3,87,35,94,0,0,0.04,0,5,132,4,1.89
6,Ren,human,22,Mon,1,118,fomo,7,0,82,1015,730,38,2,78,20,87,0,0,0.06,0,5,180,5,1.89
6,Ren,human,22,Mon,1,119,fomo,7,0,86,1020,721,50,3,87,22,93,0,0,0.06,0,3,176,6,1.89
6,Ren,human,22,Mon,1,120,qna,7,0,87,1038,748,33,3,107,38,132,6,1,0.11,0,3,146,0,1.89
7,Priya,human,19,Sun,0,1,hook,1,0,73,73,61,5,0,0,2,10,0,1,0.08,0,3,165,0,1
7,Priya,human,19,Sun,0,2,build,1,0,72,136,87,5,2,58,1,14,0,0,0.25,0,4,140,0,1
7,Priya,human,19,Sun,0,3,build,1,0,72,197,151,11,1,29,2,19,0,1,0.35,0,3,172,0,1
7,Priya,human,19,Sun,0,4,demo,1,0,63,241,170,21,2,78,4,22,0,1,0.6,0,5,160,0,1
7,Priya,human,19,Sun,0,5,demo,1,0,65,280,211,16,1,29,6,19,0,0,0.76,0,4,157,0,1
7,Priya,human,19,Sun,0,6,demo,1,0,74,325,226,11,1,49,6,24,0,1,0.58,0,5,139,0,1
7,Priya,human,19,Sun,0,7,demo,1,0,68,369,261,24,3,87,9,44,0,1,0.53,0,6,154,0,1
7,Priya,human,19,Sun,0,8,demo,1,0,60,402,295,39,5,145,6,42,0,1,0.66,1,4,174,0,1
7,Priya,human,19,Sun,0,9,price,1,0,60,425,310,15,2,58,12,29,0,0,0.06,1,6,180,0,1
7,Priya,human,19,Sun,0,10,cta,1,0,71,456,325,24,7,223,5,54,0,1,0.11,1,5,184,0,1
7,Priya,human,19,Sun,0,11,cta,1,0,82,489,355,29,4,136,5,42,0,0,0.14,1,3,138,0,1.32
7,Priya,human,19,Sun,0,12,fomo,1,0,65,507,382,28,4,116,10,41,0,0,0.05,0,5,127,1,1.32
7,Priya,human,19,Sun,0,13,fomo,1,0,78,545,379,30,3,127,6,54,0,0,0.02,0,5,122,2,1.32
7,Priya,human,19,Sun,0,14,qna,1,0,70,580,390,15,1,49,19,66,6,0,0.15,0,7,172,0,1.32
7,Priya,human,19,Sun,0,15,qna,1,0,81,613,431,17,2,78,17,76,6,0,0.06,0,3,152,0,1.32
7,Priya,human,19,Sun,0,16,hook,2,0,80,641,461,15,1,29,18,57,0,0,0.01,0,4,180,0,1.32
7,Priya,human,19,Sun,0,17,build,2,0,79,657,480,32,2,58,13,84,0,0,0.23,1,5,174,0,1.32
7,Priya,human,19,Sun,0,18,build,2,0,68,651,477,36,3,87,12,62,0,1,0.26,0,5,178,0,1.32
7,Priya,human,19,Sun,0,19,build,2,0,82,663,484,47,4,156,15,45,0,1,0.28,0,7,179,0,1.32
7,Priya,human,19,Sun,0,20,build,2,0,80,676,511,39,3,127,18,60,0,1,0.32,0,3,131,0,1.32
7,Priya,human,19,Sun,0,21,demo,2,0,80,688,509,36,2,58,12,57,0,0,0.67,0,5,180,0,1.32
7,Priya,human,19,Sun,0,22,demo,2,0,90,710,518,50,6,174,12,64,0,1,0.74,0,3,155,0,1.32
7,Priya,human,19,Sun,0,23,demo,2,0,85,719,527,51,5,145,21,57,0,1,0.84,0,2,149,0,1.32
7,Priya,human,19,Sun,0,24,demo,2,0,78,724,522,56,6,234,9,64,0,1,0.62,0,5,151,0,1.32
7,Priya,human,19,Sun,0,25,demo,2,0,71,721,525,35,6,174,15,74,0,0,0.63,0,6,132,0,1.32
7,Priya,human,19,Sun,0,26,price,2,0,74,723,524,39,7,223,9,62,0,1,0.1,1,6,168,0,1.32
7,Priya,human,19,Sun,0,27,cta,2,0,70,720,510,49,9,321,11,61,0,1,0.05,0,4,147,0,1.32
7,Priya,human,19,Sun,0,28,fomo,2,0,81,745,549,41,7,243,11,74,0,0,0.09,0,3,162,1,1.32
7,Priya,human,19,Sun,0,29,fomo,2,0,78,756,546,23,4,116,13,69,0,0,0.14,0,6,167,2,1.32
7,Priya,human,19,Sun,0,30,qna,2,0,60,755,551,16,0,0,33,93,6,0,0.14,0,3,170,0,1.32
7,Priya,human,19,Sun,0,31,qna,2,0,81,787,573,37,7,203,24,89,6,0,0.01,1,5,130,0,1.32
7,Priya,human,19,Sun,0,32,qna,2,0,69,799,562,18,3,87,31,102,6,0,0.02,0,6,170,0,1.32
7,Priya,human,19,Sun,0,33,qna,2,0,92,858,615,26,6,194,32,84,6,0,0.02,0,7,189,0,1.32
7,Priya,human,19,Sun,0,34,hook,3,0,85,882,631,18,2,78,13,70,0,0,0.06,1,2,181,0,1.32
7,Priya,human,19,Sun,0,35,hook,3,0,87,874,619,29,4,116,19,81,0,0,0.08,1,2,124,0,1.32
7,Priya,human,19,Sun,0,36,build,3,0,66,848,590,44,4,116,9,79,0,1,0.36,0,2,166,0,1.32
7,Priya,human,19,Sun,0,37,build,3,0,73,826,581,29,7,203,12,71,0,1,0.27,0,4,151,0,1.32
7,Priya,human,19,Sun,0,38,demo,3,0,72,819,589,42,5,145,21,76,0,0,0.57,0,6,158,0,1.32
7,Priya,human,19,Sun,0,39,demo,3,0,79,840,629,67,6,194,12,65,0,1,0.5,1,2,136,0,1.32
7,Priya,human,19,Sun,0,40,demo,3,0,90,853,597,46,5,165,27,82,0,1,0.79,0,5,130,0,1.32
7,Priya,human,19,Sun,0,41,demo,3,0,89,877,635,68,12,448,18,82,0,1,0.55,0,7,183,0,1.32
7,Priya,human,19,Sun,0,42,demo,3,0,89,890,612,61,6,194,17,90,0,1,0.69,0,6,174,0,1.32
7,Priya,human,19,Sun,0,43,price,3,0,74,876,620,64,12,388,15,69,0,1,0.13,1,5,178,0,1.32
7,Priya,human,19,Sun,0,44,cta,3,0,69,858,633,80,14,426,4,82,0,1,0.14,1,7,123,0,1.32
7,Priya,human,19,Sun,0,45,fomo,3,0,80,860,598,41,8,272,19,81,0,0,0.13,0,5,148,1,1.32
7,Priya,human,19,Sun,0,46,fomo,3,0,85,875,610,37,8,272,19,59,0,0,0.07,0,3,180,2,1.32
7,Priya,human,19,Sun,0,47,qna,3,0,83,905,623,23,1,29,39,78,6,0,0.06,0,6,184,0,1.32
7,Priya,human,19,Sun,0,48,qna,3,0,72,915,658,24,2,98,39,123,6,0,0.11,0,6,171,0,1.32
7,Priya,human,19,Sun,0,49,qna,3,0,56,910,652,29,3,87,18,124,6,0,0,0,3,153,0,1.32
7,Priya,human,19,Sun,0,50,qna,3,0,60,901,621,29,4,136,26,127,6,0,0.03,0,4,144,0,1.32
7,Priya,human,19,Sun,0,51,filler,3,0,75,836,594,5,0,0,9,60,0,0,0.07,0,3,149,0,1.32
7,Priya,human,19,Sun,0,52,hook,4,0,75,829,608,25,0,0,13,69,0,0,0.05,0,4,151,0,1.32
7,Priya,human,19,Sun,0,53,build,4,0,74,822,569,33,4,136,10,87,0,1,0.16,0,3,185,0,1.32
7,Priya,human,19,Sun,0,54,build,4,0,74,812,588,44,2,58,13,79,0,1,0.24,1,5,121,0,1.32
7,Priya,human,19,Sun,0,55,build,4,0,83,809,579,42,2,58,13,69,0,1,0.36,0,5,129,0,1.32
7,Priya,human,19,Sun,0,56,demo,4,0,80,818,598,55,8,312,21,78,0,1,0.79,0,5,126,0,1.32
7,Priya,human,19,Sun,0,57,demo,4,0,66,811,581,62,5,165,14,93,0,1,0.48,0,5,176,0,1.32
7,Priya,human,19,Sun,0,58,demo,4,0,88,826,601,69,9,281,16,86,0,1,0.55,0,6,179,0,1.32
7,Priya,human,19,Sun,0,59,demo,4,0,57,825,605,69,5,145,21,69,0,1,0.74,1,5,163,0,1.32
7,Priya,human,19,Sun,0,60,price,4,0,76,824,579,52,8,272,13,74,0,1,0.14,0,3,178,0,1.32
7,Priya,human,19,Sun,0,61,cta,4,0,65,786,571,73,8,292,16,54,0,1,0.04,1,5,159,0,1.32
7,Priya,human,19,Sun,0,62,cta,4,0,78,785,554,39,4,116,10,67,0,0,0.15,0,7,154,0,1.32
7,Priya,human,19,Sun,0,63,fomo,4,0,73,796,562,40,5,165,14,76,0,0,0.04,0,6,171,1,1.32
7,Priya,human,19,Sun,0,64,fomo,4,0,54,790,565,39,2,98,14,90,0,0,0.02,0,6,151,2,1.32
7,Priya,human,19,Sun,0,65,qna,4,0,77,807,579,19,1,49,26,109,6,0,0.14,1,4,122,0,1.32
7,Priya,human,19,Sun,0,66,qna,4,0,85,838,618,21,2,78,29,93,6,1,0.13,0,4,173,0,1.32
7,Priya,human,19,Sun,0,67,dead,4,0,70,713,523,17,3,87,5,70,0,1,0.07,0,4,20,0,1.32
7,Priya,human,19,Sun,0,68,hook,5,0,85,722,509,21,0,0,14,74,0,0,0.1,0,3,150,0,1.32
7,Priya,human,19,Sun,0,69,hook,5,0,58,701,482,24,0,0,15,62,0,0,0.02,0,3,186,0,1.32
7,Priya,human,19,Sun,0,70,build,5,0,60,675,466,22,3,107,6,57,0,0,0.33,0,3,171,0,1.32
7,Priya,human,19,Sun,0,71,build,5,0,71,672,450,27,1,29,16,50,0,1,0.17,0,6,148,0,1.32
7,Priya,human,19,Sun,0,72,demo,5,0,80,696,493,47,7,263,5,70,0,1,0.67,0,4,134,0,1.32
7,Priya,human,19,Sun,0,73,demo,5,0,78,706,506,47,2,58,12,51,0,1,0.62,0,6,181,0,1.32
7,Priya,human,19,Sun,0,74,demo,5,0,75,709,522,49,2,58,10,57,0,1,0.65,0,6,169,0,1.32
7,Priya,human,19,Sun,0,75,demo,5,0,83,719,524,55,7,203,13,59,0,1,0.71,0,3,124,0,1.32
7,Priya,human,19,Sun,0,76,price,5,0,66,721,513,36,8,232,9,58,0,0,0.15,1,3,139,0,1.32
7,Priya,human,19,Sun,0,77,cta,5,0,73,717,519,57,8,252,10,58,0,1,0.14,1,2,129,0,1.32
7,Priya,human,19,Sun,0,78,fomo,5,0,78,753,524,34,2,78,14,55,0,0,0.07,0,3,188,1,1.32
7,Priya,human,19,Sun,0,79,fomo,5,0,68,760,545,40,9,281,20,72,0,0,0.01,0,4,186,2,1.32
7,Priya,human,19,Sun,0,80,qna,5,0,61,761,526,27,6,254,24,87,6,0,0.12,0,4,151,0,1.32
7,Priya,human,19,Sun,0,81,qna,5,0,69,773,547,15,1,29,25,93,6,0,0.04,0,4,149,0,1.32
7,Priya,human,19,Sun,0,82,qna,5,0,70,787,573,32,5,145,29,87,6,0,0.03,0,4,143,0,1.32
7,Priya,human,19,Sun,0,83,filler,5,0,76,746,531,10,1,29,7,70,0,0,0.06,0,4,153,0,1.32
7,Priya,human,19,Sun,0,84,hook,6,0,53,713,510,18,3,107,7,52,0,0,0.03,0,7,134,0,1.32
7,Priya,human,19,Sun,0,85,hook,6,0,47,680,485,14,1,49,13,76,0,0,0.12,0,6,174,0,1.32
7,Priya,human,19,Sun,0,86,build,6,0,72,679,489,20,3,107,10,65,0,0,0.19,0,7,145,0,1.32
7,Priya,human,19,Sun,0,87,build,6,0,60,672,484,28,2,78,10,54,0,1,0.27,0,5,130,0,1.32
7,Priya,human,19,Sun,0,88,build,6,0,81,677,498,36,3,107,8,49,0,1,0.38,0,5,130,0,1.32
7,Priya,human,19,Sun,0,89,build,6,0,66,676,477,20,4,136,14,61,0,0,0.21,0,5,120,0,1.32
7,Priya,human,19,Sun,0,90,demo,6,0,83,697,501,55,7,263,17,66,0,1,0.71,0,3,180,0,1.32
7,Priya,human,19,Sun,0,91,demo,6,0,73,699,492,40,5,165,12,64,0,1,0.71,0,6,142,0,1.32
7,Priya,human,19,Sun,0,92,demo,6,0,64,689,493,56,8,252,8,64,0,1,0.73,0,3,173,0,1.32
7,Priya,human,19,Sun,0,93,demo,6,0,52,680,478,33,4,156,8,62,0,1,0.6,0,6,166,0,1.32
7,Priya,human,19,Sun,0,94,price,6,0,64,670,461,41,4,176,11,58,0,1,0.02,1,4,169,0,1.32
7,Priya,human,19,Sun,0,95,cta,6,0,45,644,453,38,3,87,10,60,0,0,0.03,1,2,165,0,1.32
7,Priya,human,19,Sun,0,96,cta,6,0,59,623,453,41,6,194,12,66,0,0,0.01,1,3,169,0,1.32
7,Priya,human,19,Sun,0,97,fomo,6,0,70,645,450,19,4,176,8,56,0,0,0.1,0,3,163,1,1.32
7,Priya,human,19,Sun,0,98,fomo,6,0,68,657,456,27,4,136,15,55,0,0,0.04,0,6,179,2,1.32
7,Priya,human,19,Sun,0,99,qna,6,0,58,668,478,18,1,29,29,83,6,0,0.14,1,6,139,0,1.32
7,Priya,human,19,Sun,0,100,qna,6,0,68,681,496,17,3,127,27,79,6,0,0.05,0,6,161,0,1.32
7,Priya,human,19,Sun,0,101,qna,6,0,62,692,496,25,2,78,24,76,6,0,0.07,0,4,144,0,1.32
7,Priya,human,19,Sun,0,102,qna,6,0,60,705,517,27,4,136,25,89,6,0,0.02,0,2,152,0,1.32
7,Priya,human,19,Sun,0,103,hook,7,0,65,703,503,12,3,107,12,67,0,0,0.09,0,7,163,0,1.32
7,Priya,human,19,Sun,0,104,hook,7,0,54,695,491,12,0,0,15,73,0,0,0.03,0,2,190,0,1.32
7,Priya,human,19,Sun,0,105,build,7,0,66,678,491,33,5,165,3,60,0,1,0.29,0,4,173,0,1.32
7,Priya,human,19,Sun,0,106,build,7,0,57,664,469,24,5,185,7,53,0,0,0.31,0,6,139,0,1.32
7,Priya,human,19,Sun,0,107,demo,7,0,60,677,500,43,2,58,8,76,0,0,0.65,0,5,156,0,1.32
7,Priya,human,19,Sun,0,108,demo,7,0,74,702,523,35,2,58,13,70,0,0,0.67,0,6,173,0,1.32
7,Priya,human,19,Sun,0,109,demo,7,0,74,710,517,43,7,223,10,64,0,1,0.68,0,6,172,0,1.32
7,Priya,human,19,Sun,0,110,demo,7,0,64,718,512,43,0,0,12,74,0,1,0.53,0,3,170,0,1.32
7,Priya,human,19,Sun,0,111,price,7,0,52,701,513,39,9,281,8,73,0,0,0.06,0,6,164,0,1.32
7,Priya,human,19,Sun,0,112,cta,7,0,80,700,525,39,7,203,9,55,0,0,0,1,4,139,0,1.32
7,Priya,human,19,Sun,0,113,cta,7,0,67,686,516,51,14,466,14,49,0,0,0.02,1,4,165,0,1.32
7,Priya,human,19,Sun,0,114,fomo,7,0,73,702,481,37,9,301,14,43,0,0,0,0,4,130,1,1.32
7,Priya,human,19,Sun,0,115,fomo,7,0,60,697,505,32,5,205,10,55,0,0,0.13,0,3,151,2,1.32
7,Priya,human,19,Sun,0,116,qna,7,0,63,726,533,21,3,87,31,84,6,0,0.11,0,2,140,0,1.32
7,Priya,human,19,Sun,0,117,qna,7,0,62,733,523,27,2,58,24,93,6,0,0.08,1,5,153,0,1.32
7,Priya,human,19,Sun,0,118,qna,7,0,65,740,527,19,4,116,22,92,6,0,0.07,0,6,174,0,1.32
7,Priya,human,19,Sun,0,119,hook,8,0,58,715,516,18,1,29,12,74,0,0,0.09,0,6,152,0,1.32
7,Priya,human,19,Sun,0,120,hook,8,0,76,710,504,16,1,29,11,60,0,0,0.13,0,4,152,0,1.32
8,Kai,ai,14,Mon,1,1,hook,1,1,55,55,42,2,0,0,2,21,0,1,0.05,0,1,159,0,1
8,Kai,ai,14,Mon,1,2,hook,1,1,39,88,55,1,0,0,6,13,0,0,0.12,1,2,159,0,1
8,Kai,ai,14,Mon,1,3,hook,1,1,54,136,101,2,0,0,7,30,0,0,0.07,1,1,156,0,1
8,Kai,ai,14,Mon,1,4,hook,1,1,41,163,111,4,0,0,7,32,0,0,0.07,0,1,156,0,1
8,Kai,ai,14,Mon,1,5,hook,1,1,49,191,139,5,0,0,7,38,0,0,0.04,0,2,160,0,1
8,Kai,ai,14,Mon,1,6,hook,1,1,47,217,156,2,0,0,10,57,0,0,0,0,1,159,0,1
8,Kai,ai,14,Mon,1,7,demo,1,0,36,239,169,13,2,58,2,18,0,1,0.49,0,2,156,0,1
8,Kai,ai,14,Mon,1,8,price,1,0,26,230,167,16,3,87,5,31,0,0,0.13,1,2,160,0,1
8,Kai,ai,14,Mon,1,9,cta,1,0,43,241,180,19,4,136,7,20,0,1,0.04,1,3,157,0,1
8,Kai,ai,14,Mon,1,10,cta,1,0,38,243,174,19,0,0,5,22,0,1,0.05,1,3,157,0,1
8,Kai,ai,14,Mon,1,11,fomo,1,0,55,273,199,11,4,156,7,17,0,1,0.11,0,1,156,1,1.91
8,Kai,ai,14,Mon,1,12,fomo,1,0,62,302,218,11,3,87,5,30,0,0,0.1,0,1,156,2,1.91
8,Kai,ai,14,Mon,1,13,filler,1,0,71,324,227,0,0,0,6,21,0,0,0.15,1,2,158,0,1.91
8,Kai,ai,14,Mon,1,14,filler,1,0,54,313,233,12,1,29,4,31,0,0,0.1,0,1,159,0,1.91
8,Kai,ai,14,Mon,1,15,hook,2,0,72,356,249,8,1,49,6,43,0,0,0.01,0,1,161,0,1.91
8,Kai,ai,14,Mon,1,16,hook,2,0,48,376,284,15,1,49,7,31,0,1,0.01,0,1,156,0,1.91
8,Kai,ai,14,Mon,1,17,build,2,0,47,377,269,13,1,29,6,31,0,0,0.16,0,2,157,0,1.91
8,Kai,ai,14,Mon,1,18,build,2,0,74,416,296,19,2,58,5,56,0,1,0.23,1,2,160,0,1.91
8,Kai,ai,14,Mon,1,19,build,2,0,51,410,314,28,4,156,10,48,0,1,0.18,0,3,158,0,1.91
8,Kai,ai,14,Mon,1,20,demo,2,0,48,411,305,22,1,29,6,27,0,1,0.55,0,1,157,0,1.91
8,Kai,ai,14,Mon,1,21,demo,2,0,64,436,317,29,2,78,8,47,0,1,0.53,0,2,158,0,1.91
8,Kai,ai,14,Mon,1,22,demo,2,0,72,462,326,28,2,58,11,41,0,1,0.71,0,3,156,0,1.91
8,Kai,ai,14,Mon,1,23,demo,2,0,60,470,346,20,0,0,10,47,0,1,0.7,0,2,158,0,1.91
8,Kai,ai,14,Mon,1,24,price,2,0,61,470,324,21,3,87,8,46,0,0,0.1,1,1,160,0,1.91
8,Kai,ai,14,Mon,1,25,cta,2,0,59,457,318,28,4,136,11,31,0,0,0.13,1,3,158,0,1.91
8,Kai,ai,14,Mon,1,26,cta,2,0,61,455,313,19,2,58,7,39,0,0,0.05,1,3,157,0,1.91
8,Kai,ai,14,Mon,1,27,fomo,2,0,71,476,354,23,2,78,8,45,0,0,0.1,0,2,159,1,1.91
8,Kai,ai,14,Mon,1,28,filler,2,0,69,477,352,9,2,58,3,57,0,0,0.09,0,2,159,0,1.91
8,Kai,ai,14,Mon,1,29,hook,3,0,61,487,351,21,2,58,10,57,0,0,0.15,0,1,156,0,1.91
8,Kai,ai,14,Mon,1,30,build,3,0,68,496,362,15,0,0,11,34,0,0,0.35,0,3,161,0,1.91
8,Kai,ai,14,Mon,1,31,build,3,0,52,492,340,11,1,29,8,38,0,0,0.3,0,3,160,0,1.91
8,Kai,ai,14,Mon,1,32,demo,3,0,49,484,350,25,2,58,18,55,0,1,0.73,0,2,160,0,1.91
8,Kai,ai,14,Mon,1,33,demo,3,0,69,498,348,28,9,321,11,36,0,0,0.57,0,2,156,0,1.91
8,Kai,ai,14,Mon,1,34,price,3,0,68,507,355,39,8,272,6,43,0,1,0.08,1,1,160,0,1.91
8,Kai,ai,14,Mon,1,35,cta,3,0,63,508,372,33,4,136,12,41,0,0,0.13,1,2,156,0,1.91
8,Kai,ai,14,Mon,1,36,cta,3,0,62,507,374,41,10,310,11,40,0,1,0.06,1,3,156,0,1.91
8,Kai,ai,14,Mon,1,37,fomo,3,0,52,499,359,14,2,78,10,59,0,0,0.13,0,2,160,1,1.91
8,Kai,ai,14,Mon,1,38,fomo,3,0,61,521,375,21,5,165,8,37,0,0,0.05,0,2,158,2,1.91
8,Kai,ai,14,Mon,1,39,filler,3,0,61,488,354,6,1,29,5,35,0,0,0.15,0,2,159,0,1.91
8,Kai,ai,14,Mon,1,40,hook,4,0,48,485,346,13,1,49,9,45,0,0,0.15,0,1,159,0,1.91
8,Kai,ai,14,Mon,1,41,hook,4,0,55,478,348,8,0,0,6,40,0,0,0.01,0,3,158,0,1.91
8,Kai,ai,14,Mon,1,42,build,4,0,65,483,339,13,2,58,5,48,0,0,0.23,0,1,159,0,1.91
8,Kai,ai,14,Mon,1,43,build,4,0,82,511,369,13,3,127,8,47,0,1,0.21,0,2,160,0,1.91
8,Kai,ai,14,Mon,1,44,build,4,0,79,518,362,23,1,29,8,39,0,0,0.26,0,2,158,0,1.91
8,Kai,ai,14,Mon,1,45,build,4,0,67,509,346,8,2,58,13,47,0,0,0.38,0,2,157,0,1.91
8,Kai,ai,14,Mon,1,46,demo,4,0,50,504,356,39,4,136,4,39,0,1,0.79,1,1,160,0,1.91
8,Kai,ai,14,Mon,1,47,demo,4,0,61,510,370,40,2,78,13,55,0,1,0.71,0,3,160,0,1.91
8,Kai,ai,14,Mon,1,48,demo,4,0,58,508,354,15,3,107,9,43,0,0,0.52,0,1,159,0,1.91
8,Kai,ai,14,Mon,1,49,price,4,0,54,506,354,26,3,107,8,42,0,0,0.06,1,2,159,0,1.91
8,Kai,ai,14,Mon,1,50,cta,4,0,56,488,361,33,7,203,6,45,0,0,0.11,1,3,159,0,1.91
8,Kai,ai,14,Mon,1,51,cta,4,0,60,485,369,46,2,78,12,50,0,0,0.1,1,3,161,0,1.91
8,Kai,ai,14,Mon,1,52,fomo,4,0,56,492,363,24,1,49,9,36,0,0,0.1,0,2,159,1,1.91
8,Kai,ai,14,Mon,1,53,fomo,4,0,53,495,356,31,4,116,12,44,0,1,0.11,0,2,156,2,1.91
8,Kai,ai,14,Mon,1,54,filler,4,0,63,470,340,8,1,29,5,49,0,0,0.11,0,2,157,0,1.91
8,Kai,ai,14,Mon,1,55,filler,4,0,64,452,335,10,0,0,6,28,0,0,0.07,0,1,159,0,1.91
8,Kai,ai,14,Mon,1,56,hook,5,0,70,458,336,4,0,0,10,48,0,0,0.13,0,1,160,0,1.91
8,Kai,ai,14,Mon,1,57,hook,5,0,54,457,347,9,2,78,5,44,0,0,0.01,0,2,158,0,1.91
8,Kai,ai,14,Mon,1,58,build,5,0,65,461,334,16,1,49,14,47,0,1,0.21,0,2,158,0,1.91
8,Kai,ai,14,Mon,1,59,build,5,0,60,457,327,20,2,58,6,35,0,1,0.23,0,1,156,0,1.91
8,Kai,ai,14,Mon,1,60,build,5,0,69,467,342,19,2,58,10,42,0,0,0.33,0,2,155,0,1.91
8,Kai,ai,14,Mon,1,61,demo,5,0,68,483,347,45,1,29,14,39,0,1,0.73,0,2,155,0,1.91
8,Kai,ai,14,Mon,1,62,demo,5,0,54,480,348,43,4,136,7,41,0,1,0.49,1,1,157,0,1.91
8,Kai,ai,14,Mon,1,63,demo,5,0,51,465,321,34,2,58,4,44,0,1,0.62,0,1,156,0,1.91
8,Kai,ai,14,Mon,1,64,demo,5,0,65,467,341,30,4,136,7,48,0,1,0.56,0,3,161,0,1.91
8,Kai,ai,14,Mon,1,65,price,5,0,53,467,322,28,1,29,8,39,0,0,0.05,1,2,160,0,1.91
8,Kai,ai,14,Mon,1,66,cta,5,0,58,451,329,30,7,243,6,32,0,1,0.01,1,2,157,0,1.91
8,Kai,ai,14,Mon,1,67,fomo,5,0,71,467,348,20,2,58,12,36,0,1,0.11,0,1,158,1,1.91
8,Kai,ai,14,Mon,1,68,fomo,5,0,55,481,339,21,2,58,7,41,0,0,0.01,0,3,158,2,1.91
8,Kai,ai,14,Mon,1,69,filler,5,0,49,434,304,9,0,0,5,37,0,0,0.09,0,3,158,0,1.91
8,Kai,ai,14,Mon,1,70,hook,6,0,59,421,295,10,0,0,9,29,0,0,0.02,0,2,156,0,1.91
8,Kai,ai,14,Mon,1,71,hook,6,0,77,444,324,11,0,0,10,38,0,0,0.12,0,1,160,0,1.91
8,Kai,ai,14,Mon,1,72,build,6,0,60,442,333,19,2,78,8,43,0,1,0.3,0,1,155,0,1.91
8,Kai,ai,14,Mon,1,73,build,6,0,65,441,313,20,3,87,4,35,0,1,0.35,0,2,161,0,1.91
8,Kai,ai,14,Mon,1,74,demo,6,0,68,449,338,39,5,165,11,47,0,1,0.47,0,2,156,0,1.91
8,Kai,ai,14,Mon,1,75,demo,6,0,53,455,319,24,3,107,3,45,0,1,0.69,0,1,158,0,1.91
8,Kai,ai,14,Mon,1,76,demo,6,0,55,463,331,33,6,174,11,44,0,1,0.82,0,2,157,0,1.91
8,Kai,ai,14,Mon,1,77,price,6,0,57,451,310,15,2,78,1,42,0,1,0.12,0,2,158,0,1.91
8,Kai,ai,14,Mon,1,78,cta,6,0,57,439,324,28,4,136,7,39,0,0,0.12,1,2,156,0,1.91
8,Kai,ai,14,Mon,1,79,fomo,6,0,56,446,311,25,3,107,7,50,0,1,0.07,0,2,157,1,1.91
8,Kai,ai,14,Mon,1,80,fomo,6,0,54,447,330,22,1,29,6,38,0,0,0.02,1,3,160,2,1.91
8,Kai,ai,14,Mon,1,81,filler,6,0,44,407,290,8,0,0,2,26,0,0,0.06,0,3,159,0,1.91
8,Kai,ai,14,Mon,1,82,filler,6,0,72,391,281,8,2,58,6,30,0,0,0.14,0,3,161,0,1.91
8,Kai,ai,14,Mon,1,83,hook,7,0,57,391,285,11,1,29,10,31,0,1,0.02,0,2,158,0,1.91
8,Kai,ai,14,Mon,1,84,build,7,0,54,382,269,20,1,49,4,35,0,1,0.25,1,2,155,0,1.91
8,Kai,ai,14,Mon,1,85,build,7,0,51,383,271,9,2,58,5,30,0,1,0.17,0,2,160,0,1.91
8,Kai,ai,14,Mon,1,86,build,7,0,58,379,274,18,1,29,6,29,0,1,0.22,0,1,158,0,1.91
8,Kai,ai,14,Mon,1,87,demo,7,0,56,401,283,30,3,87,6,36,0,1,0.57,0,2,155,0,1.91
8,Kai,ai,14,Mon,1,88,demo,7,0,57,418,288,23,2,78,5,43,0,1,0.6,0,1,160,0,1.91
8,Kai,ai,14,Mon,1,89,demo,7,0,57,430,312,28,3,87,3,34,0,1,0.58,0,2,157,0,1.91
8,Kai,ai,14,Mon,1,90,price,7,0,62,435,329,18,1,49,5,36,0,0,0.01,1,2,157,0,1.91
8,Kai,ai,14,Mon,1,91,cta,7,0,55,428,320,30,4,116,4,26,0,0,0.11,1,1,156,0,1.91
8,Kai,ai,14,Mon,1,92,fomo,7,0,50,422,316,17,1,49,7,36,0,0,0.06,0,1,155,1,1.91
8,Kai,ai,14,Mon,1,93,filler,7,0,51,391,278,9,0,0,5,48,0,0,0.02,0,3,158,0,1.91
8,Kai,ai,14,Mon,1,94,hook,8,0,50,388,279,11,2,78,5,35,0,0,0.13,0,1,157,0,1.91
8,Kai,ai,14,Mon,1,95,hook,8,0,47,377,264,10,1,29,9,47,0,0,0.08,0,2,156,0,1.91
8,Kai,ai,14,Mon,1,96,build,8,0,44,371,278,20,0,0,6,29,0,1,0.3,0,1,160,0,1.91
8,Kai,ai,14,Mon,1,97,build,8,0,55,366,254,10,1,29,5,37,0,0,0.24,0,3,156,0,1.91
8,Kai,ai,14,Mon,1,98,build,8,0,50,352,252,17,2,58,5,33,0,1,0.32,1,2,155,0,1.91
8,Kai,ai,14,Mon,1,99,build,8,0,54,352,265,13,1,49,7,30,0,1,0.37,0,3,161,0,1.91
8,Kai,ai,14,Mon,1,100,demo,8,0,44,350,252,22,0,0,7,38,0,1,0.81,0,2,159,0,1.91
8,Kai,ai,14,Mon,1,101,demo,8,0,60,374,268,34,2,58,9,34,0,1,0.63,0,1,159,0,1.91
8,Kai,ai,14,Mon,1,102,price,8,0,59,384,287,20,3,127,6,29,0,0,0.14,1,2,158,0,1.91
8,Kai,ai,14,Mon,1,103,cta,8,0,59,385,273,35,7,263,1,29,0,1,0.14,1,2,159,0,1.91
8,Kai,ai,14,Mon,1,104,fomo,8,0,53,404,303,19,5,165,6,27,0,0,0.05,0,3,159,1,1.91
8,Kai,ai,14,Mon,1,105,fomo,8,0,46,406,288,14,5,185,3,28,0,0,0.07,0,1,157,2,1.91
8,Kai,ai,14,Mon,1,106,filler,8,0,52,374,263,2,0,0,3,28,0,1,0.09,0,1,158,0,1.91
8,Kai,ai,14,Mon,1,107,hook,9,0,61,391,285,16,0,0,7,41,0,0,0.04,0,2,156,0,1.91
8,Kai,ai,14,Mon,1,108,hook,9,0,43,380,273,9,0,0,4,27,0,0,0.01,0,2,160,0,1.91
8,Kai,ai,14,Mon,1,109,build,9,0,48,363,261,13,0,0,9,27,0,1,0.17,0,1,159,0,1.91
8,Kai,ai,14,Mon,1,110,build,9,0,47,350,240,16,1,29,9,31,0,1,0.25,0,1,158,0,1.91
8,Kai,ai,14,Mon,1,111,build,9,0,45,330,234,17,0,0,6,29,0,1,0.22,0,2,158,0,1.91
8,Kai,ai,14,Mon,1,112,build,9,0,64,340,253,16,1,29,2,31,0,1,0.3,0,3,156,0,1.91
8,Kai,ai,14,Mon,1,113,demo,9,0,52,351,252,16,0,0,5,35,0,0,0.47,0,1,159,0,1.91
8,Kai,ai,14,Mon,1,114,demo,9,0,57,375,274,34,2,58,8,34,0,1,0.6,0,2,159,0,1.91
8,Kai,ai,14,Mon,1,115,demo,9,0,60,393,291,26,2,98,6,22,0,1,0.72,0,3,159,0,1.91
8,Kai,ai,14,Mon,1,116,demo,9,0,58,406,294,27,5,165,13,48,0,1,0.61,0,2,159,0,1.91
8,Kai,ai,14,Mon,1,117,price,9,0,44,395,280,22,2,58,9,35,0,0,0.07,0,3,156,0,1.91
8,Kai,ai,14,Mon,1,118,cta,9,0,51,387,292,33,5,165,3,31,0,1,0.05,1,2,161,0,1.91
8,Kai,ai,14,Mon,1,119,cta,9,0,52,384,271,25,1,29,13,28,0,1,0.12,1,1,155,0,1.91
8,Kai,ai,14,Mon,1,120,fomo,9,0,56,389,277,11,3,87,4,40,0,0,0.14,0,2,158,1,1.91
9,Maya,human,22,Thu,1,1,hook,1,1,82,82,61,0,0,0,3,22,0,0,0.07,0,6,162,0,1
9,Maya,human,22,Thu,1,2,hook,1,1,91,164,123,5,2,58,7,37,0,0,0.06,0,5,175,0,1
9,Maya,human,22,Thu,1,3,hook,1,1,89,238,174,8,1,49,11,53,0,0,0.04,0,3,150,0,1
9,Maya,human,22,Thu,1,4,hook,1,1,85,295,229,7,0,0,10,56,0,0,0.07,0,3,150,0,1
9,Maya,human,22,Thu,1,5,hook,1,1,88,353,251,9,0,0,12,87,0,0,0.02,0,7,167,0,1
9,Maya,human,22,Thu,1,6,hook,1,1,73,385,272,10,0,0,18,87,0,0,0.01,0,6,127,0,1
9,Maya,human,22,Thu,1,7,demo,1,0,73,427,311,30,3,127,9,50,0,1,0.72,0,3,163,0,1
9,Maya,human,22,Thu,1,8,price,1,0,73,441,327,23,5,185,7,39,0,0,0.06,1,6,135,0,1
9,Maya,human,22,Thu,1,9,cta,1,0,65,455,318,32,8,292,4,47,0,1,0.01,1,6,153,0,1
9,Maya,human,22,Thu,1,10,fomo,1,0,64,490,343,29,6,234,14,47,0,1,0.15,0,6,140,1,1
9,Maya,human,22,Thu,1,11,qna,1,0,119,577,421,19,4,136,15,59,6,1,0.05,0,5,144,0,1.9
9,Maya,human,22,Thu,1,12,qna,1,0,115,643,461,25,2,58,24,84,6,0,0.08,1,4,173,0,1.9
9,Maya,human,22,Thu,1,13,filler,1,0,115,635,458,8,0,0,5,54,0,0,0,0,7,123,0,1.9
9,Maya,human,22,Thu,1,14,hook,2,0,105,687,495,23,2,58,10,64,0,0,0.01,0,6,166,0,1.9
9,Maya,human,22,Thu,1,15,hook,2,0,96,718,512,19,0,0,17,64,0,0,0.02,0,3,176,0,1.9
9,Maya,human,22,Thu,1,16,build,2,0,108,756,532,31,3,87,13,79,0,1,0.28,0,6,141,0,1.9
9,Maya,human,22,Thu,1,17,build,2,0,102,795,558,31,0,0,5,81,0,0,0.18,0,6,143,0,1.9
9,Maya,human,22,Thu,1,18,build,2,0,111,828,593,34,3,87,17,67,0,0,0.3,0,7,124,0,1.9
9,Maya,human,22,Thu,1,19,build,2,0,136,889,647,47,1,29,19,69,0,1,0.28,0,4,128,0,1.9
9,Maya,human,22,Thu,1,20,demo,2,0,111,927,637,47,3,87,13,82,0,1,0.7,0,3,187,0,1.9
9,Maya,human,22,Thu,1,21,demo,2,0,109,966,687,73,7,243,17,94,0,1,0.55,0,4,186,0,1.9
9,Maya,human,22,Thu,1,22,demo,2,0,118,1007,753,83,11,319,12,93,0,1,0.65,0,4,165,0,1.9
9,Maya,human,22,Thu,1,23,price,2,0,121,1056,736,60,8,252,14,88,0,0,0.14,1,2,141,0,1.9
9,Maya,human,22,Thu,1,24,cta,2,0,105,1041,761,94,9,321,15,96,0,1,0.04,1,5,151,0,1.9
9,Maya,human,22,Thu,1,25,cta,2,0,129,1054,731,67,12,408,12,98,0,1,0.03,0,6,180,0,1.9
9,Maya,human,22,Thu,1,26,fomo,2,0,118,1098,787,48,10,350,27,95,0,0,0,0,5,164,1,1.9
9,Maya,human,22,Thu,1,27,fomo,2,0,107,1112,780,47,7,243,28,102,0,0,0.03,0,2,178,2,1.9
9,Maya,human,22,Thu,1,28,qna,2,0,123,1159,851,31,4,136,46,146,6,0,0.02,0,2,145,0,1.9
9,Maya,human,22,Thu,1,29,qna,2,0,116,1207,877,43,3,87,49,165,6,0,0.01,0,4,182,0,1.9
9,Maya,human,22,Thu,1,30,filler,2,0,112,1126,806,19,1,29,11,91,0,0,0.06,0,3,129,0,1.9
9,Maya,human,22,Thu,1,31,hook,3,0,116,1144,801,40,3,87,30,88,0,0,0.05,1,4,163,0,1.9
9,Maya,human,22,Thu,1,32,build,3,0,100,1105,789,31,2,78,17,76,0,0,0.19,0,4,141,0,1.9
9,Maya,human,22,Thu,1,33,build,3,0,98,1086,777,32,6,194,13,105,0,0,0.28,0,7,170,0,1.9
9,Maya,human,22,Thu,1,34,demo,3,0,105,1089,789,67,8,252,12,87,0,1,0.53,0,5,157,0,1.9
9,Maya,human,22,Thu,1,35,demo,3,0,100,1077,756,53,11,339,21,101,0,1,0.69,0,2,178,0,1.9
9,Maya,human,22,Thu,1,36,demo,3,0,124,1118,784,80,14,506,22,107,0,1,0.51,0,6,127,0,1.9
9,Maya,human,22,Thu,1,37,price,3,0,111,1120,830,59,7,223,24,100,0,0,0.14,1,4,151,0,1.9
9,Maya,human,22,Thu,1,38,cta,3,0,104,1122,820,66,7,203,15,105,0,0,0.05,0,4,174,0,1.9
9,Maya,human,22,Thu,1,39,fomo,3,0,118,1151,802,36,3,87,17,90,0,0,0.07,0,6,128,1,1.9
9,Maya,human,22,Thu,1,40,qna,3,0,99,1163,847,51,5,185,33,143,6,1,0.13,0,4,130,0,1.9
9,Maya,human,22,Thu,1,41,qna,3,0,100,1172,862,41,2,58,42,143,6,0,0.09,0,7,170,0,1.9
9,Maya,human,22,Thu,1,42,hook,4,0,123,1180,855,32,6,174,23,109,0,0,0.01,0,6,138,0,1.9
9,Maya,human,22,Thu,1,43,build,4,0,129,1183,860,47,5,165,32,96,0,0,0.25,0,3,139,0,1.9
9,Maya,human,22,Thu,1,44,build,4,0,111,1161,831,46,8,312,17,109,0,0,0.18,0,4,177,0,1.9
9,Maya,human,22,Thu,1,45,demo,4,0,98,1144,822,79,9,321,18,106,0,1,0.48,0,3,144,0,1.9
9,Maya,human,22,Thu,1,46,demo,4,0,100,1133,816,74,7,243,18,87,0,1,0.47,0,6,124,0,1.9
9,Maya,human,22,Thu,1,47,demo,4,0,110,1151,833,73,7,263,15,104,0,1,0.62,0,5,142,0,1.9
9,Maya,human,22,Thu,1,48,price,4,0,103,1151,825,79,13,477,16,114,0,1,0.07,1,4,148,0,1.9
9,Maya,human,22,Thu,1,49,cta,4,0,104,1129,829,86,16,544,25,109,0,1,0.01,1,5,145,0,1.9
9,Maya,human,22,Thu,1,50,cta,4,0,111,1113,808,100,15,455,16,104,0,1,0.11,1,5,173,0,1.9
9,Maya,human,22,Thu,1,51,fomo,4,0,109,1144,832,46,5,165,20,107,0,0,0.06,0,5,170,1,1.9
9,Maya,human,22,Thu,1,52,qna,4,0,108,1155,852,38,6,214,41,125,6,0,0.13,0,4,146,0,1.9
9,Maya,human,22,Thu,1,53,qna,4,0,109,1176,840,43,3,87,32,154,6,0,0.14,1,6,131,0,1.9
9,Maya,human,22,Thu,1,54,hook,5,0,96,1179,831,23,2,58,22,110,0,0,0.1,0,3,155,0,1.9
9,Maya,human,22,Thu,1,55,hook,5,0,98,1161,865,39,2,78,25,95,0,1,0.11,0,5,148,0,1.9
9,Maya,human,22,Thu,1,56,build,5,0,99,1142,836,57,6,174,28,93,0,1,0.28,0,2,159,0,1.9
9,Maya,human,22,Thu,1,57,build,5,0,91,1113,813,54,7,263,18,122,0,0,0.21,0,5,128,0,1.9
9,Maya,human,22,Thu,1,58,build,5,0,92,1088,806,38,1,29,19,99,0,0,0.25,0,6,164,0,1.9
9,Maya,human,22,Thu,1,59,demo,5,0,93,1084,815,78,9,321,25,105,0,1,0.49,0,5,177,0,1.9
9,Maya,human,22,Thu,1,60,demo,5,0,102,1100,792,64,4,116,20,106,0,1,0.48,0,5,132,0,1.9
9,Maya,human,22,Thu,1,61,demo,5,0,105,1112,787,84,6,194,22,110,0,1,0.62,0,7,128,0,1.9
9,Maya,human,22,Thu,1,62,demo,5,0,92,1111,797,75,9,321,18,88,0,1,0.78,0,3,153,0,1.9
9,Maya,human,22,Thu,1,63,price,5,0,116,1115,809,53,7,223,21,79,0,0,0.11,1,3,178,0,1.9
9,Maya,human,22,Thu,1,64,cta,5,0,105,1099,778,76,14,466,17,99,0,0,0.02,1,3,154,0,1.9
9,Maya,human,22,Thu,1,65,fomo,5,0,109,1108,790,50,9,321,17,111,0,0,0.05,0,6,125,1,1.9
9,Maya,human,22,Thu,1,66,qna,5,0,109,1134,828,49,4,136,43,136,6,0,0.12,0,3,129,0,1.9
9,Maya,human,22,Thu,1,67,qna,5,0,113,1170,843,33,3,107,40,145,6,0,0.06,0,5,132,0,1.9
9,Maya,human,22,Thu,1,68,qna,5,0,102,1187,888,29,7,223,49,129,6,0,0.05,0,2,182,0,1.9
9,Maya,human,22,Thu,1,69,hook,6,0,106,1174,807,26,1,49,20,96,0,0,0,0,3,184,0,1.9
9,Maya,human,22,Thu,1,70,build,6,0,83,1120,820,59,6,194,17,102,0,1,0.3,1,5,160,0,1.9
9,Maya,human,22,Thu,1,71,build,6,0,100,1102,800,47,4,136,18,93,0,1,0.35,0,4,121,0,1.9
9,Maya,human,22,Thu,1,72,build,6,0,115,1090,821,39,5,165,21,99,0,0,0.23,1,3,184,0,1.9
9,Maya,human,22,Thu,1,73,build,6,0,90,1059,719,40,2,78,23,108,0,1,0.16,0,5,183,0,1.9
9,Maya,human,22,Thu,1,74,demo,6,0,85,1073,786,75,12,428,16,101,0,1,0.51,0,6,154,0,1.9
9,Maya,human,22,Thu,1,75,demo,6,0,92,1072,791,75,9,281,13,83,0,1,0.76,0,7,185,0,1.9
9,Maya,human,22,Thu,1,76,demo,6,0,99,1073,781,91,13,397,23,89,0,1,0.77,0,2,175,0,1.9
9,Maya,human,22,Thu,1,77,demo,6,0,109,1089,805,80,15,515,19,90,0,1,0.81,0,6,130,0,1.9
9,Maya,human,22,Thu,1,78,price,6,0,103,1090,804,66,4,116,16,101,0,0,0.01,1,6,142,0,1.9
9,Maya,human,22,Thu,1,79,cta,6,0,99,1062,769,54,7,223,21,99,0,0,0.13,1,3,160,0,1.9
9,Maya,human,22,Thu,1,80,cta,6,0,109,1050,767,72,13,437,13,98,0,0,0.15,1,2,141,0,1.9
9,Maya,human,22,Thu,1,81,fomo,6,0,122,1109,812,54,9,321,16,102,0,0,0.02,1,4,170,1,1.9
9,Maya,human,22,Thu,1,82,qna,6,0,98,1122,822,40,8,252,37,128,6,0,0.06,0,2,174,0,1.9
9,Maya,human,22,Thu,1,83,qna,6,0,79,1133,842,38,7,243,50,124,6,0,0.12,0,3,120,0,1.9
9,Maya,human,22,Thu,1,84,qna,6,0,92,1139,792,33,6,214,40,113,6,0,0.1,0,4,188,0,1.9
9,Maya,human,22,Thu,1,85,hook,7,0,81,1096,795,18,2,58,26,98,0,0,0.13,0,6,148,0,1.9
9,Maya,human,22,Thu,1,86,build,7,0,94,1073,753,26,2,98,14,107,0,0,0.22,0,6,167,0,1.9
9,Maya,human,22,Thu,1,87,build,7,0,94,1047,750,44,6,194,15,98,0,1,0.29,0,4,134,0,1.9
9,Maya,human,22,Thu,1,88,build,7,0,84,1009,749,41,3,107,21,101,0,1,0.23,0,7,157,0,1.9
9,Maya,human,22,Thu,1,89,build,7,0,87,981,717,31,4,136,21,94,0,0,0.22,0,2,177,0,1.9
9,Maya,human,22,Thu,1,90,demo,7,0,102,995,721,72,6,194,20,95,0,1,0.64,0,4,186,0,1.9
9,Maya,human,22,Thu,1,91,demo,7,0,93,992,705,68,8,252,17,90,0,1,0.75,0,4,173,0,1.9
9,Maya,human,22,Thu,1,92,demo,7,0,105,1004,706,77,4,156,19,81,0,1,0.71,0,2,133,0,1.9
9,Maya,human,22,Thu,1,93,demo,7,0,109,1035,734,78,6,194,17,79,0,1,0.49,0,7,134,0,1.9
9,Maya,human,22,Thu,1,94,demo,7,0,89,1022,752,83,8,292,18,92,0,1,0.76,0,6,150,0,1.9
9,Maya,human,22,Thu,1,95,price,7,0,106,1012,729,76,4,116,13,103,0,1,0.02,1,3,129,0,1.9
9,Maya,human,22,Thu,1,96,cta,7,0,86,995,698,74,18,562,14,92,0,1,0.1,1,3,128,0,1.9
9,Maya,human,22,Thu,1,97,fomo,7,0,98,1015,729,46,7,243,21,97,0,0,0.14,0,3,144,1,1.9
9,Maya,human,22,Thu,1,98,qna,7,0,96,1033,740,29,3,107,40,108,6,0,0.08,0,5,131,0,1.9
9,Maya,human,22,Thu,1,99,qna,7,0,87,1040,744,40,3,87,42,113,6,1,0.14,0,2,155,0,1.9
9,Maya,human,22,Thu,1,100,qna,7,0,102,1076,740,23,2,58,32,129,6,0,0,0,5,174,0,1.9
9,Maya,human,22,Thu,1,101,hook,8,0,115,1086,758,33,3,87,17,101,0,0,0.13,0,3,165,0,1.9
9,Maya,human,22,Thu,1,102,hook,8,0,98,1071,792,33,2,58,19,93,0,0,0.04,0,3,145,0,1.9
9,Maya,human,22,Thu,1,103,build,8,0,105,1053,768,41,4,116,20,98,0,0,0.26,0,4,138,0,1.9
9,Maya,human,22,Thu,1,104,build,8,0,87,1017,718,45,3,107,24,90,0,1,0.21,0,3,182,0,1.9
9,Maya,human,22,Thu,1,105,build,8,0,94,1003,748,40,5,185,21,92,0,0,0.39,0,6,177,0,1.9
9,Maya,human,22,Thu,1,106,demo,8,0,86,988,720,64,8,252,10,81,0,1,0.48,0,5,181,0,1.9
9,Maya,human,22,Thu,1,107,demo,8,0,85,1000,701,54,9,341,18,90,0,0,0.55,0,6,143,0,1.9
9,Maya,human,22,Thu,1,108,price,8,0,90,981,725,43,8,272,16,80,0,0,0.09,0,7,174,0,1.9
9,Maya,human,22,Thu,1,109,cta,8,0,91,964,677,78,8,252,17,71,0,1,0.06,1,6,157,0,1.9
9,Maya,human,22,Thu,1,110,cta,8,0,83,935,702,64,12,368,22,74,0,1,0.07,0,4,140,0,1.9
9,Maya,human,22,Thu,1,111,fomo,8,0,81,938,672,37,9,321,11,90,0,0,0.03,0,5,171,1,1.9
9,Maya,human,22,Thu,1,112,qna,8,0,102,982,689,37,5,145,34,122,6,0,0.1,0,5,148,0,1.9
9,Maya,human,22,Thu,1,113,filler,8,0,97,914,622,19,2,58,9,93,0,0,0.06,0,5,121,0,1.9
9,Maya,human,22,Thu,1,114,hook,9,0,94,911,629,30,1,49,21,80,0,0,0.08,0,3,130,0,1.9
9,Maya,human,22,Thu,1,115,build,9,0,101,925,667,36,4,136,10,82,0,0,0.28,1,3,150,0,1.9
9,Maya,human,22,Thu,1,116,build,9,0,84,911,635,39,5,165,13,87,0,1,0.38,0,6,172,0,1.9
9,Maya,human,22,Thu,1,117,build,9,0,82,892,656,35,5,145,14,72,0,0,0.22,1,5,169,0,1.9
9,Maya,human,22,Thu,1,118,demo,9,0,100,913,659,62,9,281,13,98,0,1,0.76,0,5,131,0,1.9
9,Maya,human,22,Thu,1,119,demo,9,0,92,931,683,60,5,145,22,87,0,1,0.56,0,3,170,0,1.9
9,Maya,human,22,Thu,1,120,demo,9,0,90,933,661,72,6,174,9,95,0,1,0.51,0,4,174,0,1.9
10,Kai,ai,15,Sun,0,1,hook,1,0,41,41,33,0,0,0,0,3,0,0,0.15,0,1,159,0,1
10,Kai,ai,15,Sun,0,2,build,1,0,35,71,58,2,0,0,1,10,0,1,0.2,0,1,158,0,1
10,Kai,ai,15,Sun,0,3,build,1,0,38,103,76,5,0,0,1,9,0,1,0.29,0,1,158,0,1
10,Kai,ai,15,Sun,0,4,build,1,0,34,122,89,0,0,0,1,11,0,0,0.22,0,1,159,0,1
10,Kai,ai,15,Sun,0,5,demo,1,0,38,144,101,9,2,78,3,11,0,1,0.49,0,2,157,0,1
10,Kai,ai,15,Sun,0,6,demo,1,0,52,184,131,22,1,29,2,17,0,1,0.65,0,2,157,0,1
10,Kai,ai,15,Sun,0,7,demo,1,0,34,201,141,5,1,29,3,18,0,0,0.76,0,3,160,0,1
10,Kai,ai,15,Sun,0,8,price,1,0,47,230,171,9,1,29,4,14,0,0,0.11,0,1,156,0,1
10,Kai,ai,15,Sun,0,9,cta,1,0,33,229,170,11,0,0,4,26,0,1,0.04,0,3,161,0,1
10,Kai,ai,15,Sun,0,10,cta,1,0,32,237,176,14,3,87,3,22,0,1,0.12,1,3,157,0,1
10,Kai,ai,15,Sun,0,11,fomo,1,0,44,266,187,16,1,29,8,23,0,0,0.01,0,3,156,1,1.21
10,Kai,ai,15,Sun,0,12,fomo,1,0,56,296,207,13,2,58,6,25,0,1,0.02,0,1,156,2,1.21
10,Kai,ai,15,Sun,0,13,filler,1,0,48,284,189,5,0,0,1,27,0,0,0.11,0,3,158,0,1.21
10,Kai,ai,15,Sun,0,14,filler,1,0,52,304,213,6,0,0,3,34,0,0,0.03,0,2,155,0,1.21
10,Kai,ai,15,Sun,0,15,hook,2,0,35,308,232,14,2,58,3,27,0,1,0.03,0,2,158,0,1.21
10,Kai,ai,15,Sun,0,16,build,2,0,44,309,221,13,1,29,3,34,0,1,0.36,0,3,159,0,1.21
10,Kai,ai,15,Sun,0,17,build,2,0,47,325,242,12,1,29,1,30,0,0,0.33,0,3,160,0,1.21
10,Kai,ai,15,Sun,0,18,build,2,0,56,349,252,21,3,87,11,38,0,1,0.35,1,2,160,0,1.21
10,Kai,ai,15,Sun,0,19,demo,2,0,43,363,261,31,4,136,5,19,0,1,0.57,0,2,159,0,1.21
10,Kai,ai,15,Sun,0,20,demo,2,0,44,370,253,33,2,58,4,33,0,1,0.58,1,2,160,0,1.21
10,Kai,ai,15,Sun,0,21,price,2,0,47,374,262,18,0,0,5,34,0,0,0.14,1,1,156,0,1.21
10,Kai,ai,15,Sun,0,22,cta,2,0,50,379,287,29,3,87,3,30,0,1,0.02,1,2,156,0,1.21
10,Kai,ai,15,Sun,0,23,cta,2,0,57,381,275,13,1,29,8,34,0,0,0.1,1,2,158,0,1.21
10,Kai,ai,15,Sun,0,24,fomo,2,0,46,397,289,19,1,29,6,29,0,1,0.12,0,1,156,1,1.21
10,Kai,ai,15,Sun,0,25,fomo,2,0,45,404,298,27,7,263,9,40,0,1,0.14,1,3,159,2,1.21
10,Kai,ai,15,Sun,0,26,filler,2,0,55,392,271,7,2,78,6,36,0,0,0.07,0,2,155,0,1.21
10,Kai,ai,15,Sun,0,27,filler,2,0,53,377,274,8,0,0,6,40,0,0,0.02,0,1,159,0,1.21
10,Kai,ai,15,Sun,0,28,hook,3,0,43,380,272,11,0,0,8,39,0,0,0.09,0,3,160,0,1.21
10,Kai,ai,15,Sun,0,29,build,3,0,47,379,285,23,3,107,6,18,0,1,0.32,0,2,157,0,1.21
10,Kai,ai,15,Sun,0,30,build,3,0,43,370,272,17,2,58,8,35,0,0,0.23,0,1,156,0,1.21
10,Kai,ai,15,Sun,0,31,build,3,0,48,375,273,16,2,78,4,40,0,0,0.18,0,1,161,0,1.21
10,Kai,ai,15,Sun,0,32,demo,3,0,48,385,276,28,1,29,4,32,0,1,0.84,0,1,157,0,1.21
10,Kai,ai,15,Sun,0,33,demo,3,0,61,399,277,25,1,29,6,38,0,1,0.46,0,1,161,0,1.21
10,Kai,ai,15,Sun,0,34,price,3,0,45,397,293,23,5,165,4,52,0,1,0.06,0,2,159,0,1.21
10,Kai,ai,15,Sun,0,35,cta,3,0,53,392,273,14,3,87,6,40,0,0,0.05,0,3,157,0,1.21
10,Kai,ai,15,Sun,0,36,cta,3,0,33,368,260,23,2,58,9,40,0,0,0.06,1,3,156,0,1.21
10,Kai,ai,15,Sun,0,37,fomo,3,0,55,382,280,18,4,156,7,33,0,0,0.06,0,2,156,1,1.21
10,Kai,ai,15,Sun,0,38,fomo,3,0,41,383,279,14,2,58,11,28,0,0,0.01,1,2,157,2,1.21
10,Kai,ai,15,Sun,0,39,filler,3,0,48,346,247,9,3,107,3,32,0,0,0.14,0,2,159,0,1.21
10,Kai,ai,15,Sun,0,40,hook,4,0,58,362,260,4,0,0,4,25,0,0,0.11,0,2,155,0,1.21
10,Kai,ai,15,Sun,0,41,hook,4,0,53,372,264,8,2,58,2,26,0,0,0.05,0,3,157,0,1.21
10,Kai,ai,15,Sun,0,42,build,4,0,56,362,269,20,3,107,6,38,0,1,0.3,0,1,159,0,1.21
10,Kai,ai,15,Sun,0,43,build,4,0,55,366,258,25,2,78,11,31,0,1,0.39,0,2,159,0,1.21
10,Kai,ai,15,Sun,0,44,demo,4,0,49,384,258,19,0,0,7,33,0,1,0.84,0,1,159,0,1.21
10,Kai,ai,15,Sun,0,45,demo,4,0,58,406,295,30,3,87,9,23,0,1,0.83,0,1,158,0,1.21
10,Kai,ai,15,Sun,0,46,demo,4,0,48,416,297,22,1,49,8,41,0,1,0.54,0,1,157,0,1.21
10,Kai,ai,15,Sun,0,47,price,4,0,58,427,311,26,6,214,6,33,0,1,0.04,1,2,158,0,1.21
10,Kai,ai,15,Sun,0,48,cta,4,0,43,411,297,24,2,58,5,24,0,0,0.06,1,2,156,0,1.21
10,Kai,ai,15,Sun,0,49,fomo,4,0,43,411,304,21,4,176,5,22,0,1,0.1,0,3,158,1,1.21
10,Kai,ai,15,Sun,0,50,fomo,4,0,45,421,303,15,2,78,5,36,0,0,0.01,0,2,158,2,1.21
10,Kai,ai,15,Sun,0,51,filler,4,0,49,385,269,10,2,58,4,30,0,0,0.09,0,3,159,0,1.21
10,Kai,ai,15,Sun,0,52,hook,5,0,53,391,306,10,0,0,7,41,0,0,0.04,0,1,160,0,1.21
10,Kai,ai,15,Sun,0,53,hook,5,0,33,369,264,6,0,0,12,34,0,0,0.06,0,2,155,0,1.21
10,Kai,ai,15,Sun,0,54,build,5,0,47,374,269,20,8,272,3,41,0,1,0.22,0,3,157,0,1.21
10,Kai,ai,15,Sun,0,55,build,5,0,47,375,272,19,4,136,8,36,0,1,0.26,0,1,156,0,1.21
10,Kai,ai,15,Sun,0,56,build,5,0,32,364,259,13,0,0,6,40,0,0,0.18,0,1,161,0,1.21
10,Kai,ai,15,Sun,0,57,demo,5,0,44,371,257,18,0,0,5,35,0,1,0.65,0,1,155,0,1.21
10,Kai,ai,15,Sun,0,58,demo,5,0,37,359,256,22,5,185,8,28,0,1,0.84,0,2,159,0,1.21
10,Kai,ai,15,Sun,0,59,demo,5,0,44,352,242,19,2,98,8,34,0,1,0.71,0,3,158,0,1.21
10,Kai,ai,15,Sun,0,60,demo,5,0,52,372,273,22,4,176,10,21,0,1,0.83,0,3,156,0,1.21
10,Kai,ai,15,Sun,0,61,price,5,0,35,362,252,20,3,87,5,31,0,0,0.02,1,3,158,0,1.21
10,Kai,ai,15,Sun,0,62,cta,5,0,43,358,250,21,3,87,9,39,0,1,0.11,1,2,158,0,1.21
10,Kai,ai,15,Sun,0,63,cta,5,0,54,362,265,21,3,87,6,29,0,1,0.12,0,1,156,0,1.21
10,Kai,ai,15,Sun,0,64,fomo,5,0,47,369,266,18,2,78,6,21,0,0,0.14,0,3,157,1,1.21
10,Kai,ai,15,Sun,0,65,fomo,5,0,54,379,286,15,2,78,13,32,0,0,0.12,0,2,157,2,1.21
10,Kai,ai,15,Sun,0,66,filler,5,0,49,356,253,7,1,29,1,31,0,0,0.07,0,2,161,0,1.21
10,Kai,ai,15,Sun,0,67,dead,5,0,42,306,231,4,0,0,2,28,0,0,0.09,0,2,157,0,1.21
10,Kai,ai,15,Sun,0,68,hook,6,0,43,307,221,7,0,0,4,31,0,0,0.07,0,2,160,0,1.21
10,Kai,ai,15,Sun,0,69,build,6,0,43,319,242,12,1,29,2,45,0,0,0.19,0,3,156,0,1.21
10,Kai,ai,15,Sun,0,70,build,6,0,44,313,216,4,1,29,3,33,0,0,0.34,0,3,157,0,1.21
10,Kai,ai,15,Sun,0,71,demo,6,0,40,307,234,13,2,58,10,17,0,1,0.64,0,3,159,0,1.21
10,Kai,ai,15,Sun,0,72,demo,6,0,48,320,229,25,3,87,3,28,0,1,0.62,0,1,158,0,1.21
10,Kai,ai,15,Sun,0,73,demo,6,0,37,315,228,27,2,58,3,25,0,1,0.68,0,1,155,0,1.21
10,Kai,ai,15,Sun,0,74,demo,6,0,46,314,230,18,2,58,11,20,0,1,0.72,0,3,158,0,1.21
10,Kai,ai,15,Sun,0,75,price,6,0,44,326,222,21,4,176,11,31,0,1,0.06,1,3,156,0,1.21
10,Kai,ai,15,Sun,0,76,cta,6,0,47,328,247,28,4,136,8,27,0,1,0.09,1,2,156,0,1.21
10,Kai,ai,15,Sun,0,77,fomo,6,0,49,332,241,12,1,29,4,38,0,0,0.12,0,3,158,1,1.21
10,Kai,ai,15,Sun,0,78,fomo,6,0,48,342,245,16,2,58,6,40,0,0,0,0,1,161,2,1.21
10,Kai,ai,15,Sun,0,79,filler,6,0,37,314,225,5,0,0,4,13,0,0,0.12,0,2,157,0,1.21
10,Kai,ai,15,Sun,0,80,filler,6,0,43,289,200,6,0,0,2,24,0,0,0.01,0,2,161,0,1.21
10,Kai,ai,15,Sun,0,81,hook,7,0,33,286,202,7,1,49,7,25,0,0,0.03,0,3,159,0,1.21
10,Kai,ai,15,Sun,0,82,hook,7,0,35,287,232,10,1,29,4,26,0,0,0.12,0,1,160,0,1.21
10,Kai,ai,15,Sun,0,83,build,7,0,52,287,203,12,2,58,6,30,0,1,0.28,0,3,157,0,1.21
10,Kai,ai,15,Sun,0,84,build,7,0,46,295,204,10,2,58,5,19,0,1,0.26,0,3,160,0,1.21
10,Kai,ai,15,Sun,0,85,demo,7,0,53,317,234,26,3,87,9,37,0,1,0.61,0,1,158,0,1.21
10,Kai,ai,15,Sun,0,86,demo,7,0,37,317,223,18,1,49,5,33,0,1,0.48,0,2,157,0,1.21
10,Kai,ai,15,Sun,0,87,demo,7,0,43,327,242,31,6,174,3,34,0,1,0.77,1,3,157,0,1.21
10,Kai,ai,15,Sun,0,88,demo,7,0,40,331,242,24,3,107,5,30,0,1,0.47,0,3,158,0,1.21
10,Kai,ai,15,Sun,0,89,price,7,0,48,340,243,16,3,127,8,28,0,0,0.1,0,3,159,0,1.21
10,Kai,ai,15,Sun,0,90,cta,7,0,38,329,229,23,4,136,5,23,0,0,0.15,1,2,157,0,1.21
10,Kai,ai,15,Sun,0,91,cta,7,0,42,327,241,13,1,29,7,32,0,0,0.08,1,1,155,0,1.21
10,Kai,ai,15,Sun,0,92,fomo,7,0,39,339,243,12,1,29,4,30,0,0,0.04,0,1,158,1,1.21
10,Kai,ai,15,Sun,0,93,fomo,7,0,37,337,241,18,6,174,4,29,0,1,0.13,1,2,157,2,1.21
10,Kai,ai,15,Sun,0,94,filler,7,0,40,308,232,9,2,58,2,26,0,0,0.05,0,3,159,0,1.21
10,Kai,ai,15,Sun,0,95,filler,7,0,28,273,202,5,0,0,4,25,0,1,0.08,0,3,159,0,1.21
10,Kai,ai,15,Sun,0,96,hook,8,0,41,273,214,10,0,0,3,23,0,1,0.14,0,2,159,0,1.21
10,Kai,ai,15,Sun,0,97,hook,8,0,50,285,204,14,1,49,7,15,0,1,0.11,1,2,160,0,1.21
10,Kai,ai,15,Sun,0,98,build,8,0,41,281,195,12,2,78,3,23,0,1,0.19,0,1,160,0,1.21
10,Kai,ai,15,Sun,0,99,build,8,0,34,288,201,13,2,58,3,23,0,0,0.2,0,2,159,0,1.21
10,Kai,ai,15,Sun,0,100,demo,8,0,38,297,205,23,1,29,2,22,0,1,0.61,0,2,161,0,1.21
10,Kai,ai,15,Sun,0,101,demo,8,0,38,301,223,26,2,78,3,24,0,1,0.83,0,2,161,0,1.21
10,Kai,ai,15,Sun,0,102,demo,8,0,42,304,227,25,2,58,8,25,0,1,0.7,0,1,158,0,1.21
10,Kai,ai,15,Sun,0,103,demo,8,0,35,306,224,18,4,136,8,24,0,1,0.55,0,2,159,0,1.21
10,Kai,ai,15,Sun,0,104,price,8,0,35,299,220,19,1,29,8,33,0,1,0.06,1,2,156,0,1.21
10,Kai,ai,15,Sun,0,105,cta,8,0,46,297,221,26,2,58,7,18,0,1,0.1,1,2,160,0,1.21
10,Kai,ai,15,Sun,0,106,cta,8,0,35,287,212,27,6,194,4,31,0,1,0.03,1,1,155,0,1.21
10,Kai,ai,15,Sun,0,107,fomo,8,0,39,286,203,13,1,29,4,30,0,0,0.05,0,3,155,1,1.21
10,Kai,ai,15,Sun,0,108,fomo,8,0,32,285,202,10,1,29,5,22,0,0,0.08,0,1,159,2,1.21
10,Kai,ai,15,Sun,0,109,filler,8,0,43,270,187,2,0,0,0,22,0,0,0.03,0,2,159,0,1.21
10,Kai,ai,15,Sun,0,110,hook,9,0,52,283,207,11,0,0,7,25,0,1,0.11,1,2,158,0,1.21
10,Kai,ai,15,Sun,0,111,hook,9,0,38,280,199,5,1,29,5,22,0,0,0.1,0,1,160,0,1.21
10,Kai,ai,15,Sun,0,112,build,9,0,37,281,207,6,0,0,1,28,0,1,0.16,0,1,157,0,1.21
10,Kai,ai,15,Sun,0,113,build,9,0,38,272,198,9,1,29,7,23,0,0,0.21,0,3,161,0,1.21
10,Kai,ai,15,Sun,0,114,demo,9,0,45,286,211,18,1,29,4,32,0,1,0.81,1,1,158,0,1.21
10,Kai,ai,15,Sun,0,115,demo,9,0,45,298,212,20,5,145,7,35,0,1,0.65,0,2,160,0,1.21
10,Kai,ai,15,Sun,0,116,demo,9,0,30,289,199,15,2,58,3,26,0,1,0.54,0,3,160,0,1.21
10,Kai,ai,15,Sun,0,117,demo,9,0,47,295,207,22,0,0,3,23,0,1,0.49,1,2,155,0,1.21
10,Kai,ai,15,Sun,0,118,price,9,0,41,301,211,10,5,145,3,27,0,1,0.07,0,1,157,0,1.21
10,Kai,ai,15,Sun,0,119,cta,9,0,44,305,230,17,3,87,4,26,0,0,0.11,1,1,156,0,1.21
10,Kai,ai,15,Sun,0,120,cta,9,0,33,292,212,23,4,116,6,28,0,1,0.04,1,3,161,0,1.21
11,Jules,human,19,Mon,0,1,hook,1,0,65,65,51,3,1,29,0,7,0,1,0.07,0,3,124,0,1
11,Jules,human,19,Mon,0,2,build,1,0,47,106,78,8,2,98,4,9,0,1,0.29,0,3,154,0,1
11,Jules,human,19,Mon,0,3,build,1,0,60,155,110,7,0,0,2,16,0,1,0.23,1,4,179,0,1
11,Jules,human,19,Mon,0,4,demo,1,0,50,193,143,13,1,29,4,13,0,1,0.66,0,4,166,0,1
11,Jules,human,19,Mon,0,5,demo,1,0,56,234,175,15,0,0,5,25,0,1,0.5,0,3,155,0,1
11,Jules,human,19,Mon,0,6,price,1,0,38,247,176,11,2,78,1,16,0,0,0.14,1,4,188,0,1
11,Jules,human,19,Mon,0,7,cta,1,0,57,268,189,20,5,145,2,20,0,1,0.08,0,3,165,0,1
11,Jules,human,19,Mon,0,8,fomo,1,0,54,303,215,16,3,107,9,27,0,1,0.13,0,6,141,1,1
11,Jules,human,19,Mon,0,9,fomo,1,0,34,313,226,13,1,49,6,24,0,0,0.01,0,3,133,2,1
11,Jules,human,19,Mon,0,10,qna,1,0,44,335,225,5,0,0,10,43,6,0,0.13,0,5,132,0,1
11,Jules,human,19,Mon,0,11,qna,1,0,80,398,275,13,1,29,12,46,6,0,0.01,0,6,137,0,1.31
11,Jules,human,19,Mon,0,12,hook,2,0,76,437,314,15,1,29,6,56,0,0,0.13,0,7,181,0,1.31
11,Jules,human,19,Mon,0,13,hook,2,0,65,470,334,15,2,58,5,28,0,0,0.1,0,6,173,0,1.31
11,Jules,human,19,Mon,0,14,build,2,0,57,469,325,22,1,29,5,43,0,1,0.2,1,7,149,0,1.31
11,Jules,human,19,Mon,0,15,build,2,0,55,465,349,17,3,87,8,42,0,1,0.37,0,5,149,0,1.31
11,Jules,human,19,Mon,0,16,build,2,0,72,484,337,20,3,107,8,45,0,0,0.27,1,7,162,0,1.31
11,Jules,human,19,Mon,0,17,demo,2,0,70,516,375,32,6,214,6,55,0,1,0.69,0,3,158,0,1.31
11,Jules,human,19,Mon,0,18,demo,2,0,80,557,402,36,5,165,8,54,0,1,0.52,0,6,189,0,1.31
11,Jules,human,19,Mon,0,19,demo,2,0,69,580,408,36,6,194,13,51,0,1,0.64,0,4,168,0,1.31
11,Jules,human,19,Mon,0,20,demo,2,0,71,603,441,44,3,107,8,53,0,1,0.64,0,3,160,0,1.31
11,Jules,human,19,Mon,0,21,price,2,0,82,629,455,35,6,254,13,67,0,1,0.06,1,5,131,0,1.31
11,Jules,human,19,Mon,0,22,cta,2,0,76,646,472,30,2,78,12,59,0,0,0,0,3,140,0,1.31
11,Jules,human,19,Mon,0,23,cta,2,0,66,642,470,47,8,272,11,72,0,1,0.01,1,5,159,0,1.31
11,Jules,human,19,Mon,0,24,fomo,2,0,86,681,500,34,11,339,17,58,0,0,0.05,0,5,189,1,1.31
11,Jules,human,19,Mon,0,25,fomo,2,0,72,698,498,33,6,174,12,74,0,1,0.02,0,7,132,2,1.31
11,Jules,human,19,Mon,0,26,qna,2,0,78,729,524,22,5,145,26,75,6,0,0.09,1,3,153,0,1.31
11,Jules,human,19,Mon,0,27,hook,3,0,78,734,515,22,1,29,13,69,0,1,0.08,0,3,131,0,1.31
11,Jules,human,19,Mon,0,28,hook,3,0,54,705,506,19,2,78,8,65,0,0,0.12,0,4,154,0,1.31
11,Jules,human,19,Mon,0,29,build,3,0,59,711,496,39,5,145,17,70,0,1,0.18,0,6,129,0,1.31
11,Jules,human,19,Mon,0,30,build,3,0,67,694,516,26,7,223,12,66,0,1,0.18,0,5,151,0,1.31
11,Jules,human,19,Mon,0,31,demo,3,0,74,703,512,57,7,263,14,63,0,1,0.53,0,6,130,0,1.31
11,Jules,human,19,Mon,0,32,demo,3,0,58,706,518,59,5,165,16,68,0,1,0.78,0,4,148,0,1.31
11,Jules,human,19,Mon,0,33,demo,3,0,69,703,526,43,4,136,12,55,0,1,0.46,0,5,136,0,1.31
11,Jules,human,19,Mon,0,34,price,3,0,59,693,498,44,6,174,14,53,0,1,0,1,7,188,0,1.31
11,Jules,human,19,Mon,0,35,cta,3,0,54,666,476,50,10,330,9,70,0,1,0.03,1,2,178,0,1.31
11,Jules,human,19,Mon,0,36,cta,3,0,86,672,488,44,14,466,9,74,0,0,0.02,1,6,187,0,1.31
11,Jules,human,19,Mon,0,37,fomo,3,0,76,692,512,39,7,223,10,60,0,0,0.08,0,6,189,1,1.31
11,Jules,human,19,Mon,0,38,fomo,3,0,70,706,521,28,9,281,16,64,0,0,0.03,0,5,130,2,1.31
11,Jules,human,19,Mon,0,39,qna,3,0,72,733,535,24,3,107,21,88,6,0,0.09,0,3,148,0,1.31
11,Jules,human,19,Mon,0,40,qna,3,0,50,725,522,25,3,87,30,91,6,0,0.12,0,4,176,0,1.31
11,Jules,human,19,Mon,0,41,qna,3,0,66,750,544,34,2,58,33,90,6,1,0.02,1,4,127,0,1.31
11,Jules,human,19,Mon,0,42,hook,4,0,57,744,529,30,2,58,19,74,0,1,0.04,1,3,160,0,1.31
11,Jules,human,19,Mon,0,43,hook,4,0,58,734,525,23,5,165,15,61,0,0,0.06,0,5,137,0,1.31
11,Jules,human,19,Mon,0,44,build,4,0,81,734,535,35,4,136,11,64,0,1,0.22,0,6,181,0,1.31
11,Jules,human,19,Mon,0,45,build,4,0,53,696,507,31,5,145,14,76,0,1,0.31,0,4,169,0,1.31
11,Jules,human,19,Mon,0,46,demo,4,0,50,686,485,50,8,292,13,55,0,1,0.71,0,3,129,0,1.31
11,Jules,human,19,Mon,0,47,demo,4,0,70,704,525,42,6,274,13,72,0,0,0.71,0,6,138,0,1.31
11,Jules,human,19,Mon,0,48,demo,4,0,62,701,512,37,7,243,10,65,0,1,0.72,0,3,121,0,1.31
11,Jules,human,19,Mon,0,49,price,4,0,73,706,508,46,5,165,17,75,0,1,0.1,0,2,178,0,1.31
11,Jules,human,19,Mon,0,50,cta,4,0,67,697,498,48,9,281,10,52,0,1,0.05,0,6,174,0,1.31
11,Jules,human,19,Mon,0,51,fomo,4,0,51,685,498,28,3,127,17,68,0,0,0.01,0,3,131,1,1.31
11,Jules,human,19,Mon,0,52,fomo,4,0,68,689,505,38,4,116,14,58,0,0,0.09,0,6,145,2,1.31
11,Jules,human,19,Mon,0,53,qna,4,0,68,698,519,15,3,87,22,73,6,0,0.07,0,2,132,0,1.31
11,Jules,human,19,Mon,0,54,filler,4,0,59,645,462,11,0,0,7,58,0,0,0.08,0,4,187,0,1.31
11,Jules,human,19,Mon,0,55,hook,5,0,57,644,472,21,2,78,14,60,0,0,0.07,0,7,167,0,1.31
11,Jules,human,19,Mon,0,56,hook,5,0,67,656,473,21,2,78,17,53,0,0,0.12,0,3,137,0,1.31
11,Jules,human,19,Mon,0,57,build,5,0,68,652,469,19,1,29,6,59,0,0,0.36,0,5,130,0,1.31
11,Jules,human,19,Mon,0,58,build,5,0,63,650,470,31,6,234,12,58,0,1,0.35,0,2,122,0,1.31
11,Jules,human,19,Mon,0,59,build,5,0,62,635,457,24,2,58,12,62,0,0,0.2,0,6,145,0,1.31
11,Jules,human,19,Mon,0,60,demo,5,0,59,636,456,40,6,214,14,70,0,0,0.82,0,4,166,0,1.31
11,Jules,human,19,Mon,0,61,demo,5,0,74,656,466,52,6,214,6,63,0,1,0.56,0,6,144,0,1.31
11,Jules,human,19,Mon,0,62,demo,5,0,62,655,465,30,7,223,14,58,0,1,0.52,0,3,131,0,1.31
11,Jules,human,19,Mon,0,63,price,5,0,63,636,454,28,1,29,11,55,0,1,0.06,0,3,156,0,1.31
11,Jules,human,19,Mon,0,64,cta,5,0,49,592,405,34,6,214,8,33,0,0,0.07,1,4,175,0,1.31
11,Jules,human,19,Mon,0,65,cta,5,0,76,618,463,64,12,408,12,59,0,1,0.15,1,4,150,0,1.31
11,Jules,human,19,Mon,0,66,fomo,5,0,62,626,470,33,6,214,9,53,0,1,0.1,0,3,130,1,1.31
11,Jules,human,19,Mon,0,67,qna,5,0,70,648,444,19,1,29,30,75,6,0,0.11,0,3,158,0,1.31
11,Jules,human,19,Mon,0,68,qna,5,0,58,662,478,24,4,156,30,83,6,0,0.1,0,6,133,0,1.31
11,Jules,human,19,Mon,0,69,qna,5,0,62,678,457,12,2,58,19,75,6,0,0.01,0,6,177,0,1.31
11,Jules,human,19,Mon,0,70,filler,5,0,49,627,453,13,1,29,5,48,0,0,0.07,1,5,176,0,1.31
11,Jules,human,19,Mon,0,71,hook,6,0,58,627,463,14,1,49,10,46,0,0,0.01,0,5,145,0,1.31
11,Jules,human,19,Mon,0,72,build,6,0,70,631,455,23,1,29,11,49,0,1,0.3,0,2,182,0,1.31
11,Jules,human,19,Mon,0,73,build,6,0,57,608,438,29,3,87,9,48,0,1,0.21,0,4,161,0,1.31
11,Jules,human,19,Mon,0,74,build,6,0,63,614,457,43,2,58,11,50,0,1,0.33,0,7,165,0,1.31
11,Jules,human,19,Mon,0,75,demo,6,0,69,629,438,36,3,107,10,49,0,1,0.67,0,5,134,0,1.31
11,Jules,human,19,Mon,0,76,demo,6,0,58,643,464,55,3,107,9,60,0,1,0.61,1,3,144,0,1.31
11,Jules,human,19,Mon,0,77,price,6,0,65,632,448,36,7,203,10,61,0,0,0.08,1,5,164,0,1.31
11,Jules,human,19,Mon,0,78,cta,6,0,67,643,461,44,7,263,13,54,0,0,0.09,1,5,168,0,1.31
11,Jules,human,19,Mon,0,79,fomo,6,0,58,651,450,27,5,165,10,58,0,0,0.15,0,4,146,1,1.31
11,Jules,human,19,Mon,0,80,fomo,6,0,64,657,469,23,4,136,9,66,0,0,0.11,0,6,148,2,1.31
11,Jules,human,19,Mon,0,81,qna,6,0,49,649,463,25,3,87,25,65,6,0,0.12,1,3,167,0,1.31
11,Jules,human,19,Mon,0,82,qna,6,0,67,670,493,20,2,78,26,75,6,0,0.03,0,5,161,0,1.31
11,Jules,human,19,Mon,0,83,hook,7,0,66,668,482,16,0,0,7,70,0,0,0.08,0,6,136,0,1.31
11,Jules,human,19,Mon,0,84,build,7,0,62,665,453,35,8,252,5,61,0,1,0.18,0,6,171,0,1.31
11,Jules,human,19,Mon,0,85,build,7,0,59,654,453,33,7,243,7,61,0,1,0.23,0,4,153,0,1.31
11,Jules,human,19,Mon,0,86,build,7,0,59,631,458,27,0,0,11,62,0,1,0.24,0,3,137,0,1.31
11,Jules,human,19,Mon,0,87,demo,7,0,57,639,475,44,8,272,12,46,0,0,0.53,0,6,160,0,1.31
11,Jules,human,19,Mon,0,88,demo,7,0,54,642,473,39,5,145,11,53,0,1,0.75,0,3,160,0,1.31
11,Jules,human,19,Mon,0,89,demo,7,0,60,649,488,37,3,107,15,63,0,0,0.74,0,7,155,0,1.31
11,Jules,human,19,Mon,0,90,price,7,0,68,636,456,43,6,174,11,52,0,1,0.12,0,4,178,0,1.31
11,Jules,human,19,Mon,0,91,cta,7,0,60,608,449,41,3,87,8,62,0,0,0.04,1,6,152,0,1.31
11,Jules,human,19,Mon,0,92,cta,7,0,48,584,406,46,10,310,12,59,0,1,0.12,0,2,131,0,1.31
11,Jules,human,19,Mon,0,93,fomo,7,0,51,579,403,30,4,176,18,58,0,0,0.03,0,2,122,1,1.31
11,Jules,human,19,Mon,0,94,fomo,7,0,61,592,444,37,6,234,16,46,0,1,0.04,0,5,182,2,1.31
11,Jules,human,19,Mon,0,95,qna,7,0,56,615,437,18,0,0,27,80,6,0,0.07,0,4,136,0,1.31
11,Jules,human,19,Mon,0,96,hook,8,0,47,602,448,15,2,58,11,49,0,0,0.12,0,2,128,0,1.31
11,Jules,human,19,Mon,0,97,build,8,0,53,576,409,23,0,0,8,56,0,0,0.17,0,6,155,0,1.31
11,Jules,human,19,Mon,0,98,build,8,0,48,565,394,30,5,165,11,38,0,1,0.23,0,4,123,0,1.31
11,Jules,human,19,Mon,0,99,demo,8,0,50,560,391,31,4,116,10,68,0,1,0.66,0,3,123,0,1.31
11,Jules,human,19,Mon,0,100,demo,8,0,53,563,386,28,4,136,8,57,0,1,0.61,0,5,132,0,1.31
11,Jules,human,19,Mon,0,101,price,8,0,54,558,382,26,6,194,13,55,0,0,0.14,1,3,173,0,1.31
11,Jules,human,19,Mon,0,102,cta,8,0,52,556,410,34,5,185,8,44,0,1,0.02,0,6,128,0,1.31
11,Jules,human,19,Mon,0,103,cta,8,0,48,544,381,40,4,156,8,57,0,1,0.13,1,6,122,0,1.31
11,Jules,human,19,Mon,0,104,fomo,8,0,77,579,427,38,10,330,5,44,0,1,0.01,0,5,190,1,1.31
11,Jules,human,19,Mon,0,105,qna,8,0,49,581,426,22,1,49,26,81,6,0,0.05,0,7,125,0,1.31
11,Jules,human,19,Mon,0,106,qna,8,0,64,613,446,19,4,116,21,79,6,0,0.07,1,5,164,0,1.31
11,Jules,human,19,Mon,0,107,filler,8,0,51,567,420,10,0,0,7,37,0,0,0.01,0,7,179,0,1.31
11,Jules,human,19,Mon,0,108,hook,9,0,65,572,411,23,3,87,14,36,0,1,0.13,0,4,164,0,1.31
11,Jules,human,19,Mon,0,109,hook,9,0,47,569,403,16,2,58,9,47,0,0,0.1,0,5,171,0,1.31
11,Jules,human,19,Mon,0,110,build,9,0,57,556,408,26,3,107,7,52,0,1,0.23,0,5,176,0,1.31
11,Jules,human,19,Mon,0,111,build,9,0,48,541,398,18,0,0,7,42,0,0,0.36,0,3,127,0,1.31
11,Jules,human,19,Mon,0,112,build,9,0,62,542,394,22,0,0,5,38,0,0,0.37,0,7,181,0,1.31
11,Jules,human,19,Mon,0,113,demo,9,0,57,558,401,32,5,145,11,53,0,1,0.63,0,3,120,0,1.31
11,Jules,human,19,Mon,0,114,demo,9,0,50,565,405,44,5,165,15,48,0,1,0.59,1,4,161,0,1.31
11,Jules,human,19,Mon,0,115,demo,9,0,50,552,404,37,6,214,7,49,0,1,0.8,0,4,177,0,1.31
11,Jules,human,19,Mon,0,116,price,9,0,55,547,394,43,9,281,5,48,0,1,0.03,1,3,164,0,1.31
11,Jules,human,19,Mon,0,117,cta,9,0,39,520,376,45,8,312,14,48,0,1,0.06,1,6,161,0,1.31
11,Jules,human,19,Mon,0,118,cta,9,0,55,519,367,29,2,58,9,53,0,0,0.04,1,7,173,0,1.31
11,Jules,human,19,Mon,0,119,fomo,9,0,58,527,374,36,4,116,11,34,0,1,0.13,0,6,164,1,1.31
11,Jules,human,19,Mon,0,120,fomo,9,0,47,533,360,13,3,127,7,49,0,0,0.02,0,4,177,2,1.31
12,Priya,human,19,Fri,0,1,hook,1,0,49,49,39,2,0,0,1,4,0,0,0.15,0,5,131,0,1
12,Priya,human,19,Fri,0,2,hook,1,0,58,103,76,1,0,0,2,8,0,1,0.11,1,5,130,0,1
12,Priya,human,19,Fri,0,3,build,1,0,46,133,98,4,1,29,1,11,0,1,0.18,0,5,180,0,1
12,Priya,human,19,Fri,0,4,build,1,0,57,171,125,9,3,87,4,11,0,0,0.22,1,2,186,0,1
12,Priya,human,19,Fri,0,5,build,1,0,57,209,163,7,2,78,4,16,0,0,0.25,0,4,149,0,1
12,Priya,human,19,Fri,0,6,demo,1,0,47,244,172,13,6,234,3,28,0,1,0.59,0,2,141,0,1
12,Priya,human,19,Fri,0,7,demo,1,0,67,287,199,18,1,49,3,23,0,1,0.63,0,6,149,0,1
12,Priya,human,19,Fri,0,8,demo,1,0,60,330,235,18,2,58,6,27,0,0,0.76,0,6,137,0,1
12,Priya,human,19,Fri,0,9,demo,1,0,67,367,261,31,4,136,8,36,0,1,0.57,0,6,175,0,1
12,Priya,human,19,Fri,0,10,demo,1,0,46,386,260,34,8,232,4,49,0,1,0.82,0,3,123,0,1
12,Priya,human,19,Fri,0,11,price,1,0,87,432,299,18,1,29,7,27,0,0,0.13,1,6,151,0,1.25
12,Priya,human,19,Fri,0,12,cta,1,0,57,454,329,39,3,87,5,55,0,1,0.06,1,4,129,0,1.25
12,Priya,human,19,Fri,0,13,fomo,1,0,68,487,354,21,2,78,12,49,0,0,0.09,0,5,141,1,1.25
12,Priya,human,19,Fri,0,14,qna,1,0,63,526,376,19,1,29,17,67,6,0,0.05,1,4,161,0,1.25
12,Priya,human,19,Fri,0,15,qna,1,0,64,558,413,19,3,107,20,54,6,0,0.02,0,5,161,0,1.25
12,Priya,human,19,Fri,0,16,qna,1,0,72,591,413,17,2,98,25,63,6,0,0.14,0,6,123,0,1.25
12,Priya,human,19,Fri,0,17,qna,1,0,74,618,453,16,2,58,27,63,6,0,0.07,0,5,190,0,1.25
12,Priya,human,19,Fri,0,18,dead,1,0,71,543,385,3,1,29,9,54,0,0,0.02,0,5,20,0,1.25
12,Priya,human,19,Fri,0,19,hook,2,0,76,575,403,17,2,78,12,68,0,0,0.09,0,3,125,0,1.25
12,Priya,human,19,Fri,0,20,build,2,0,74,600,420,26,5,165,6,50,0,0,0.26,0,4,121,0,1.25
12,Priya,human,19,Fri,0,21,build,2,0,55,577,410,26,4,116,7,39,0,0,0.21,0,5,167,0,1.25
12,Priya,human,19,Fri,0,22,build,2,0,66,574,419,32,4,156,10,45,0,1,0.32,0,4,126,0,1.25
12,Priya,human,19,Fri,0,23,demo,2,0,64,583,433,44,4,116,15,51,0,1,0.59,0,3,120,0,1.25
12,Priya,human,19,Fri,0,24,demo,2,0,61,592,442,18,0,0,10,62,0,0,0.78,0,4,129,0,1.25
12,Priya,human,19,Fri,0,25,demo,2,0,76,623,435,42,5,185,8,44,0,1,0.78,0,5,179,0,1.25
12,Priya,human,19,Fri,0,26,price,2,0,66,614,431,24,3,87,10,52,0,0,0.04,1,6,125,0,1.25
12,Priya,human,19,Fri,0,27,cta,2,0,55,608,436,44,8,292,13,55,0,0,0.02,0,4,184,0,1.25
12,Priya,human,19,Fri,0,28,cta,2,0,66,609,453,60,16,504,10,52,0,1,0.03,1,3,121,0,1.25
12,Priya,human,19,Fri,0,29,fomo,2,0,64,613,439,24,2,58,15,45,0,0,0.02,0,5,184,1,1.25
12,Priya,human,19,Fri,0,30,fomo,2,0,58,626,436,17,1,29,9,58,0,0,0.15,0,6,155,2,1.25
12,Priya,human,19,Fri,0,31,qna,2,0,62,654,452,22,2,58,20,65,6,0,0.01,0,5,172,0,1.25
12,Priya,human,19,Fri,0,32,qna,2,0,73,671,475,15,2,58,25,79,6,0,0.06,0,4,142,0,1.25
12,Priya,human,19,Fri,0,33,qna,2,0,68,684,499,23,3,127,30,87,6,0,0,0,6,121,0,1.25
12,Priya,human,19,Fri,0,34,qna,2,0,73,692,499,21,4,136,17,65,6,0,0.01,0,5,138,0,1.25
12,Priya,human,19,Fri,0,35,filler,2,0,66,653,471,14,2,98,5,67,0,0,0.06,0,5,151,0,1.25
12,Priya,human,19,Fri,0,36,hook,3,0,66,657,442,17,1,29,7,70,0,1,0.05,0,3,144,0,1.25
12,Priya,human,19,Fri,0,37,build,3,0,53,646,469,29,2,58,12,56,0,1,0.33,0,5,170,0,1.25
12,Priya,human,19,Fri,0,38,build,3,0,69,644,479,32,1,29,11,67,0,1,0.31,0,5,162,0,1.25
12,Priya,human,19,Fri,0,39,build,3,0,55,637,462,36,7,203,11,47,0,1,0.39,0,3,139,0,1.25
12,Priya,human,19,Fri,0,40,demo,3,0,55,633,474,46,7,263,16,61,0,1,0.6,0,7,128,0,1.25
12,Priya,human,19,Fri,0,41,demo,3,0,55,634,451,43,1,49,15,60,0,1,0.77,0,5,158,0,1.25
12,Priya,human,19,Fri,0,42,demo,3,0,64,640,456,44,3,87,15,60,0,1,0.52,0,6,144,0,1.25
12,Priya,human,19,Fri,0,43,demo,3,0,65,632,457,39,3,87,13,52,0,1,0.46,0,6,130,0,1.25
12,Priya,human,19,Fri,0,44,price,3,0,56,625,464,33,5,165,9,68,0,0,0.12,1,4,168,0,1.25
12,Priya,human,19,Fri,0,45,cta,3,0,57,624,456,42,9,261,9,58,0,1,0.13,1,4,128,0,1.25
12,Priya,human,19,Fri,0,46,fomo,3,0,57,644,444,35,5,165,13,68,0,0,0.09,1,4,121,1,1.25
12,Priya,human,19,Fri,0,47,fomo,3,0,58,654,471,25,2,58,9,52,0,0,0,0,2,169,2,1.25
12,Priya,human,19,Fri,0,48,qna,3,0,77,675,484,23,4,176,30,68,6,0,0.12,0,5,173,0,1.25
12,Priya,human,19,Fri,0,49,qna,3,0,48,664,487,21,0,0,30,82,6,0,0.12,0,2,124,0,1.25
12,Priya,human,19,Fri,0,50,qna,3,0,62,676,480,26,3,87,36,79,6,0,0.07,1,3,165,0,1.25
12,Priya,human,19,Fri,0,51,qna,3,0,52,692,510,24,3,107,33,89,6,1,0.05,0,5,121,0,1.25
12,Priya,human,19,Fri,0,52,hook,4,0,52,677,504,17,1,49,10,68,0,0,0.09,0,6,161,0,1.25
12,Priya,human,19,Fri,0,53,hook,4,0,62,678,476,11,2,58,16,68,0,0,0.08,0,2,126,0,1.25
12,Priya,human,19,Fri,0,54,build,4,0,66,669,487,33,4,156,11,68,0,0,0.37,0,5,131,0,1.25
12,Priya,human,19,Fri,0,55,build,4,0,56,642,447,33,5,165,10,54,0,1,0.19,0,5,184,0,1.25
12,Priya,human,19,Fri,0,56,build,4,0,42,613,444,30,4,116,13,54,0,0,0.27,0,3,173,0,1.25
12,Priya,human,19,Fri,0,57,build,4,0,66,626,447,23,0,0,8,49,0,0,0.4,0,4,153,0,1.25
12,Priya,human,19,Fri,0,58,demo,4,0,65,641,447,40,3,107,12,57,0,1,0.83,0,6,140,0,1.25
12,Priya,human,19,Fri,0,59,demo,4,0,57,643,471,45,7,283,18,54,0,0,0.57,1,6,177,0,1.25
12,Priya,human,19,Fri,0,60,demo,4,0,68,657,486,45,10,310,10,51,0,1,0.62,0,7,128,0,1.25
12,Priya,human,19,Fri,0,61,price,4,0,50,630,462,35,10,330,12,62,0,1,0.15,1,2,155,0,1.25
12,Priya,human,19,Fri,0,62,cta,4,0,63,620,447,50,8,232,11,66,0,1,0.1,0,4,159,0,1.25
12,Priya,human,19,Fri,0,63,fomo,4,0,53,627,429,24,5,185,14,62,0,0,0.11,0,5,173,1,1.25
12,Priya,human,19,Fri,0,64,qna,4,0,48,631,456,19,6,174,21,77,6,1,0.02,0,6,139,0,1.25
12,Priya,human,19,Fri,0,65,qna,4,0,69,650,462,11,2,78,24,69,6,0,0.07,0,6,131,0,1.25
12,Priya,human,19,Fri,0,66,qna,4,0,41,639,454,21,2,58,18,81,6,0,0.06,1,6,139,0,1.25
12,Priya,human,19,Fri,0,67,qna,4,0,80,684,478,22,3,87,14,85,6,0,0.13,0,2,180,0,1.25
12,Priya,human,19,Fri,0,68,filler,4,0,61,639,457,15,2,58,5,56,0,1,0.03,1,5,134,0,1.25
12,Priya,human,19,Fri,0,69,dead,4,0,56,570,429,11,0,0,2,60,0,1,0.05,0,5,20,0,1.25
12,Priya,human,19,Fri,0,70,hook,5,0,55,565,410,13,1,49,13,46,0,0,0.11,0,6,131,0,1.25
12,Priya,human,19,Fri,0,71,hook,5,0,66,572,415,14,1,29,13,56,0,0,0.1,0,3,159,0,1.25
12,Priya,human,19,Fri,0,72,build,5,0,76,591,430,28,4,116,10,53,0,0,0.35,1,3,133,0,1.25
12,Priya,human,19,Fri,0,73,build,5,0,65,605,444,26,2,78,10,62,0,1,0.25,0,6,178,0,1.25
12,Priya,human,19,Fri,0,74,demo,5,0,59,611,423,42,6,214,11,43,0,1,0.62,0,3,137,0,1.25
12,Priya,human,19,Fri,0,75,demo,5,0,57,607,429,47,6,174,8,50,0,1,0.48,0,3,163,0,1.25
12,Priya,human,19,Fri,0,76,demo,5,0,63,631,459,34,3,87,9,68,0,0,0.69,0,6,190,0,1.25
12,Priya,human,19,Fri,0,77,demo,5,0,47,638,454,38,3,87,8,55,0,1,0.67,0,4,134,0,1.25
12,Priya,human,19,Fri,0,78,price,5,0,72,642,458,36,6,174,4,43,0,1,0.13,1,4,173,0,1.25
12,Priya,human,19,Fri,0,79,cta,5,0,60,631,455,40,6,214,6,60,0,0,0.01,0,4,175,0,1.25
12,Priya,human,19,Fri,0,80,fomo,5,0,60,639,451,25,3,107,10,57,0,0,0.12,0,5,139,1,1.25
12,Priya,human,19,Fri,0,81,fomo,5,0,61,643,450,36,4,136,9,61,0,1,0.09,0,4,166,2,1.25
12,Priya,human,19,Fri,0,82,qna,5,0,57,656,476,20,2,58,12,78,6,1,0.01,0,7,150,0,1.25
12,Priya,human,19,Fri,0,83,qna,5,0,45,647,462,24,3,87,26,86,6,1,0.1,0,4,167,0,1.25
12,Priya,human,19,Fri,0,84,hook,6,0,49,627,432,19,0,0,10,44,0,0,0.14,0,3,144,0,1.25
12,Priya,human,19,Fri,0,85,hook,6,0,60,614,442,19,1,29,8,74,0,0,0.15,0,7,133,0,1.25
12,Priya,human,19,Fri,0,86,build,6,0,52,604,449,30,5,165,11,59,0,0,0.35,0,3,189,0,1.25
12,Priya,human,19,Fri,0,87,build,6,0,52,589,409,30,5,165,11,42,0,1,0.38,0,4,173,0,1.25
12,Priya,human,19,Fri,0,88,build,6,0,53,584,435,35,4,136,8,44,0,1,0.4,0,2,188,0,1.25
12,Priya,human,19,Fri,0,89,demo,6,0,38,574,431,49,11,359,9,56,0,1,0.49,0,5,135,0,1.25
12,Priya,human,19,Fri,0,90,demo,6,0,75,600,426,40,7,223,11,49,0,1,0.82,0,6,190,0,1.25
12,Priya,human,19,Fri,0,91,demo,6,0,61,607,431,40,4,156,11,54,0,0,0.84,0,3,128,0,1.25
12,Priya,human,19,Fri,0,92,price,6,0,61,610,442,26,7,243,14,58,0,1,0.14,1,4,125,0,1.25
12,Priya,human,19,Fri,0,93,cta,6,0,65,609,444,32,6,174,4,45,0,0,0.15,1,4,172,0,1.25
12,Priya,human,19,Fri,0,94,cta,6,0,65,610,439,42,6,214,9,53,0,0,0.05,1,5,163,0,1.25
12,Priya,human,19,Fri,0,95,fomo,6,0,53,611,422,21,3,87,9,47,0,0,0.03,0,6,189,1,1.25
12,Priya,human,19,Fri,0,96,fomo,6,0,45,615,420,26,1,49,17,51,0,0,0.1,0,3,124,2,1.25
12,Priya,human,19,Fri,0,97,qna,6,0,63,636,455,12,2,58,24,70,6,0,0.1,0,6,172,0,1.25
12,Priya,human,19,Fri,0,98,qna,6,0,52,639,471,17,2,78,17,81,6,0,0.1,0,3,170,0,1.25
12,Priya,human,19,Fri,0,99,filler,6,0,57,584,413,14,1,29,10,46,0,1,0.14,0,7,124,0,1.25
12,Priya,human,19,Fri,0,100,hook,7,0,42,566,404,16,0,0,9,46,0,0,0.09,0,6,183,0,1.25
12,Priya,human,19,Fri,0,101,build,7,0,66,565,389,16,3,87,7,39,0,1,0.38,0,5,127,0,1.25
12,Priya,human,19,Fri,0,102,build,7,0,54,547,395,24,1,29,8,43,0,1,0.25,0,3,127,0,1.25
12,Priya,human,19,Fri,0,103,demo,7,0,54,558,399,51,9,341,1,62,0,1,0.65,1,6,163,0,1.25
12,Priya,human,19,Fri,0,104,demo,7,0,55,570,420,38,5,165,5,45,0,1,0.53,0,4,137,0,1.25
12,Priya,human,19,Fri,0,105,demo,7,0,55,571,391,30,3,107,8,47,0,1,0.81,0,5,167,0,1.25
12,Priya,human,19,Fri,0,106,demo,7,0,48,560,419,33,2,58,19,49,0,1,0.75,0,2,139,0,1.25
12,Priya,human,19,Fri,0,107,price,7,0,77,588,422,46,10,330,9,62,0,1,0.12,1,3,168,0,1.25
12,Priya,human,19,Fri,0,108,cta,7,0,59,591,423,50,10,330,6,59,0,1,0.15,1,4,128,0,1.25
12,Priya,human,19,Fri,0,109,cta,7,0,53,576,401,41,6,234,7,63,0,1,0.13,1,3,125,0,1.25
12,Priya,human,19,Fri,0,110,fomo,7,0,56,579,414,29,7,243,14,47,0,0,0.04,0,4,165,1,1.25
12,Priya,human,19,Fri,0,111,fomo,7,0,37,571,401,30,3,87,11,59,0,0,0.08,0,4,166,2,1.25
12,Priya,human,19,Fri,0,112,qna,7,0,54,580,414,21,4,116,37,72,6,0,0.03,1,6,141,0,1.25
12,Priya,human,19,Fri,0,113,qna,7,0,58,597,419,12,0,0,20,75,6,1,0.08,0,6,165,0,1.25
12,Priya,human,19,Fri,0,114,qna,7,0,41,595,412,21,2,78,28,76,6,0,0.07,0,4,186,0,1.25
12,Priya,human,19,Fri,0,115,hook,8,0,65,603,429,16,3,107,9,56,0,0,0.09,0,3,183,0,1.25
12,Priya,human,19,Fri,0,116,build,8,0,41,580,410,26,2,58,9,48,0,1,0.31,0,7,151,0,1.25
12,Priya,human,19,Fri,0,117,build,8,0,53,572,408,31,4,116,8,56,0,1,0.23,0,2,163,0,1.25
12,Priya,human,19,Fri,0,118,demo,8,0,47,576,416,32,1,49,8,49,0,1,0.52,0,3,121,0,1.25
12,Priya,human,19,Fri,0,119,demo,8,0,55,580,433,31,6,194,5,40,0,1,0.53,0,3,164,0,1.25
12,Priya,human,19,Fri,0,120,demo,8,0,62,597,428,46,5,165,10,57,0,1,0.49,0,4,130,0,1.25
13,Priya,human,19,Sun,1,1,hook,1,1,80,80,53,2,0,0,4,24,0,0,0.03,0,3,168,0,1
13,Priya,human,19,Sun,1,2,hook,1,1,78,145,107,7,0,0,9,37,0,0,0.08,0,5,148,0,1
13,Priya,human,19,Sun,1,3,hook,1,1,89,221,161,10,1,29,10,55,0,0,0.06,0,3,188,0,1
13,Priya,human,19,Sun,1,4,hook,1,1,77,271,183,10,0,0,10,60,0,0,0.03,0,7,128,0,1
13,Priya,human,19,Sun,1,5,hook,1,1,79,329,236,3,0,0,15,83,0,0,0.07,0,3,147,0,1
13,Priya,human,19,Sun,1,6,hook,1,1,77,372,269,8,0,0,15,92,0,0,0.05,0,4,176,0,1
13,Priya,human,19,Sun,1,7,price,1,0,57,389,279,16,0,0,11,39,0,1,0.06,0,5,177,0,1
13,Priya,human,19,Sun,1,8,cta,1,0,45,384,293,32,5,185,4,25,0,1,0.01,1,6,141,0,1
13,Priya,human,19,Sun,1,9,cta,1,0,72,415,291,28,6,174,7,47,0,0,0.04,0,6,187,0,1
13,Priya,human,19,Sun,1,10,fomo,1,0,54,436,338,22,5,165,10,42,0,0,0.09,1,6,122,1,1
13,Priya,human,19,Sun,1,11,fomo,1,0,137,533,382,18,2,58,8,71,0,1,0.1,0,6,169,2,2.01
13,Priya,human,19,Sun,1,12,qna,1,0,121,616,437,18,1,29,15,51,6,0,0.03,0,4,148,0,2.01
13,Priya,human,19,Sun,1,13,qna,1,0,100,669,494,26,1,49,25,73,6,0,0.15,0,4,172,0,2.01
13,Priya,human,19,Sun,1,14,hook,2,0,135,732,519,5,0,0,19,64,0,0,0.06,0,7,163,0,2.01
13,Priya,human,19,Sun,1,15,hook,2,0,136,792,561,18,1,29,9,59,0,0,0.03,0,4,173,0,2.01
13,Priya,human,19,Sun,1,16,build,2,0,126,839,626,37,3,107,11,70,0,1,0.37,0,3,161,0,2.01
13,Priya,human,19,Sun,1,17,build,2,0,109,862,600,39,4,136,13,74,0,0,0.21,0,3,132,0,2.01
13,Priya,human,19,Sun,1,18,build,2,0,108,876,628,32,3,127,14,60,0,0,0.27,0,5,189,0,2.01
13,Priya,human,19,Sun,1,19,demo,2,0,119,922,666,83,12,428,16,70,0,1,0.84,1,3,188,0,2.01
13,Priya,human,19,Sun,1,20,demo,2,0,119,961,707,62,4,116,15,94,0,0,0.57,0,7,125,0,2.01
13,Priya,human,19,Sun,1,21,demo,2,0,112,983,694,73,8,292,23,102,0,1,0.73,0,4,140,0,2.01
13,Priya,human,19,Sun,1,22,demo,2,0,106,1000,721,69,10,330,17,75,0,1,0.52,0,7,139,0,2.01
13,Priya,human,19,Sun,1,23,price,2,0,112,1027,759,45,5,165,21,76,0,0,0.04,1,4,138,0,2.01
13,Priya,human,19,Sun,1,24,cta,2,0,106,1013,744,60,9,281,15,84,0,1,0.1,0,3,136,0,2.01
13,Priya,human,19,Sun,1,25,cta,2,0,138,1028,716,64,7,203,20,113,0,1,0.01,1,6,133,0,2.01
13,Priya,human,19,Sun,1,26,fomo,2,0,116,1086,789,44,5,165,16,94,0,0,0.08,0,7,184,1,2.01
13,Priya,human,19,Sun,1,27,fomo,2,0,102,1106,807,56,10,330,22,93,0,1,0.04,0,6,157,2,2.01
13,Priya,human,19,Sun,1,28,qna,2,0,110,1138,788,35,3,87,43,118,6,0,0.08,1,5,178,0,2.01
13,Priya,human,19,Sun,1,29,qna,2,0,125,1176,845,49,10,330,44,149,6,0,0.13,0,7,149,0,2.01
13,Priya,human,19,Sun,1,30,qna,2,0,118,1209,888,38,4,136,46,138,6,0,0.07,1,7,136,0,2.01
13,Priya,human,19,Sun,1,31,hook,3,0,118,1212,872,45,6,194,23,94,0,0,0,1,4,171,0,2.01
13,Priya,human,19,Sun,1,32,hook,3,0,86,1191,840,34,1,29,21,110,0,0,0.07,0,5,185,0,2.01
13,Priya,human,19,Sun,1,33,build,3,0,111,1185,865,60,7,263,21,105,0,1,0.27,0,4,158,0,2.01
13,Priya,human,19,Sun,1,34,build,3,0,109,1160,819,50,4,116,23,108,0,1,0.32,0,4,179,0,2.01
13,Priya,human,19,Sun,1,35,build,3,0,102,1146,810,23,3,107,19,96,0,1,0.18,0,3,136,0,2.01
13,Priya,human,19,Sun,1,36,demo,3,0,112,1165,885,91,10,330,23,114,0,1,0.63,0,6,186,0,2.01
13,Priya,human,19,Sun,1,37,demo,3,0,109,1167,825,80,9,321,15,113,0,1,0.63,0,6,123,0,2.01
13,Priya,human,19,Sun,1,38,demo,3,0,116,1176,818,54,6,214,29,112,0,0,0.65,0,5,125,0,2.01
13,Priya,human,19,Sun,1,39,demo,3,0,88,1168,841,79,6,234,24,103,0,1,0.57,0,7,152,0,2.01
13,Priya,human,19,Sun,1,40,price,3,0,115,1159,836,72,16,544,19,110,0,0,0.1,1,4,143,0,2.01
13,Priya,human,19,Sun,1,41,cta,3,0,113,1132,822,97,11,379,21,108,0,1,0.13,1,3,155,0,2.01
13,Priya,human,19,Sun,1,42,fomo,3,0,93,1131,817,51,8,292,21,94,0,0,0.01,0,6,144,1,2.01
13,Priya,human,19,Sun,1,43,qna,3,0,141,1177,835,38,4,136,37,120,6,0,0.09,0,4,134,0,2.01
13,Priya,human,19,Sun,1,44,qna,3,0,113,1210,848,40,4,136,37,128,6,0,0.1,0,5,144,0,2.01
13,Priya,human,19,Sun,1,45,qna,3,0,102,1219,891,38,3,87,43,142,6,0,0.1,0,6,160,0,2.01
13,Priya,human,19,Sun,1,46,qna,3,0,116,1243,894,44,5,185,33,140,6,0,0.08,0,3,135,0,2.01
13,Priya,human,19,Sun,1,47,hook,4,0,104,1213,879,28,4,156,18,108,0,0,0.14,0,2,121,0,2.01
13,Priya,human,19,Sun,1,48,build,4,0,110,1189,863,50,5,165,27,112,0,0,0.31,0,6,154,0,2.01
13,Priya,human,19,Sun,1,49,build,4,0,112,1183,869,55,7,243,22,101,0,1,0.4,0,4,163,0,2.01
13,Priya,human,19,Sun,1,50,build,4,0,103,1145,811,51,4,156,20,103,0,1,0.22,0,3,162,0,2.01
13,Priya,human,19,Sun,1,51,demo,4,0,109,1155,827,75,13,437,15,104,0,1,0.68,0,6,121,0,2.01
13,Priya,human,19,Sun,1,52,demo,4,0,89,1137,850,74,4,136,18,121,0,1,0.79,0,4,178,0,2.01
13,Priya,human,19,Sun,1,53,demo,4,0,116,1146,835,75,5,185,20,98,0,1,0.75,0,4,160,0,2.01
13,Priya,human,19,Sun,1,54,price,4,0,115,1144,814,48,2,58,20,105,0,0,0.04,1,6,163,0,2.01
13,Priya,human,19,Sun,1,55,cta,4,0,117,1130,782,84,9,261,22,99,0,1,0.08,1,5,147,0,2.01
13,Priya,human,19,Sun,1,56,cta,4,0,108,1120,813,88,15,515,22,98,0,1,0.01,0,6,153,0,2.01
13,Priya,human,19,Sun,1,57,fomo,4,0,103,1122,790,56,11,359,15,89,0,0,0.13,0,6,184,1,2.01
13,Priya,human,19,Sun,1,58,fomo,4,0,110,1141,831,55,8,232,28,104,0,0,0.09,0,4,146,2,2.01
13,Priya,human,19,Sun,1,59,qna,4,0,123,1194,838,55,4,136,45,140,6,1,0.12,1,4,164,0,2.01
13,Priya,human,19,Sun,1,60,qna,4,0,94,1193,864,43,3,127,39,119,6,1,0.08,0,7,173,0,2.01
13,Priya,human,19,Sun,1,61,hook,5,0,113,1204,891,35,3,87,27,106,0,0,0.12,0,7,128,0,2.01
13,Priya,human,19,Sun,1,62,hook,5,0,116,1197,894,32,1,49,14,101,0,0,0.06,0,6,170,0,2.01
13,Priya,human,19,Sun,1,63,build,5,0,101,1168,838,49,2,58,25,89,0,1,0.28,0,6,148,0,2.01
13,Priya,human,19,Sun,1,64,build,5,0,103,1147,832,39,3,107,12,99,0,0,0.28,0,6,133,0,2.01
13,Priya,human,19,Sun,1,65,build,5,0,95,1136,849,67,5,145,15,102,0,1,0.39,0,6,133,0,2.01
13,Priya,human,19,Sun,1,66,demo,5,0,111,1162,838,75,14,506,21,94,0,1,0.69,0,4,143,0,2.01
13,Priya,human,19,Sun,1,67,demo,5,0,114,1176,857,87,10,390,19,107,0,1,0.63,0,4,141,0,2.01
13,Priya,human,19,Sun,1,68,demo,5,0,108,1178,859,85,11,339,21,113,0,1,0.59,0,5,183,0,2.01
13,Priya,human,19,Sun,1,69,demo,5,0,97,1165,809,58,5,165,21,110,0,0,0.63,0,6,148,0,2.01
13,Priya,human,19,Sun,1,70,demo,5,0,99,1142,831,81,9,301,16,102,0,1,0.58,1,5,148,0,2.01
13,Priya,human,19,Sun,1,71,price,5,0,115,1144,819,79,11,379,26,99,0,1,0.13,1,5,183,0,2.01
13,Priya,human,19,Sun,1,72,cta,5,0,112,1144,820,68,12,448,15,85,0,0,0.08,1,7,151,0,2.01
13,Priya,human,19,Sun,1,73,cta,5,0,101,1104,798,73,16,544,22,110,0,0,0.03,1,4,187,0,2.01
13,Priya,human,19,Sun,1,74,fomo,5,0,105,1124,814,62,5,165,23,92,0,0,0.13,0,5,144,1,2.01
13,Priya,human,19,Sun,1,75,fomo,5,0,119,1144,836,37,5,145,14,96,0,0,0.06,0,3,131,2,2.01
13,Priya,human,19,Sun,1,76,qna,5,0,98,1164,829,36,8,292,37,109,6,0,0.06,0,6,157,0,2.01
13,Priya,human,19,Sun,1,77,qna,5,0,122,1192,850,27,4,136,39,154,6,0,0.02,0,3,150,0,2.01
13,Priya,human,19,Sun,1,78,qna,5,0,101,1204,878,34,2,58,44,128,6,0,0.12,0,4,162,0,2.01
13,Priya,human,19,Sun,1,79,hook,6,0,113,1190,847,30,2,78,24,116,0,0,0.02,0,6,185,0,2.01
13,Priya,human,19,Sun,1,80,hook,6,0,112,1185,886,27,2,78,17,99,0,0,0.09,0,5,178,0,2.01
13,Priya,human,19,Sun,1,81,build,6,0,100,1144,823,48,7,223,10,112,0,1,0.29,0,7,138,0,2.01
13,Priya,human,19,Sun,1,82,build,6,0,88,1113,814,54,5,145,26,114,0,1,0.38,0,4,149,0,2.01
13,Priya,human,19,Sun,1,83,build,6,0,101,1076,784,43,5,185,18,97,0,0,0.3,0,3,165,0,2.01
13,Priya,human,19,Sun,1,84,demo,6,0,103,1067,761,85,10,370,24,83,0,1,0.74,0,4,168,0,2.01
13,Priya,human,19,Sun,1,85,demo,6,0,116,1085,798,73,16,564,19,108,0,1,0.56,0,4,170,0,2.01
13,Priya,human,19,Sun,1,86,demo,6,0,94,1072,765,74,7,203,17,100,0,1,0.78,0,3,145,0,2.01
13,Priya,human,19,Sun,1,87,demo,6,0,109,1096,785,100,8,272,17,83,0,1,0.81,0,3,123,0,2.01
13,Priya,human,19,Sun,1,88,demo,6,0,84,1079,805,76,5,145,17,93,0,1,0.7,0,5,134,0,2.01
13,Priya,human,19,Sun,1,89,price,6,0,94,1063,753,53,7,223,22,96,0,0,0.14,0,4,181,0,2.01
13,Priya,human,19,Sun,1,90,cta,6,0,102,1066,773,82,18,642,15,86,0,0,0.08,1,2,170,0,2.01
13,Priya,human,19,Sun,1,91,fomo,6,0,98,1080,794,47,6,174,17,122,0,0,0.03,0,7,139,1,2.01
13,Priya,human,19,Sun,1,92,fomo,6,0,105,1093,765,49,11,359,29,104,0,0,0.14,0,4,146,2,2.01
13,Priya,human,19,Sun,1,93,qna,6,0,98,1077,766,37,7,243,29,121,6,0,0.14,1,4,144,0,2.01
13,Priya,human,19,Sun,1,94,qna,6,0,104,1119,809,36,8,292,27,118,6,0,0.09,0,6,170,0,2.01
13,Priya,human,19,Sun,1,95,qna,6,0,112,1147,807,24,2,58,49,139,6,0,0.04,0,4,159,0,2.01
13,Priya,human,19,Sun,1,96,hook,7,0,94,1115,789,34,4,116,22,113,0,0,0.07,0,4,162,0,2.01
13,Priya,human,19,Sun,1,97,hook,7,0,97,1119,834,28,0,0,27,114,0,1,0.14,0,3,157,0,2.01
13,Priya,human,19,Sun,1,98,build,7,0,96,1083,790,49,3,87,22,98,0,1,0.21,0,4,123,0,2.01
13,Priya,human,19,Sun,1,99,build,7,0,106,1048,758,46,4,136,17,113,0,0,0.24,0,5,150,0,2.01
13,Priya,human,19,Sun,1,100,demo,7,0,92,1052,739,68,5,145,17,96,0,1,0.72,0,6,160,0,2.01
13,Priya,human,19,Sun,1,101,demo,7,0,88,1033,746,47,5,185,17,103,0,0,0.45,0,5,152,0,2.01
13,Priya,human,19,Sun,1,102,demo,7,0,114,1060,767,49,7,203,14,97,0,0,0.57,0,4,185,0,2.01
13,Priya,human,19,Sun,1,103,demo,7,0,85,1038,755,76,11,379,24,84,0,1,0.84,0,3,128,0,2.01
13,Priya,human,19,Sun,1,104,demo,7,0,103,1045,728,69,8,332,18,104,0,1,0.83,0,6,147,0,2.01
13,Priya,human,19,Sun,1,105,price,7,0,89,1027,734,61,7,223,21,85,0,1,0.04,0,4,123,0,2.01
13,Priya,human,19,Sun,1,106,cta,7,0,93,1027,719,72,8,292,20,99,0,0,0.04,1,5,153,0,2.01
13,Priya,human,19,Sun,1,107,fomo,7,0,104,1042,761,41,7,243,22,81,0,0,0.07,0,3,185,1,2.01
13,Priya,human,19,Sun,1,108,fomo,7,0,99,1052,761,34,5,165,17,99,0,0,0.1,0,2,132,2,2.01
13,Priya,human,19,Sun,1,109,qna,7,0,92,1071,777,40,4,136,39,129,6,0,0.07,1,6,180,0,2.01
13,Priya,human,19,Sun,1,110,qna,7,0,100,1092,818,20,1,29,33,123,6,0,0.06,0,3,181,0,2.01
13,Priya,human,19,Sun,1,111,qna,7,0,106,1127,808,47,6,194,43,127,6,0,0.05,0,4,164,0,2.01
13,Priya,human,19,Sun,1,112,filler,7,0,89,1050,773,22,2,58,11,95,0,0,0.06,1,6,149,0,2.01
13,Priya,human,19,Sun,1,113,hook,8,0,94,1044,751,41,2,78,15,94,0,0,0.1,0,6,167,0,2.01
13,Priya,human,19,Sun,1,114,build,8,0,95,1036,763,32,1,29,23,81,0,0,0.29,0,6,176,0,2.01
13,Priya,human,19,Sun,1,115,build,8,0,94,1027,746,40,3,87,26,94,0,0,0.15,0,5,129,0,2.01
13,Priya,human,19,Sun,1,116,build,8,0,91,996,700,46,2,58,20,85,0,1,0.4,0,3,121,0,2.01
13,Priya,human,19,Sun,1,117,build,8,0,91,978,699,42,4,136,22,89,0,1,0.34,0,5,125,0,2.01
13,Priya,human,19,Sun,1,118,demo,8,0,113,1014,734,73,5,165,23,89,0,1,0.49,1,4,185,0,2.01
13,Priya,human,19,Sun,1,119,demo,8,0,89,1014,735,77,7,263,15,87,0,1,0.74,0,5,140,0,2.01
13,Priya,human,19,Sun,1,120,demo,8,0,94,1025,749,75,5,165,18,85,0,1,0.48,0,4,179,0,2.01
14,Priya,human,19,Thu,0,1,hook,1,0,59,59,40,0,0,0,1,4,0,0,0.03,0,5,187,0,1
14,Priya,human,19,Thu,0,2,hook,1,0,72,125,89,2,0,0,2,10,0,0,0,0,7,160,0,1
14,Priya,human,19,Thu,0,3,build,1,0,51,162,127,8,1,49,0,13,0,0,0.24,0,4,188,0,1
14,Priya,human,19,Thu,0,4,build,1,0,53,196,143,8,2,78,8,15,0,0,0.38,0,5,162,0,1
14,Priya,human,19,Thu,0,5,build,1,0,62,242,178,13,0,0,5,20,0,1,0.28,0,5,151,0,1
14,Priya,human,19,Thu,0,6,build,1,0,68,281,201,14,1,29,4,24,0,0,0.31,1,3,174,0,1
14,Priya,human,19,Thu,0,7,demo,1,0,46,309,201,18,3,87,5,24,0,1,0.65,0,5,153,0,1
14,Priya,human,19,Thu,0,8,demo,1,0,54,332,248,23,1,29,5,33,0,1,0.8,0,5,128,0,1
14,Priya,human,19,Thu,0,9,demo,1,0,54,353,251,29,5,165,8,25,0,1,0.56,0,6,145,0,1
14,Priya,human,19,Thu,0,10,price,1,0,57,368,269,22,2,58,4,29,0,0,0.01,1,4,181,0,1
14,Priya,human,19,Thu,0,11,cta,1,0,73,403,286,30,3,107,5,30,0,1,0.15,1,5,179,0,1.19
14,Priya,human,19,Thu,0,12,fomo,1,0,76,437,323,18,1,29,9,42,0,0,0.08,0,3,155,1,1.19
14,Priya,human,19,Thu,0,13,fomo,1,0,59,454,332,25,4,116,3,40,0,0,0.08,0,5,142,2,1.19
14,Priya,human,19,Thu,0,14,qna,1,0,79,504,348,11,1,29,10,61,6,0,0.07,0,7,153,0,1.19
14,Priya,human,19,Thu,0,15,qna,1,0,79,549,389,21,2,78,18,66,6,0,0.08,0,3,185,0,1.19
14,Priya,human,19,Thu,0,16,filler,1,0,68,534,364,11,1,29,5,46,0,0,0.06,0,3,183,0,1.19
14,Priya,human,19,Thu,0,17,hook,2,0,62,544,391,15,3,107,14,58,0,0,0.05,0,7,130,0,1.19
14,Priya,human,19,Thu,0,18,build,2,0,72,562,420,23,6,214,10,57,0,1,0.2,0,4,177,0,1.19
14,Priya,human,19,Thu,0,19,build,2,0,76,584,416,31,5,145,10,55,0,1,0.29,0,3,127,0,1.19
14,Priya,human,19,Thu,0,20,build,2,0,69,586,423,26,4,156,11,61,0,1,0.35,0,2,177,0,1.19
14,Priya,human,19,Thu,0,21,demo,2,0,53,592,431,36,3,107,6,55,0,1,0.59,0,3,157,0,1.19
14,Priya,human,19,Thu,0,22,demo,2,0,70,616,431,44,8,252,8,54,0,1,0.5,0,2,135,0,1.19
14,Priya,human,19,Thu,0,23,demo,2,0,68,632,445,44,4,156,15,55,0,1,0.7,0,5,162,0,1.19
14,Priya,human,19,Thu,0,24,demo,2,0,55,635,453,45,6,194,10,52,0,1,0.6,0,5,182,0,1.19
14,Priya,human,19,Thu,0,25,demo,2,0,57,628,458,62,11,379,4,54,0,1,0.82,1,3,149,0,1.19
14,Priya,human,19,Thu,0,26,price,2,0,60,631,454,41,10,350,10,55,0,1,0.1,1,5,128,0,1.19
14,Priya,human,19,Thu,0,27,cta,2,0,67,620,450,58,11,359,12,68,0,1,0.05,1,4,164,0,1.19
14,Priya,human,19,Thu,0,28,fomo,2,0,54,630,435,43,7,243,14,51,0,0,0.13,1,4,138,1,1.19
14,Priya,human,19,Thu,0,29,fomo,2,0,60,630,457,37,9,281,11,51,0,0,0.07,0,3,144,2,1.19
14,Priya,human,19,Thu,0,30,qna,2,0,70,664,467,10,3,87,22,79,6,0,0.11,0,7,152,0,1.19
14,Priya,human,19,Thu,0,31,qna,2,0,57,669,515,22,1,29,29,78,6,0,0.02,0,6,145,0,1.19
14,Priya,human,19,Thu,0,32,qna,2,0,66,692,481,23,1,29,24,79,6,0,0.12,0,6,137,0,1.19
14,Priya,human,19,Thu,0,33,qna,2,0,68,723,525,14,2,78,23,88,6,0,0.06,0,3,175,0,1.19
14,Priya,human,19,Thu,0,34,hook,3,0,69,728,543,16,2,58,18,77,0,0,0,0,5,128,0,1.19
14,Priya,human,19,Thu,0,35,build,3,0,73,724,512,36,3,107,11,66,0,1,0.19,0,4,144,0,1.19
14,Priya,human,19,Thu,0,36,build,3,0,69,716,527,29,2,58,10,61,0,0,0.23,0,3,175,0,1.19
14,Priya,human,19,Thu,0,37,build,3,0,67,701,521,27,4,136,13,82,0,1,0.27,1,4,163,0,1.19
14,Priya,human,19,Thu,0,38,demo,3,0,61,703,504,46,2,78,15,71,0,1,0.53,0,7,186,0,1.19
14,Priya,human,19,Thu,0,39,demo,3,0,69,721,532,45,2,58,14,71,0,1,0.74,0,5,179,0,1.19
14,Priya,human,19,Thu,0,40,demo,3,0,51,711,498,47,2,58,12,65,0,1,0.76,0,5,176,0,1.19
14,Priya,human,19,Thu,0,41,price,3,0,56,707,507,42,5,205,12,69,0,1,0.09,1,2,146,0,1.19
14,Priya,human,19,Thu,0,42,cta,3,0,45,685,483,55,6,194,9,63,0,1,0.03,1,6,137,0,1.19
14,Priya,human,19,Thu,0,43,cta,3,0,75,692,502,43,6,234,12,42,0,0,0.04,1,6,168,0,1.19
14,Priya,human,19,Thu,0,44,fomo,3,0,59,688,512,33,6,174,18,57,0,0,0.05,0,2,127,1,1.19
14,Priya,human,19,Thu,0,45,fomo,3,0,64,708,517,23,3,107,15,66,0,0,0,0,7,138,2,1.19
14,Priya,human,19,Thu,0,46,qna,3,0,63,722,539,25,2,78,37,86,6,1,0.13,0,3,186,0,1.19
14,Priya,human,19,Thu,0,47,qna,3,0,53,725,522,20,3,107,31,93,6,0,0.07,0,5,181,0,1.19
14,Priya,human,19,Thu,0,48,hook,4,0,66,715,498,30,2,58,6,58,0,0,0.07,0,6,167,0,1.19
14,Priya,human,19,Thu,0,49,hook,4,0,57,705,506,23,1,29,6,47,0,0,0.01,1,3,145,0,1.19
14,Priya,human,19,Thu,0,50,build,4,0,64,691,497,31,4,156,15,68,0,1,0.22,0,4,147,0,1.19
14,Priya,human,19,Thu,0,51,build,4,0,77,691,496,29,4,136,13,53,0,0,0.39,0,3,133,0,1.19
14,Priya,human,19,Thu,0,52,build,4,0,64,668,484,25,3,87,8,55,0,1,0.33,1,4,148,0,1.19
14,Priya,human,19,Thu,0,53,demo,4,0,57,659,466,43,7,203,11,67,0,1,0.59,0,3,154,0,1.19
14,Priya,human,19,Thu,0,54,demo,4,0,59,660,479,41,7,203,11,58,0,1,0.52,0,5,170,0,1.19
14,Priya,human,19,Thu,0,55,demo,4,0,54,651,480,46,3,107,9,60,0,1,0.48,0,4,125,0,1.19
14,Priya,human,19,Thu,0,56,price,4,0,53,645,477,61,7,263,10,66,0,1,0.04,1,5,135,0,1.19
14,Priya,human,19,Thu,0,57,cta,4,0,60,625,427,62,5,165,12,60,0,1,0.01,1,5,148,0,1.19
14,Priya,human,19,Thu,0,58,fomo,4,0,66,654,470,22,3,107,12,59,0,0,0.12,0,3,178,1,1.19
14,Priya,human,19,Thu,0,59,fomo,4,0,69,665,457,34,4,156,9,47,0,1,0.06,1,7,171,2,1.19
14,Priya,human,19,Thu,0,60,qna,4,0,60,676,486,27,0,0,25,81,6,0,0.03,0,2,182,0,1.19
14,Priya,human,19,Thu,0,61,qna,4,0,60,689,506,25,4,136,30,70,6,0,0.11,0,2,187,0,1.19
14,Priya,human,19,Thu,0,62,qna,4,0,66,702,485,22,2,58,16,84,6,0,0.04,0,4,161,0,1.19
14,Priya,human,19,Thu,0,63,qna,4,0,57,710,520,31,3,87,18,82,6,1,0.15,0,6,183,0,1.19
14,Priya,human,19,Thu,0,64,filler,4,0,63,657,472,18,1,29,4,44,0,0,0.07,0,7,135,0,1.19
14,Priya,human,19,Thu,0,65,hook,5,0,63,644,484,18,2,58,13,63,0,0,0.11,0,7,185,0,1.19
14,Priya,human,19,Thu,0,66,hook,5,0,47,633,453,19,0,0,17,63,0,0,0.04,0,5,174,0,1.19
14,Priya,human,19,Thu,0,67,build,5,0,64,631,451,25,3,87,14,54,0,1,0.4,0,4,132,0,1.19
14,Priya,human,19,Thu,0,68,build,5,0,72,639,462,31,4,156,11,54,0,1,0.32,1,6,167,0,1.19
14,Priya,human,19,Thu,0,69,build,5,0,71,651,461,17,3,87,8,43,0,0,0.34,0,4,133,0,1.19
14,Priya,human,19,Thu,0,70,demo,5,0,57,651,469,41,5,165,12,57,0,1,0.65,0,2,166,0,1.19
14,Priya,human,19,Thu,0,71,demo,5,0,54,650,457,44,3,87,11,56,0,1,0.56,0,3,141,0,1.19
14,Priya,human,19,Thu,0,72,demo,5,0,58,651,476,32,4,136,14,65,0,1,0.63,0,5,155,0,1.19
14,Priya,human,19,Thu,0,73,price,5,0,49,634,445,42,5,145,18,62,0,0,0.1,1,4,147,0,1.19
14,Priya,human,19,Thu,0,74,cta,5,0,71,627,462,48,11,359,11,62,0,0,0.08,1,5,176,0,1.19
14,Priya,human,19,Thu,0,75,fomo,5,0,54,638,466,29,6,174,7,74,0,0,0.07,0,7,152,1,1.19
14,Priya,human,19,Thu,0,76,fomo,5,0,52,634,460,25,4,136,11,64,0,0,0.13,0,4,148,2,1.19
14,Priya,human,19,Thu,0,77,qna,5,0,64,657,480,14,3,127,30,59,6,0,0.14,0,4,151,0,1.19
14,Priya,human,19,Thu,0,78,qna,5,0,47,661,472,17,3,87,20,74,6,0,0,0,4,176,0,1.19
14,Priya,human,19,Thu,0,79,qna,5,0,65,688,492,16,3,107,27,87,6,0,0.05,0,6,157,0,1.19
14,Priya,human,19,Thu,0,80,qna,5,0,51,679,488,19,3,107,22,82,6,0,0.13,0,2,166,0,1.19
14,Priya,human,19,Thu,0,81,hook,6,0,71,682,478,29,3,87,9,49,0,1,0.03,0,4,180,0,1.19
14,Priya,human,19,Thu,0,82,build,6,0,56,661,469,29,0,0,12,60,0,0,0.16,0,6,157,0,1.19
14,Priya,human,19,Thu,0,83,build,6,0,54,648,465,21,0,0,10,50,0,0,0.39,0,7,151,0,1.19
14,Priya,human,19,Thu,0,84,build,6,0,57,640,470,23,1,29,12,52,0,1,0.28,0,3,138,0,1.19
14,Priya,human,19,Thu,0,85,demo,6,0,64,648,470,42,6,214,10,68,0,1,0.65,0,7,136,0,1.19
14,Priya,human,19,Thu,0,86,demo,6,0,53,645,480,48,2,78,11,67,0,1,0.81,0,5,137,0,1.19
14,Priya,human,19,Thu,0,87,demo,6,0,64,659,450,40,6,194,6,57,0,1,0.82,0,5,131,0,1.19
14,Priya,human,19,Thu,0,88,demo,6,0,49,655,452,40,7,203,14,51,0,0,0.68,0,4,143,0,1.19
14,Priya,human,19,Thu,0,89,demo,6,0,41,636,464,41,8,232,9,62,0,1,0.73,0,3,158,0,1.19
14,Priya,human,19,Thu,0,90,price,6,0,63,629,451,36,7,223,7,58,0,1,0,1,6,121,0,1.19
14,Priya,human,19,Thu,0,91,cta,6,0,45,606,433,34,8,232,8,45,0,0,0.03,1,3,163,0,1.19
14,Priya,human,19,Thu,0,92,fomo,6,0,67,622,456,19,3,87,11,50,0,0,0,0,6,145,1,1.19
14,Priya,human,19,Thu,0,93,fomo,6,0,53,617,436,33,4,136,18,57,0,0,0.07,0,5,149,2,1.19
14,Priya,human,19,Thu,0,94,qna,6,0,60,626,454,13,0,0,16,78,6,0,0.09,0,3,134,0,1.19
14,Priya,human,19,Thu,0,95,qna,6,0,54,638,461,24,5,145,14,70,6,0,0.1,0,2,169,0,1.19
14,Priya,human,19,Thu,0,96,qna,6,0,50,645,441,15,3,87,28,71,6,0,0.01,0,4,155,0,1.19
14,Priya,human,19,Thu,0,97,filler,6,0,60,599,421,11,2,58,5,56,0,0,0.03,0,6,130,0,1.19
14,Priya,human,19,Thu,0,98,hook,7,0,56,607,449,20,1,29,11,55,0,0,0.06,1,5,167,0,1.19
14,Priya,human,19,Thu,0,99,hook,7,0,53,603,442,27,3,107,9,58,0,1,0.08,0,5,136,0,1.19
14,Priya,human,19,Thu,0,100,build,7,0,65,599,415,33,5,185,7,51,0,1,0.25,0,7,188,0,1.19
14,Priya,human,19,Thu,0,101,build,7,0,54,592,440,24,2,58,8,55,0,0,0.37,0,6,171,0,1.19
14,Priya,human,19,Thu,0,102,demo,7,0,57,589,417,40,1,29,12,47,0,1,0.64,0,6,178,0,1.19
14,Priya,human,19,Thu,0,103,demo,7,0,49,593,411,35,2,58,8,66,0,1,0.74,0,6,154,0,1.19
14,Priya,human,19,Thu,0,104,demo,7,0,44,587,419,35,1,29,12,43,0,1,0.5,0,6,181,0,1.19
14,Priya,human,19,Thu,0,105,demo,7,0,47,579,410,38,2,78,7,45,0,1,0.55,0,3,125,0,1.19
14,Priya,human,19,Thu,0,106,demo,7,0,48,571,415,42,6,194,9,50,0,1,0.55,0,7,180,0,1.19
14,Priya,human,19,Thu,0,107,price,7,0,61,564,379,24,5,145,13,48,0,1,0.12,1,5,180,0,1.19
14,Priya,human,19,Thu,0,108,cta,7,0,63,566,412,31,7,263,10,38,0,0,0,1,3,158,0,1.19
14,Priya,human,19,Thu,0,109,fomo,7,0,55,572,422,23,4,136,10,56,0,0,0.05,0,5,156,1,1.19
14,Priya,human,19,Thu,0,110,fomo,7,0,46,569,405,27,4,116,9,47,0,0,0.13,1,4,134,2,1.19
14,Priya,human,19,Thu,0,111,qna,7,0,65,589,418,19,3,127,13,73,6,1,0,0,6,156,0,1.19
14,Priya,human,19,Thu,0,112,qna,7,0,43,583,413,11,2,58,15,74,6,0,0.14,0,6,133,0,1.19
14,Priya,human,19,Thu,0,113,qna,7,0,49,583,430,20,1,29,18,69,6,0,0,0,4,123,0,1.19
14,Priya,human,19,Thu,0,114,hook,8,0,50,577,402,14,0,0,12,58,0,0,0.1,0,7,148,0,1.19
14,Priya,human,19,Thu,0,115,hook,8,0,47,575,403,14,2,58,14,52,0,0,0.03,0,6,135,0,1.19
14,Priya,human,19,Thu,0,116,build,8,0,49,546,396,26,4,136,13,50,0,1,0.34,0,2,125,0,1.19
14,Priya,human,19,Thu,0,117,build,8,0,49,529,375,25,1,29,4,53,0,1,0.29,0,5,161,0,1.19
14,Priya,human,19,Thu,0,118,build,8,0,60,528,391,20,2,58,11,56,0,1,0.2,0,2,174,0,1.19
14,Priya,human,19,Thu,0,119,build,8,0,37,509,365,39,4,116,12,48,0,1,0.31,1,3,178,0,1.19
14,Priya,human,19,Thu,0,120,demo,8,0,46,517,366,27,2,58,9,59,0,1,0.82,0,4,162,0,1.19
15,Nova,ai,23,Wed,1,1,hook,1,1,65,65,45,2,0,0,6,15,0,0,0.08,0,2,158,0,1
15,Nova,ai,23,Wed,1,2,hook,1,1,55,107,71,1,0,0,3,20,0,0,0.11,0,2,158,0,1
15,Nova,ai,23,Wed,1,3,hook,1,1,57,150,106,3,0,0,5,34,0,1,0.01,0,1,157,0,1
15,Nova,ai,23,Wed,1,4,hook,1,1,60,193,155,3,0,0,17,38,0,0,0.03,0,3,155,0,1
15,Nova,ai,23,Wed,1,5,hook,1,1,41,224,156,4,0,0,13,50,0,1,0.03,0,2,155,0,1
15,Nova,ai,23,Wed,1,6,hook,1,1,41,235,174,7,1,29,16,52,0,0,0.02,0,1,157,0,1
15,Nova,ai,23,Wed,1,7,price,1,0,33,247,171,18,1,29,5,36,0,1,0.02,1,2,155,0,1
15,Nova,ai,23,Wed,1,8,cta,1,0,25,248,170,13,0,0,4,24,0,0,0.05,0,2,161,0,1
15,Nova,ai,23,Wed,1,9,fomo,1,0,38,258,179,14,1,29,6,23,0,0,0.1,1,2,159,1,1
15,Nova,ai,23,Wed,1,10,fomo,1,0,40,273,185,6,2,58,3,29,0,0,0.03,0,3,161,2,1
15,Nova,ai,23,Wed,1,11,fomo,1,0,77,323,244,21,3,87,10,30,0,1,0.06,0,1,155,3,2.07
15,Nova,ai,23,Wed,1,12,filler,1,0,80,332,221,4,0,0,6,30,0,0,0.08,0,3,158,0,2.07
15,Nova,ai,23,Wed,1,13,filler,1,0,71,348,251,1,0,0,5,38,0,0,0.11,0,3,160,0,2.07
15,Nova,ai,23,Wed,1,14,hook,2,0,79,390,265,10,0,0,9,41,0,0,0.12,0,2,158,0,2.07
15,Nova,ai,23,Wed,1,15,hook,2,0,87,430,303,14,1,29,9,39,0,1,0.01,0,3,157,0,2.07
15,Nova,ai,23,Wed,1,16,build,2,0,76,436,327,15,2,58,8,47,0,1,0.38,0,2,156,0,2.07
15,Nova,ai,23,Wed,1,17,build,2,0,70,439,310,23,0,0,11,39,0,1,0.19,0,3,157,0,2.07
15,Nova,ai,23,Wed,1,18,build,2,0,80,463,332,20,1,29,3,38,0,1,0.17,0,2,160,0,2.07
15,Nova,ai,23,Wed,1,19,demo,2,0,55,468,341,25,0,0,10,47,0,1,0.54,0,1,157,0,2.07
15,Nova,ai,23,Wed,1,20,demo,2,0,77,512,382,36,5,165,13,53,0,1,0.73,0,2,155,0,2.07
15,Nova,ai,23,Wed,1,21,demo,2,0,85,554,377,38,6,214,8,43,0,1,0.54,0,1,159,0,2.07
15,Nova,ai,23,Wed,1,22,price,2,0,66,560,392,31,4,136,11,53,0,0,0.13,1,2,158,0,2.07
15,Nova,ai,23,Wed,1,23,cta,2,0,78,577,418,39,5,165,8,46,0,0,0.08,1,3,158,0,2.07
15,Nova,ai,23,Wed,1,24,cta,2,0,76,583,410,44,6,194,11,71,0,1,0.03,1,3,155,0,2.07
15,Nova,ai,23,Wed,1,25,fomo,2,0,81,620,453,22,0,0,10,55,0,0,0.11,0,2,156,1,2.07
15,Nova,ai,23,Wed,1,26,fomo,2,0,72,629,451,24,2,58,11,61,0,0,0.05,0,2,158,2,2.07
15,Nova,ai,23,Wed,1,27,filler,2,0,82,596,410,11,1,29,4,57,0,0,0.01,0,1,156,0,2.07
15,Nova,ai,23,Wed,1,28,filler,2,0,82,582,437,12,0,0,7,41,0,1,0.04,0,2,161,0,2.07
15,Nova,ai,23,Wed,1,29,hook,3,0,81,596,423,20,3,127,8,48,0,0,0.1,0,1,157,0,2.07
15,Nova,ai,23,Wed,1,30,build,3,0,66,588,424,16,1,29,10,60,0,0,0.29,0,1,155,0,2.07
15,Nova,ai,23,Wed,1,31,build,3,0,64,570,402,19,2,78,11,43,0,1,0.33,0,1,155,0,2.07
15,Nova,ai,23,Wed,1,32,build,3,0,79,566,411,31,1,29,4,53,0,0,0.26,0,1,157,0,2.07
15,Nova,ai,23,Wed,1,33,demo,3,0,79,592,439,30,1,29,8,46,0,1,0.74,0,2,155,0,2.07
15,Nova,ai,23,Wed,1,34,demo,3,0,59,595,451,53,5,165,12,47,0,1,0.65,1,3,158,0,2.07
15,Nova,ai,23,Wed,1,35,demo,3,0,67,608,450,32,4,156,11,58,0,1,0.55,0,2,160,0,2.07
15,Nova,ai,23,Wed,1,36,price,3,0,77,603,445,23,3,87,12,47,0,0,0.06,0,1,160,0,2.07
15,Nova,ai,23,Wed,1,37,cta,3,0,82,613,456,36,10,310,11,51,0,0,0.13,1,2,158,0,2.07
15,Nova,ai,23,Wed,1,38,fomo,3,0,82,625,427,20,4,136,11,63,0,0,0.11,0,2,158,1,2.07
15,Nova,ai,23,Wed,1,39,fomo,3,0,53,611,458,27,5,165,14,60,0,0,0.05,0,2,159,2,2.07
15,Nova,ai,23,Wed,1,40,fomo,3,0,67,626,475,33,1,49,20,59,0,1,0.1,0,2,158,3,2.07
15,Nova,ai,23,Wed,1,41,filler,3,0,73,581,415,3,0,0,3,60,0,0,0.04,0,1,157,0,2.07
15,Nova,ai,23,Wed,1,42,hook,4,0,64,565,404,10,0,0,13,46,0,0,0.15,0,1,161,0,2.07
15,Nova,ai,23,Wed,1,43,build,4,0,89,582,401,17,1,29,8,56,0,1,0.31,0,3,157,0,2.07
15,Nova,ai,23,Wed,1,44,build,4,0,72,582,407,19,1,29,12,42,0,0,0.16,0,2,161,0,2.07
15,Nova,ai,23,Wed,1,45,demo,4,0,62,580,414,34,1,49,5,45,0,1,0.7,0,2,156,0,2.07
15,Nova,ai,23,Wed,1,46,demo,4,0,82,597,425,30,3,107,9,44,0,0,0.82,0,1,160,0,2.07
15,Nova,ai,23,Wed,1,47,demo,4,0,62,600,437,33,6,194,11,48,0,1,0.73,0,3,156,0,2.07
15,Nova,ai,23,Wed,1,48,price,4,0,67,612,438,31,1,29,11,54,0,1,0.1,1,2,156,0,2.07
15,Nova,ai,23,Wed,1,49,cta,4,0,48,562,399,30,7,263,5,60,0,0,0.05,1,2,155,0,2.07
15,Nova,ai,23,Wed,1,50,cta,4,0,61,557,399,36,5,185,7,60,0,0,0.02,1,2,161,0,2.07
15,Nova,ai,23,Wed,1,51,fomo,4,0,67,572,418,27,3,107,5,52,0,0,0.13,0,3,161,1,2.07
15,Nova,ai,23,Wed,1,52,fomo,4,0,68,576,404,22,2,58,10,50,0,0,0.07,0,2,160,2,2.07
15,Nova,ai,23,Wed,1,53,filler,4,0,56,518,371,9,0,0,6,51,0,0,0.03,0,2,156,0,2.07
15,Nova,ai,23,Wed,1,54,hook,5,0,74,532,394,17,1,29,6,47,0,0,0.11,0,2,156,0,2.07
15,Nova,ai,23,Wed,1,55,hook,5,0,71,528,372,13,1,49,4,62,0,0,0.06,0,2,155,0,2.07
15,Nova,ai,23,Wed,1,56,build,5,0,72,526,367,19,1,29,5,58,0,0,0.22,0,2,158,0,2.07
15,Nova,ai,23,Wed,1,57,build,5,0,54,513,378,17,1,29,6,35,0,0,0.38,0,2,160,0,2.07
15,Nova,ai,23,Wed,1,58,build,5,0,57,502,365,20,3,107,8,62,0,1,0.21,0,2,158,0,2.07
15,Nova,ai,23,Wed,1,59,demo,5,0,65,508,352,26,1,29,9,55,0,1,0.76,0,2,156,0,2.07
15,Nova,ai,23,Wed,1,60,demo,5,0,84,541,389,31,1,29,4,42,0,1,0.69,0,2,161,0,2.07
15,Nova,ai,23,Wed,1,61,demo,5,0,64,551,376,34,7,223,11,46,0,1,0.69,0,1,156,0,2.07
15,Nova,ai,23,Wed,1,62,demo,5,0,66,551,395,45,7,223,7,41,0,1,0.62,1,2,158,0,2.07
15,Nova,ai,23,Wed,1,63,price,5,0,71,559,393,31,1,29,8,51,0,0,0.07,1,1,157,0,2.07
15,Nova,ai,23,Wed,1,64,cta,5,0,64,546,396,33,5,165,9,46,0,1,0,0,2,159,0,2.07
15,Nova,ai,23,Wed,1,65,fomo,5,0,65,560,425,38,8,332,9,58,0,0,0.12,1,1,161,1,2.07
15,Nova,ai,23,Wed,1,66,fomo,5,0,78,587,441,20,4,136,15,54,0,0,0.05,1,3,157,2,2.07
15,Nova,ai,23,Wed,1,67,filler,5,0,66,559,413,13,2,58,9,49,0,0,0.09,0,3,158,0,2.07
15,Nova,ai,23,Wed,1,68,hook,6,0,63,551,383,19,0,0,6,48,0,0,0.09,1,2,158,0,2.07
15,Nova,ai,23,Wed,1,69,hook,6,0,52,535,378,11,2,58,12,51,0,0,0.12,0,2,160,0,2.07
15,Nova,ai,23,Wed,1,70,build,6,0,69,530,394,35,3,127,10,43,0,1,0.17,1,3,159,0,2.07
15,Nova,ai,23,Wed,1,71,build,6,0,82,533,397,14,3,107,10,59,0,0,0.3,0,3,157,0,2.07
15,Nova,ai,23,Wed,1,72,build,6,0,64,522,388,21,4,136,8,43,0,0,0.36,0,1,156,0,2.07
15,Nova,ai,23,Wed,1,73,build,6,0,72,515,376,16,0,0,14,47,0,0,0.25,0,2,156,0,2.07
15,Nova,ai,23,Wed,1,74,demo,6,0,53,504,369,27,4,136,9,44,0,1,0.48,0,3,160,0,2.07
15,Nova,ai,23,Wed,1,75,demo,6,0,69,512,361,26,2,58,6,25,0,1,0.53,0,2,158,0,2.07
15,Nova,ai,23,Wed,1,76,price,6,0,71,508,364,21,3,107,14,38,0,0,0.07,1,3,160,0,2.07
15,Nova,ai,23,Wed,1,77,cta,6,0,48,468,334,34,7,203,3,36,0,0,0.02,1,1,156,0,2.07
15,Nova,ai,23,Wed,1,78,fomo,6,0,67,491,370,29,6,214,11,49,0,0,0,0,2,160,1,2.07
15,Nova,ai,23,Wed,1,79,fomo,6,0,64,510,361,25,6,234,10,51,0,0,0.07,0,1,155,2,2.07
15,Nova,ai,23,Wed,1,80,filler,6,0,58,459,332,6,0,0,3,45,0,0,0.05,0,1,155,0,2.07
15,Nova,ai,23,Wed,1,81,filler,6,0,48,409,295,5,0,0,5,39,0,0,0.01,0,3,156,0,2.07
15,Nova,ai,23,Wed,1,82,hook,7,0,67,422,276,11,2,78,11,35,0,0,0.14,0,2,161,0,2.07
15,Nova,ai,23,Wed,1,83,hook,7,0,60,431,316,16,0,0,1,46,0,0,0.07,0,3,161,0,2.07
15,Nova,ai,23,Wed,1,84,build,7,0,58,427,306,22,3,87,7,45,0,1,0.37,0,2,156,0,2.07
15,Nova,ai,23,Wed,1,85,build,7,0,54,417,305,25,4,116,9,37,0,1,0.17,0,3,160,0,2.07
15,Nova,ai,23,Wed,1,86,build,7,0,67,419,299,17,4,136,6,44,0,0,0.26,0,3,156,0,2.07
15,Nova,ai,23,Wed,1,87,demo,7,0,61,437,315,36,3,87,11,42,0,1,0.77,0,2,160,0,2.07
15,Nova,ai,23,Wed,1,88,demo,7,0,51,438,320,42,5,165,7,40,0,1,0.77,1,3,160,0,2.07
15,Nova,ai,23,Wed,1,89,demo,7,0,57,454,331,31,5,165,12,35,0,1,0.49,0,3,159,0,2.07
15,Nova,ai,23,Wed,1,90,price,7,0,57,457,338,24,4,136,9,37,0,0,0.11,1,2,157,0,2.07
15,Nova,ai,23,Wed,1,91,cta,7,0,62,469,337,28,1,29,7,54,0,0,0.07,1,1,160,0,2.07
15,Nova,ai,23,Wed,1,92,fomo,7,0,74,485,352,31,8,352,10,50,0,1,0.12,0,1,160,1,2.07
15,Nova,ai,23,Wed,1,93,fomo,7,0,51,489,341,13,2,58,11,44,0,0,0.06,0,3,161,2,2.07
15,Nova,ai,23,Wed,1,94,filler,7,0,77,470,321,5,0,0,4,49,0,0,0.03,0,2,161,0,2.07
15,Nova,ai,23,Wed,1,95,dead,7,0,69,411,291,7,0,0,2,29,0,0,0.11,0,2,158,0,2.07
15,Nova,ai,23,Wed,1,96,hook,8,0,60,416,288,13,0,0,8,39,0,0,0.07,0,2,159,0,2.07
15,Nova,ai,23,Wed,1,97,build,8,0,49,392,294,13,0,0,5,33,0,1,0.26,0,3,156,0,2.07
15,Nova,ai,23,Wed,1,98,build,8,0,61,403,290,21,2,78,9,38,0,1,0.25,0,1,156,0,2.07
15,Nova,ai,23,Wed,1,99,demo,8,0,58,407,293,30,3,87,4,43,0,1,0.82,0,3,160,0,2.07
15,Nova,ai,23,Wed,1,100,demo,8,0,63,416,304,26,1,29,3,34,0,1,0.47,0,1,160,0,2.07
15,Nova,ai,23,Wed,1,101,demo,8,0,53,413,295,25,1,29,10,42,0,1,0.64,0,3,158,0,2.07
15,Nova,ai,23,Wed,1,102,demo,8,0,61,427,324,33,5,145,2,37,0,1,0.83,1,1,159,0,2.07
15,Nova,ai,23,Wed,1,103,price,8,0,51,409,296,25,5,145,8,38,0,1,0.14,1,3,157,0,2.07
15,Nova,ai,23,Wed,1,104,cta,8,0,58,405,295,29,5,185,10,44,0,0,0.08,1,2,157,0,2.07
15,Nova,ai,23,Wed,1,105,cta,8,0,55,391,278,30,4,116,10,41,0,1,0.12,1,3,156,0,2.07
15,Nova,ai,23,Wed,1,106,fomo,8,0,56,407,300,18,3,87,4,47,0,0,0.15,0,2,158,1,2.07
15,Nova,ai,23,Wed,1,107,fomo,8,0,65,434,305,19,1,29,6,51,0,0,0.09,0,2,160,2,2.07
15,Nova,ai,23,Wed,1,108,filler,8,0,60,397,271,11,0,0,4,34,0,0,0.13,0,2,157,0,2.07
15,Nova,ai,23,Wed,1,109,hook,9,0,60,400,288,11,1,29,4,31,0,0,0.14,0,3,157,0,2.07
15,Nova,ai,23,Wed,1,110,build,9,0,53,394,290,13,0,0,2,38,0,1,0.25,0,2,156,0,2.07
15,Nova,ai,23,Wed,1,111,build,9,0,39,371,271,18,3,87,3,30,0,1,0.28,0,1,157,0,2.07
15,Nova,ai,23,Wed,1,112,demo,9,0,65,387,294,29,4,116,3,34,0,1,0.55,0,3,158,0,2.07
15,Nova,ai,23,Wed,1,113,demo,9,0,63,404,266,20,1,29,8,38,0,1,0.7,0,1,155,0,2.07
15,Nova,ai,23,Wed,1,114,demo,9,0,59,425,305,27,3,87,4,40,0,1,0.54,1,2,161,0,2.07
15,Nova,ai,23,Wed,1,115,demo,9,0,65,439,307,19,4,156,4,42,0,1,0.61,0,1,157,0,2.07
15,Nova,ai,23,Wed,1,116,price,9,0,59,425,294,23,4,116,5,47,0,1,0.06,1,2,160,0,2.07
15,Nova,ai,23,Wed,1,117,cta,9,0,56,417,291,26,8,272,8,35,0,1,0.01,1,3,160,0,2.07
15,Nova,ai,23,Wed,1,118,fomo,9,0,51,410,292,13,1,29,8,22,0,0,0.1,0,2,156,1,2.07
15,Nova,ai,23,Wed,1,119,fomo,9,0,47,408,301,18,1,29,9,28,0,0,0,0,3,158,2,2.07
15,Nova,ai,23,Wed,1,120,filler,9,0,48,374,277,7,1,29,4,33,0,0,0.02,0,1,156,0,2.07
16,Priya,human,18,Mon,0,1,hook,1,0,39,39,26,2,2,58,2,3,0,0,0.14,0,6,166,0,1
16,Priya,human,18,Mon,0,2,build,1,0,48,81,55,4,0,0,0,9,0,0,0.31,1,5,129,0,1
16,Priya,human,18,Mon,0,3,build,1,0,34,104,80,5,1,29,1,6,0,0,0.17,0,4,170,0,1
16,Priya,human,18,Mon,0,4,build,1,0,40,131,96,7,1,29,4,9,0,0,0.18,0,7,159,0,1
16,Priya,human,18,Mon,0,5,demo,1,0,32,146,105,12,3,107,0,11,0,1,0.82,0,4,150,0,1
16,Priya,human,18,Mon,0,6,demo,1,0,41,174,125,6,2,78,2,24,0,0,0.5,0,4,178,0,1
16,Priya,human,18,Mon,0,7,demo,1,0,50,213,148,12,0,0,3,14,0,1,0.51,0,6,136,0,1
16,Priya,human,18,Mon,0,8,price,1,0,48,246,187,14,3,127,2,19,0,0,0.05,0,3,166,0,1
16,Priya,human,18,Mon,0,9,cta,1,0,28,250,189,18,6,214,1,26,0,1,0.1,0,3,130,0,1
16,Priya,human,18,Mon,0,10,fomo,1,0,29,256,185,11,2,78,3,24,0,0,0.01,0,6,131,1,1
16,Priya,human,18,Mon,0,11,fomo,1,0,46,284,204,15,4,116,5,23,0,0,0.07,1,6,186,2,1.2
16,Priya,human,18,Mon,0,12,qna,1,0,37,301,225,5,0,0,12,45,6,0,0.02,0,7,121,0,1.2
16,Priya,human,18,Mon,0,13,qna,1,0,42,320,233,4,0,0,11,34,6,0,0.09,0,2,127,0,1.2
16,Priya,human,18,Mon,0,14,filler,1,0,46,312,229,12,1,29,4,27,0,1,0.04,1,6,184,0,1.2
16,Priya,human,18,Mon,0,15,hook,2,0,43,325,229,5,2,78,5,30,0,0,0.01,0,5,122,0,1.2
16,Priya,human,18,Mon,0,16,build,2,0,51,342,243,16,4,156,8,33,0,1,0.31,0,3,166,0,1.2
16,Priya,human,18,Mon,0,17,build,2,0,39,348,259,13,0,0,4,28,0,0,0.28,0,5,127,0,1.2
16,Priya,human,18,Mon,0,18,build,2,0,41,357,252,14,1,29,8,34,0,1,0.17,0,6,143,0,1.2
16,Priya,human,18,Mon,0,19,build,2,0,49,368,258,15,2,58,2,37,0,0,0.39,0,4,139,0,1.2
16,Priya,human,18,Mon,0,20,demo,2,0,44,375,276,27,2,58,6,32,0,1,0.74,0,3,128,0,1.2
16,Priya,human,18,Mon,0,21,demo,2,0,38,378,274,35,7,203,4,29,0,1,0.61,1,2,155,0,1.2
16,Priya,human,18,Mon,0,22,demo,2,0,41,398,283,32,7,223,6,46,0,1,0.54,0,4,176,0,1.2
16,Priya,human,18,Mon,0,23,demo,2,0,46,412,309,25,4,136,9,47,0,1,0.5,0,6,180,0,1.2
16,Priya,human,18,Mon,0,24,demo,2,0,50,423,307,25,1,49,15,39,0,1,0.56,0,7,131,0,1.2
16,Priya,human,18,Mon,0,25,price,2,0,47,429,321,18,5,165,7,35,0,1,0.04,1,7,178,0,1.2
16,Priya,human,18,Mon,0,26,cta,2,0,40,426,311,29,5,165,4,30,0,1,0,0,6,122,0,1.2
16,Priya,human,18,Mon,0,27,fomo,2,0,52,440,308,18,3,107,9,34,0,0,0.1,0,6,134,1,1.2
16,Priya,human,18,Mon,0,28,fomo,2,0,44,453,317,17,1,29,7,39,0,0,0.11,0,5,127,2,1.2
16,Priya,human,18,Mon,0,29,fomo,2,0,38,450,323,23,2,58,11,43,0,0,0.01,0,5,168,3,1.2
16,Priya,human,18,Mon,0,30,qna,2,0,39,450,321,18,0,0,13,51,6,0,0.04,0,7,160,0,1.2
16,Priya,human,18,Mon,0,31,qna,2,0,49,472,349,14,1,29,16,56,6,0,0.12,0,5,167,0,1.2
16,Priya,human,18,Mon,0,32,hook,3,0,41,465,352,10,0,0,6,42,0,0,0,0,7,153,0,1.2
16,Priya,human,18,Mon,0,33,build,3,0,44,456,330,19,3,107,10,39,0,1,0.31,0,2,173,0,1.2
16,Priya,human,18,Mon,0,34,build,3,0,41,450,315,32,4,116,9,37,0,1,0.2,0,7,158,0,1.2
16,Priya,human,18,Mon,0,35,demo,3,0,36,448,328,37,2,58,6,35,0,1,0.64,1,5,142,0,1.2
16,Priya,human,18,Mon,0,36,demo,3,0,52,456,311,28,5,205,7,33,0,1,0.68,0,5,159,0,1.2
16,Priya,human,18,Mon,0,37,demo,3,0,41,460,333,34,5,165,13,47,0,1,0.81,0,4,164,0,1.2
16,Priya,human,18,Mon,0,38,price,3,0,45,458,336,28,5,185,8,44,0,1,0.01,0,3,135,0,1.2
16,Priya,human,18,Mon,0,39,cta,3,0,52,463,342,44,12,388,7,43,0,0,0.05,1,6,154,0,1.2
16,Priya,human,18,Mon,0,40,cta,3,0,45,440,318,30,3,127,5,34,0,0,0.15,1,7,153,0,1.2
16,Priya,human,18,Mon,0,41,fomo,3,0,36,442,300,20,5,165,6,48,0,0,0.03,0,3,128,1,1.2
16,Priya,human,18,Mon,0,42,fomo,3,0,48,440,305,20,5,145,9,35,0,0,0.15,0,5,141,2,1.2
16,Priya,human,18,Mon,0,43,qna,3,0,45,461,325,12,0,0,24,50,6,0,0.06,0,5,172,0,1.2
16,Priya,human,18,Mon,0,44,qna,3,0,47,473,348,23,3,87,16,39,6,0,0.1,0,4,136,0,1.2
16,Priya,human,18,Mon,0,45,qna,3,0,52,494,367,18,1,49,18,71,6,0,0.03,0,5,141,0,1.2
16,Priya,human,18,Mon,0,46,hook,4,0,37,489,384,17,0,0,8,40,0,0,0.02,0,7,168,0,1.2
16,Priya,human,18,Mon,0,47,build,4,0,47,498,357,12,3,87,5,49,0,0,0.4,0,7,125,0,1.2
16,Priya,human,18,Mon,0,48,build,4,0,40,476,341,18,2,58,10,37,0,0,0.16,0,4,124,0,1.2
16,Priya,human,18,Mon,0,49,build,4,0,40,468,333,24,2,58,12,40,0,1,0.18,0,6,136,0,1.2
16,Priya,human,18,Mon,0,50,demo,4,0,39,467,337,35,1,49,7,42,0,1,0.53,0,6,181,0,1.2
16,Priya,human,18,Mon,0,51,demo,4,0,44,466,337,38,6,214,7,39,0,1,0.46,0,2,131,0,1.2
16,Priya,human,18,Mon,0,52,demo,4,0,46,469,340,28,5,205,4,54,0,1,0.71,1,4,151,0,1.2
16,Priya,human,18,Mon,0,53,price,4,0,44,469,345,30,6,194,9,45,0,1,0,0,5,125,0,1.2
16,Priya,human,18,Mon,0,54,cta,4,0,40,447,334,40,6,174,9,36,0,1,0.1,1,2,168,0,1.2
16,Priya,human,18,Mon,0,55,fomo,4,0,38,455,321,29,6,194,7,40,0,0,0.04,1,4,147,1,1.2
16,Priya,human,18,Mon,0,56,fomo,4,0,37,456,345,16,1,29,12,38,0,1,0.03,0,7,185,2,1.2
16,Priya,human,18,Mon,0,57,qna,4,0,44,464,317,9,0,0,21,44,6,0,0.13,0,3,132,0,1.2
16,Priya,human,18,Mon,0,58,qna,4,0,48,483,338,10,2,78,21,59,6,0,0.14,0,4,175,0,1.2
16,Priya,human,18,Mon,0,59,qna,4,0,32,481,362,6,1,29,17,41,6,0,0,0,6,162,0,1.2
16,Priya,human,18,Mon,0,60,filler,4,0,53,461,312,6,0,0,6,40,0,0,0.14,0,2,134,0,1.2
16,Priya,human,18,Mon,0,61,hook,5,0,32,449,328,15,2,58,10,40,0,0,0.02,0,4,124,0,1.2
16,Priya,human,18,Mon,0,62,build,5,0,30,429,311,23,5,185,10,40,0,1,0.17,0,6,177,0,1.2
16,Priya,human,18,Mon,0,63,build,5,0,44,432,305,27,1,49,8,33,0,1,0.34,1,5,175,0,1.2
16,Priya,human,18,Mon,0,64,demo,5,0,36,429,313,35,0,0,4,38,0,0,0.5,0,4,173,0,1.2
16,Priya,human,18,Mon,0,65,demo,5,0,37,427,305,28,4,156,6,41,0,1,0.72,0,5,157,0,1.2
16,Priya,human,18,Mon,0,66,demo,5,0,31,414,291,31,2,78,8,28,0,1,0.54,1,6,143,0,1.2
16,Priya,human,18,Mon,0,67,price,5,0,30,395,288,26,6,194,5,44,0,1,0.06,1,5,157,0,1.2
16,Priya,human,18,Mon,0,68,cta,5,0,40,388,275,22,6,174,12,38,0,0,0.09,1,3,148,0,1.2
16,Priya,human,18,Mon,0,69,fomo,5,0,44,401,293,23,2,78,7,29,0,1,0.07,0,5,179,1,1.2
16,Priya,human,18,Mon,0,70,fomo,5,0,58,426,310,15,6,214,12,32,0,0,0.05,1,3,156,2,1.2
16,Priya,human,18,Mon,0,71,qna,5,0,39,441,315,9,1,49,17,53,6,0,0.1,1,5,131,0,1.2
16,Priya,human,18,Mon,0,72,qna,5,0,30,438,310,8,0,0,11,53,6,0,0.03,0,3,153,0,1.2
16,Priya,human,18,Mon,0,73,filler,5,0,45,420,328,12,2,78,10,38,0,0,0.12,0,4,186,0,1.2
16,Priya,human,18,Mon,0,74,hook,6,0,40,413,306,16,1,29,9,38,0,0,0.13,0,3,186,0,1.2
16,Priya,human,18,Mon,0,75,hook,6,0,43,421,306,7,2,78,7,39,0,0,0.05,0,6,131,0,1.2
16,Priya,human,18,Mon,0,76,build,6,0,44,422,298,15,1,29,6,42,0,1,0.26,0,3,161,0,1.2
16,Priya,human,18,Mon,0,77,build,6,0,49,430,317,20,2,58,9,38,0,0,0.36,0,6,123,0,1.2
16,Priya,human,18,Mon,0,78,demo,6,0,41,426,316,28,6,194,1,29,0,1,0.53,0,4,144,0,1.2
16,Priya,human,18,Mon,0,79,demo,6,0,34,422,319,39,9,301,9,34,0,1,0.71,0,5,126,0,1.2
16,Priya,human,18,Mon,0,80,demo,6,0,46,433,291,30,2,58,4,35,0,1,0.56,0,3,190,0,1.2
16,Priya,human,18,Mon,0,81,demo,6,0,48,440,300,28,1,49,11,27,0,1,0.69,0,3,127,0,1.2
16,Priya,human,18,Mon,0,82,demo,6,0,38,436,307,38,5,165,10,34,0,1,0.56,0,2,142,0,1.2
16,Priya,human,18,Mon,0,83,price,6,0,36,428,307,28,6,254,10,32,0,1,0.06,1,5,182,0,1.2
16,Priya,human,18,Mon,0,84,cta,6,0,32,414,295,32,6,194,11,29,0,1,0.05,1,6,141,0,1.2
16,Priya,human,18,Mon,0,85,fomo,6,0,41,421,310,15,4,136,10,36,0,0,0.09,0,4,160,1,1.2
16,Priya,human,18,Mon,0,86,qna,6,0,28,414,301,20,2,58,22,44,6,1,0.12,0,2,149,0,1.2
16,Priya,human,18,Mon,0,87,qna,6,0,34,410,289,16,5,145,10,40,6,0,0.07,0,5,123,0,1.2
16,Priya,human,18,Mon,0,88,filler,6,0,48,377,268,6,2,98,3,42,0,0,0.02,0,4,126,0,1.2
16,Priya,human,18,Mon,0,89,hook,7,0,30,372,275,11,1,29,1,22,0,1,0.1,0,4,132,0,1.2
16,Priya,human,18,Mon,0,90,build,7,0,30,357,265,17,1,29,10,34,0,0,0.2,0,3,173,0,1.2
16,Priya,human,18,Mon,0,91,build,7,0,46,360,262,16,1,29,7,36,0,0,0.26,0,2,123,0,1.2
16,Priya,human,18,Mon,0,92,demo,7,0,40,372,278,31,8,272,8,41,0,1,0.45,0,5,143,0,1.2
16,Priya,human,18,Mon,0,93,demo,7,0,32,371,283,34,5,185,7,27,0,1,0.66,0,3,132,0,1.2
16,Priya,human,18,Mon,0,94,demo,7,0,39,373,271,25,4,116,3,41,0,1,0.57,0,4,165,0,1.2
16,Priya,human,18,Mon,0,95,demo,7,0,34,376,276,29,1,49,7,41,0,1,0.62,0,5,132,0,1.2
16,Priya,human,18,Mon,0,96,price,7,0,36,375,280,28,2,58,7,29,0,1,0.05,0,6,186,0,1.2
16,Priya,human,18,Mon,0,97,cta,7,0,58,392,297,32,5,145,4,24,0,1,0.09,1,4,173,0,1.2
16,Priya,human,18,Mon,0,98,fomo,7,0,38,406,285,19,0,0,9,44,0,0,0.15,0,6,156,1,1.2
16,Priya,human,18,Mon,0,99,fomo,7,0,46,414,293,23,3,87,6,37,0,0,0.05,0,5,133,2,1.2
16,Priya,human,18,Mon,0,100,qna,7,0,46,432,317,10,2,58,16,50,6,0,0,0,7,177,0,1.2
16,Priya,human,18,Mon,0,101,qna,7,0,33,437,313,14,1,49,12,52,6,0,0.03,0,3,189,0,1.2
16,Priya,human,18,Mon,0,102,qna,7,0,33,435,317,13,4,136,20,53,6,0,0.01,0,5,132,0,1.2
16,Priya,human,18,Mon,0,103,qna,7,0,39,452,311,11,1,29,18,42,6,0,0.1,0,5,173,0,1.2
16,Priya,human,18,Mon,0,104,filler,7,0,37,415,282,7,0,0,5,39,0,0,0.04,0,5,172,0,1.2
16,Priya,human,18,Mon,0,105,hook,8,0,39,407,288,12,0,0,10,35,0,0,0.15,0,5,152,0,1.2
16,Priya,human,18,Mon,0,106,hook,8,0,42,414,298,11,0,0,7,43,0,0,0.05,0,5,146,0,1.2
16,Priya,human,18,Mon,0,107,build,8,0,30,389,278,15,4,116,8,19,0,0,0.23,0,6,139,0,1.2
16,Priya,human,18,Mon,0,108,build,8,0,44,390,267,18,1,29,10,24,0,1,0.36,0,5,125,0,1.2
16,Priya,human,18,Mon,0,109,build,8,0,39,388,294,15,0,0,6,36,0,1,0.36,0,3,133,0,1.2
16,Priya,human,18,Mon,0,110,demo,8,0,34,391,287,33,5,185,9,39,0,1,0.58,0,5,157,0,1.2
16,Priya,human,18,Mon,0,111,demo,8,0,41,406,285,23,1,29,5,36,0,1,0.53,0,6,149,0,1.2
16,Priya,human,18,Mon,0,112,demo,8,0,29,394,281,29,4,116,7,38,0,1,0.6,0,6,152,0,1.2
16,Priya,human,18,Mon,0,113,demo,8,0,43,403,298,27,4,136,8,30,0,0,0.58,0,4,148,0,1.2
16,Priya,human,18,Mon,0,114,demo,8,0,50,416,292,18,3,107,8,44,0,1,0.79,0,3,154,0,1.2
16,Priya,human,18,Mon,0,115,price,8,0,37,415,311,17,4,156,9,30,0,1,0.03,0,3,190,0,1.2
16,Priya,human,18,Mon,0,116,cta,8,0,28,404,285,33,5,145,6,38,0,1,0.07,1,4,128,0,1.2
16,Priya,human,18,Mon,0,117,fomo,8,0,28,403,283,12,1,49,8,38,0,0,0.12,0,2,141,1,1.2
16,Priya,human,18,Mon,0,118,fomo,8,0,30,399,290,19,2,58,6,51,0,0,0.02,0,4,171,2,1.2
16,Priya,human,18,Mon,0,119,qna,8,0,36,404,291,9,2,58,15,65,6,0,0.14,0,3,139,0,1.2
16,Priya,human,18,Mon,0,120,qna,8,0,28,401,289,10,1,29,13,48,6,0,0.05,0,4,166,0,1.2
17,Maya,human,21,Wed,1,1,hook,1,1,104,104,72,3,0,0,6,18,0,0,0,0,3,129,0,1
17,Maya,human,21,Wed,1,2,hook,1,1,103,200,149,4,0,0,12,43,0,0,0.09,0,7,175,0,1
17,Maya,human,21,Wed,1,3,hook,1,1,99,272,187,8,1,29,10,73,0,0,0.02,1,3,189,0,1
17,Maya,human,21,Wed,1,4,hook,1,1,105,348,255,11,1,29,22,74,0,0,0.01,0,4,143,0,1
17,Maya,human,21,Wed,1,5,hook,1,1,111,426,311,12,0,0,24,83,0,1,0.05,0,7,122,0,1
17,Maya,human,21,Wed,1,6,hook,1,1,130,510,368,19,0,0,28,119,0,1,0.08,0,5,129,0,1
17,Maya,human,21,Wed,1,7,demo,1,0,72,538,388,27,5,165,6,38,0,1,0.62,0,4,184,0,1
17,Maya,human,21,Wed,1,8,demo,1,0,75,572,428,57,3,87,12,51,0,1,0.73,0,3,153,0,1
17,Maya,human,21,Wed,1,9,demo,1,0,96,621,455,50,4,116,12,59,0,1,0.75,1,5,146,0,1
17,Maya,human,21,Wed,1,10,price,1,0,78,639,479,35,2,58,12,60,0,0,0.12,1,7,151,0,1
17,Maya,human,21,Wed,1,11,cta,1,0,148,702,505,64,8,252,20,65,0,1,0.14,1,4,140,0,1.89
17,Maya,human,21,Wed,1,12,fomo,1,0,141,775,570,36,3,107,8,64,0,0,0.14,1,4,132,1,1.89
17,Maya,human,21,Wed,1,13,qna,1,0,175,891,629,27,1,29,31,107,6,0,0.04,1,4,174,0,1.89
17,Maya,human,21,Wed,1,14,qna,1,0,156,982,701,38,6,194,35,120,6,0,0.1,0,5,136,0,1.89
17,Maya,human,21,Wed,1,15,qna,1,0,155,1077,763,31,3,87,45,137,6,0,0.1,0,4,189,0,1.89
17,Maya,human,21,Wed,1,16,filler,1,0,140,1049,771,42,1,29,14,93,0,1,0.14,1,5,133,0,1.89
17,Maya,human,21,Wed,1,17,hook,2,0,136,1079,782,36,4,136,17,100,0,0,0.1,0,3,157,0,1.89
17,Maya,human,21,Wed,1,18,build,2,0,157,1108,814,52,8,272,21,97,0,0,0.22,0,4,171,0,1.89
17,Maya,human,21,Wed,1,19,build,2,0,168,1157,850,51,6,194,22,107,0,1,0.38,0,3,154,0,1.89
17,Maya,human,21,Wed,1,20,build,2,0,139,1198,903,65,6,194,26,110,0,1,0.21,0,5,155,0,1.89
17,Maya,human,21,Wed,1,21,build,2,0,159,1220,874,55,6,194,17,102,0,1,0.32,0,5,185,0,1.89
17,Maya,human,21,Wed,1,22,demo,2,0,168,1283,901,81,9,281,28,107,0,1,0.57,0,5,158,0,1.89
17,Maya,human,21,Wed,1,23,demo,2,0,153,1329,956,90,4,136,22,118,0,1,0.62,1,5,142,0,1.89
17,Maya,human,21,Wed,1,24,demo,2,0,149,1353,992,103,13,397,32,148,0,1,0.48,1,4,189,0,1.89
17,Maya,human,21,Wed,1,25,demo,2,0,137,1383,996,100,9,301,33,135,0,1,0.75,0,3,154,0,1.89
17,Maya,human,21,Wed,1,26,price,2,0,137,1382,1007,94,8,232,26,119,0,1,0.09,1,4,160,0,1.89
17,Maya,human,21,Wed,1,27,cta,2,0,134,1369,1009,93,10,310,18,114,0,1,0.08,0,4,125,0,1.89
17,Maya,human,21,Wed,1,28,cta,2,0,158,1382,991,108,18,602,21,141,0,1,0.06,1,4,139,0,1.89
17,Maya,human,21,Wed,1,29,fomo,2,0,141,1401,991,80,16,564,16,138,0,0,0.06,1,3,175,1,1.89
17,Maya,human,21,Wed,1,30,qna,2,0,142,1434,1028,50,4,116,60,174,6,0,0.1,0,3,181,0,1.89
17,Maya,human,21,Wed,1,31,qna,2,0,164,1494,1115,49,5,145,47,164,6,0,0.11,0,4,178,0,1.89
17,Maya,human,21,Wed,1,32,qna,2,0,150,1546,1093,55,4,136,50,177,6,0,0.02,1,4,173,0,1.89
17,Maya,human,21,Wed,1,33,filler,2,0,142,1444,1062,35,1,29,13,122,0,0,0.06,0,7,121,0,1.89
17,Maya,human,21,Wed,1,34,dead,2,0,165,1347,991,24,3,87,13,105,0,0,0.12,1,5,20,0,1.89
17,Maya,human,21,Wed,1,35,hook,3,0,127,1352,962,30,2,78,23,122,0,0,0.07,0,3,155,0,1.89
17,Maya,human,21,Wed,1,36,hook,3,0,157,1375,979,35,1,29,31,135,0,0,0.05,0,4,186,0,1.89
17,Maya,human,21,Wed,1,37,build,3,0,152,1380,997,61,5,145,24,116,0,1,0.16,1,4,158,0,1.89
17,Maya,human,21,Wed,1,38,build,3,0,139,1374,997,69,8,292,21,122,0,1,0.36,0,5,172,0,1.89
17,Maya,human,21,Wed,1,39,demo,3,0,139,1395,1021,98,11,459,26,124,0,1,0.55,0,4,142,0,1.89
17,Maya,human,21,Wed,1,40,demo,3,0,173,1443,1055,109,21,709,24,127,0,1,0.64,0,3,187,0,1.89
17,Maya,human,21,Wed,1,41,demo,3,0,133,1455,1049,102,7,203,29,121,0,1,0.76,0,2,139,0,1.89
17,Maya,human,21,Wed,1,42,price,3,0,142,1430,1051,82,10,370,22,125,0,0,0.08,1,6,137,0,1.89
17,Maya,human,21,Wed,1,43,cta,3,0,127,1390,998,92,13,437,20,119,0,0,0.13,1,2,186,0,1.89
17,Maya,human,21,Wed,1,44,cta,3,0,126,1360,980,96,15,475,18,117,0,0,0.01,0,3,166,0,1.89
17,Maya,human,21,Wed,1,45,fomo,3,0,145,1379,985,46,8,272,28,130,0,0,0.14,0,5,140,1,1.89
17,Maya,human,21,Wed,1,46,qna,3,0,148,1424,1025,45,5,165,45,191,6,0,0.13,0,4,121,0,1.89
17,Maya,human,21,Wed,1,47,qna,3,0,160,1497,1054,38,4,116,50,173,6,0,0.04,0,6,132,0,1.89
17,Maya,human,21,Wed,1,48,hook,4,0,154,1509,1071,40,5,205,29,113,0,0,0.09,0,2,165,0,1.89
17,Maya,human,21,Wed,1,49,build,4,0,157,1492,1106,73,6,214,18,128,0,1,0.15,0,3,187,0,1.89
17,Maya,human,21,Wed,1,50,build,4,0,148,1462,1074,46,2,78,33,115,0,0,0.15,0,6,134,0,1.89
17,Maya,human,21,Wed,1,51,build,4,0,150,1466,1053,84,13,457,28,129,0,1,0.16,1,4,187,0,1.89
17,Maya,human,21,Wed,1,52,demo,4,0,141,1492,1094,102,20,660,30,133,0,1,0.56,0,4,155,0,1.89
17,Maya,human,21,Wed,1,53,demo,4,0,148,1506,1104,90,15,455,30,138,0,1,0.64,0,7,188,0,1.89
17,Maya,human,21,Wed,1,54,demo,4,0,161,1551,1090,111,16,544,27,142,0,1,0.52,0,2,150,0,1.89
17,Maya,human,21,Wed,1,55,demo,4,0,150,1550,1167,105,12,448,31,160,0,1,0.78,0,6,136,0,1.89
17,Maya,human,21,Wed,1,56,demo,4,0,144,1557,1098,80,12,388,33,138,0,1,0.6,0,3,170,0,1.89
17,Maya,human,21,Wed,1,57,price,4,0,155,1561,1098,77,6,234,33,129,0,0,0.01,0,3,150,0,1.89
17,Maya,human,21,Wed,1,58,cta,4,0,129,1521,1097,82,10,310,30,146,0,0,0.05,0,5,187,0,1.89
17,Maya,human,21,Wed,1,59,fomo,4,0,153,1524,1117,63,11,399,29,144,0,0,0.02,0,6,142,1,1.89
17,Maya,human,21,Wed,1,60,qna,4,0,123,1539,1107,49,8,272,58,173,6,0,0.06,0,6,186,0,1.89
17,Maya,human,21,Wed,1,61,qna,4,0,154,1579,1116,43,6,194,57,178,6,0,0.07,0,6,161,0,1.89
17,Maya,human,21,Wed,1,62,filler,4,0,158,1508,1060,25,2,78,13,114,0,0,0.01,0,4,176,0,1.89
17,Maya,human,21,Wed,1,63,hook,5,0,151,1514,1084,53,8,252,18,152,0,1,0.07,0,2,153,0,1.89
17,Maya,human,21,Wed,1,64,hook,5,0,157,1508,1079,43,7,283,30,147,0,0,0.05,0,5,188,0,1.89
17,Maya,human,21,Wed,1,65,build,5,0,142,1477,1066,67,5,145,27,159,0,1,0.18,0,4,184,0,1.89
17,Maya,human,21,Wed,1,66,build,5,0,138,1454,1072,70,6,234,22,130,0,1,0.34,1,6,129,0,1.89
17,Maya,human,21,Wed,1,67,demo,5,0,150,1484,1084,121,11,379,33,139,0,1,0.84,0,6,140,0,1.89
17,Maya,human,21,Wed,1,68,demo,5,0,134,1492,1047,92,11,339,26,139,0,1,0.85,0,4,123,0,1.89
17,Maya,human,21,Wed,1,69,demo,5,0,138,1499,1056,88,11,379,28,123,0,1,0.48,0,7,150,0,1.89
17,Maya,human,21,Wed,1,70,demo,5,0,146,1507,1089,112,12,408,26,133,0,1,0.68,0,2,187,0,1.89
17,Maya,human,21,Wed,1,71,price,5,0,130,1482,1089,71,6,194,23,144,0,0,0,1,2,121,0,1.89
17,Maya,human,21,Wed,1,72,cta,5,0,148,1459,1056,86,15,555,25,122,0,0,0.04,0,2,126,0,1.89
17,Maya,human,21,Wed,1,73,cta,5,0,133,1445,1057,115,19,651,19,139,0,1,0.11,1,7,124,0,1.89
17,Maya,human,21,Wed,1,74,fomo,5,0,144,1473,1046,64,4,136,32,131,0,0,0.14,0,7,126,1,1.89
17,Maya,human,21,Wed,1,75,qna,5,0,126,1503,1082,43,8,292,55,153,6,0,0.01,0,5,141,0,1.89
17,Maya,human,21,Wed,1,76,qna,5,0,127,1515,1100,37,3,87,55,195,6,0,0.08,0,3,149,0,1.89
17,Maya,human,21,Wed,1,77,qna,5,0,146,1552,1126,57,7,243,64,173,6,1,0.04,0,2,183,0,1.89
17,Maya,human,21,Wed,1,78,dead,5,0,136,1405,1016,18,0,0,4,120,0,0,0.12,0,2,20,0,1.89
17,Maya,human,21,Wed,1,79,hook,6,0,135,1416,1035,38,2,58,18,115,0,0,0.05,0,2,170,0,1.89
17,Maya,human,21,Wed,1,80,build,6,0,112,1381,1009,61,7,203,33,118,0,1,0.34,0,7,149,0,1.89
17,Maya,human,21,Wed,1,81,build,6,0,146,1363,986,72,10,310,28,115,0,1,0.34,1,2,179,0,1.89
17,Maya,human,21,Wed,1,82,build,6,0,125,1361,977,50,3,107,25,130,0,0,0.15,0,4,150,0,1.89
17,Maya,human,21,Wed,1,83,demo,6,0,130,1380,968,81,5,185,21,134,0,1,0.74,0,7,158,0,1.89
17,Maya,human,21,Wed,1,84,demo,6,0,128,1389,1010,102,9,281,18,128,0,1,0.8,0,4,149,0,1.89
17,Maya,human,21,Wed,1,85,demo,6,0,141,1419,1039,101,15,495,30,122,0,1,0.62,0,3,183,0,1.89
17,Maya,human,21,Wed,1,86,demo,6,0,141,1433,1057,111,9,301,26,124,0,1,0.84,0,4,187,0,1.89
17,Maya,human,21,Wed,1,87,price,6,0,128,1429,1049,80,14,466,31,156,0,0,0.06,0,5,143,0,1.89
17,Maya,human,21,Wed,1,88,cta,6,0,138,1402,997,109,11,359,18,120,0,1,0.1,1,4,159,0,1.89
17,Maya,human,21,Wed,1,89,cta,6,0,138,1387,964,109,22,738,28,122,0,1,0,1,4,149,0,1.89
17,Maya,human,21,Wed,1,90,fomo,6,0,128,1396,986,61,8,252,24,118,0,0,0.02,0,5,135,1,1.89
17,Maya,human,21,Wed,1,91,qna,6,0,135,1433,1048,60,4,116,54,171,6,0,0.08,1,5,148,0,1.89
17,Maya,human,21,Wed,1,92,qna,6,0,131,1458,1044,34,2,58,58,182,6,0,0.11,0,6,187,0,1.89
17,Maya,human,21,Wed,1,93,filler,6,0,134,1377,992,29,1,29,12,117,0,0,0.14,0,7,152,0,1.89
17,Maya,human,21,Wed,1,94,hook,7,0,110,1368,993,29,1,29,16,116,0,0,0.02,0,3,151,0,1.89
17,Maya,human,21,Wed,1,95,build,7,0,146,1334,952,61,6,214,20,103,0,1,0.32,0,5,172,0,1.89
17,Maya,human,21,Wed,1,96,build,7,0,128,1304,941,62,5,165,17,128,0,1,0.17,0,6,151,0,1.89
17,Maya,human,21,Wed,1,97,build,7,0,142,1299,925,47,3,87,9,114,0,0,0.21,0,6,168,0,1.89
17,Maya,human,21,Wed,1,98,demo,7,0,132,1324,944,92,14,486,17,113,0,1,0.74,0,4,178,0,1.89
17,Maya,human,21,Wed,1,99,demo,7,0,133,1350,971,91,10,350,31,113,0,1,0.64,0,5,187,0,1.89
17,Maya,human,21,Wed,1,100,demo,7,0,134,1359,985,99,7,203,34,127,0,1,0.83,0,3,135,0,1.89
17,Maya,human,21,Wed,1,101,demo,7,0,128,1374,982,103,14,446,28,116,0,1,0.84,0,3,157,0,1.89
17,Maya,human,21,Wed,1,102,price,7,0,123,1366,987,52,4,136,35,128,0,1,0.08,0,6,124,0,1.89
17,Maya,human,21,Wed,1,103,cta,7,0,134,1356,989,113,17,553,25,119,0,1,0.02,1,4,124,0,1.89
17,Maya,human,21,Wed,1,104,cta,7,0,140,1365,989,111,18,582,25,119,0,1,0.13,1,7,141,0,1.89
17,Maya,human,21,Wed,1,105,fomo,7,0,108,1348,978,60,7,243,24,121,0,0,0.12,0,6,124,1,1.89
17,Maya,human,21,Wed,1,106,qna,7,0,136,1375,964,49,2,58,45,152,6,1,0.13,0,3,133,0,1.89
17,Maya,human,21,Wed,1,107,qna,7,0,153,1433,1016,48,5,165,55,177,6,0,0.1,0,6,187,0,1.89
17,Maya,human,21,Wed,1,108,filler,7,0,150,1354,949,31,2,58,14,121,0,1,0.09,0,3,145,0,1.89
17,Maya,human,21,Wed,1,109,hook,8,0,111,1346,979,38,4,156,23,125,0,0,0.14,0,4,169,0,1.89
17,Maya,human,21,Wed,1,110,hook,8,0,120,1319,953,36,3,107,20,120,0,0,0.09,0,5,133,0,1.89
17,Maya,human,21,Wed,1,111,build,8,0,127,1320,948,58,5,145,20,116,0,0,0.35,0,6,137,0,1.89
17,Maya,human,21,Wed,1,112,build,8,0,128,1301,923,56,9,281,35,114,0,1,0.34,0,6,137,0,1.89
17,Maya,human,21,Wed,1,113,demo,8,0,120,1308,924,93,9,361,28,128,0,1,0.83,0,4,137,0,1.89
17,Maya,human,21,Wed,1,114,demo,8,0,111,1307,944,91,12,468,28,100,0,1,0.74,0,7,127,0,1.89
17,Maya,human,21,Wed,1,115,demo,8,0,142,1314,955,96,15,475,19,111,0,1,0.81,0,7,125,0,1.89
17,Maya,human,21,Wed,1,116,price,8,0,103,1277,911,77,9,321,16,125,0,1,0.12,1,4,189,0,1.89
17,Maya,human,21,Wed,1,117,cta,8,0,135,1277,958,85,16,564,16,115,0,0,0.07,1,6,155,0,1.89
17,Maya,human,21,Wed,1,118,fomo,8,0,127,1298,915,45,7,203,21,113,0,0,0.05,0,7,165,1,1.89
17,Maya,human,21,Wed,1,119,qna,8,0,138,1351,949,35,3,107,55,139,6,0,0.03,0,5,172,0,1.89
17,Maya,human,21,Wed,1,120,qna,8,0,129,1384,976,42,3,107,39,166,6,0,0.04,0,4,123,0,1.89
18,Priya,human,19,Thu,0,1,hook,1,0,65,65,45,1,0,0,1,4,0,1,0,0,4,159,0,1
18,Priya,human,19,Thu,0,2,build,1,0,58,118,84,5,0,0,5,12,0,1,0.29,0,5,137,0,1
18,Priya,human,19,Thu,0,3,build,1,0,55,163,119,10,2,58,2,17,0,1,0.26,0,6,180,0,1
18,Priya,human,19,Thu,0,4,build,1,0,47,192,148,11,2,58,2,17,0,1,0.27,1,3,138,0,1
18,Priya,human,19,Thu,0,5,demo,1,0,49,226,168,16,4,116,3,16,0,1,0.74,0,4,165,0,1
18,Priya,human,19,Thu,0,6,demo,1,0,46,251,181,20,3,107,4,25,0,1,0.68,0,2,133,0,1
18,Priya,human,19,Thu,0,7,demo,1,0,54,283,207,23,3,107,5,27,0,1,0.77,0,6,156,0,1
18,Priya,human,19,Thu,0,8,price,1,0,49,312,224,20,2,58,1,27,0,0,0.13,1,4,132,0,1
18,Priya,human,19,Thu,0,9,cta,1,0,52,325,238,23,3,127,9,37,0,0,0.01,1,4,162,0,1
18,Priya,human,19,Thu,0,10,fomo,1,0,51,353,258,13,3,87,8,36,0,0,0.08,0,5,130,1,1
18,Priya,human,19,Thu,0,11,fomo,1,0,70,396,279,18,0,0,10,39,0,0,0.1,0,4,131,2,1.33
18,Priya,human,19,Thu,0,12,qna,1,0,77,449,331,16,2,58,15,56,6,0,0.08,1,3,123,0,1.33
18,Priya,human,19,Thu,0,13,qna,1,0,77,495,366,16,2,58,21,60,6,0,0.02,0,3,157,0,1.33
18,Priya,human,19,Thu,0,14,hook,2,0,75,521,370,16,1,29,12,35,0,0,0.15,0,4,136,0,1.33
18,Priya,human,19,Thu,0,15,hook,2,0,66,527,380,19,1,29,10,43,0,0,0.14,0,5,144,0,1.33
18,Priya,human,19,Thu,0,16,build,2,0,65,534,403,19,1,29,7,58,0,0,0.2,0,5,124,0,1.33
18,Priya,human,19,Thu,0,17,build,2,0,66,543,409,18,5,145,11,40,0,1,0.24,0,6,121,0,1.33
18,Priya,human,19,Thu,0,18,build,2,0,77,576,424,31,3,107,11,50,0,0,0.31,0,3,177,0,1.33
18,Priya,human,19,Thu,0,19,demo,2,0,69,591,443,27,2,58,14,49,0,0,0.8,0,2,150,0,1.33
18,Priya,human,19,Thu,0,20,demo,2,0,71,611,432,51,8,252,10,42,0,1,0.46,1,3,144,0,1.33
18,Priya,human,19,Thu,0,21,demo,2,0,73,631,448,37,3,87,5,64,0,1,0.64,0,7,147,0,1.33
18,Priya,human,19,Thu,0,22,demo,2,0,79,645,454,39,2,58,10,60,0,1,0.64,0,5,134,0,1.33
18,Priya,human,19,Thu,0,23,demo,2,0,67,665,481,34,8,272,13,55,0,0,0.6,0,4,137,0,1.33
18,Priya,human,19,Thu,0,24,price,2,0,74,674,470,35,6,194,20,71,0,0,0.12,0,3,173,0,1.33
18,Priya,human,19,Thu,0,25,cta,2,0,58,659,454,46,9,261,7,53,0,1,0.1,1,3,128,0,1.33
18,Priya,human,19,Thu,0,26,fomo,2,0,60,666,479,26,7,223,8,73,0,0,0.13,0,3,172,1,1.33
18,Priya,human,19,Thu,0,27,fomo,2,0,70,686,481,21,2,78,15,54,0,0,0.02,0,5,181,2,1.33
18,Priya,human,19,Thu,0,28,qna,2,0,59,702,510,21,2,78,28,90,6,0,0.01,0,3,142,0,1.33
18,Priya,human,19,Thu,0,29,qna,2,0,82,738,536,15,5,145,32,83,6,0,0.09,0,5,189,0,1.33
18,Priya,human,19,Thu,0,30,qna,2,0,62,742,525,20,4,156,26,77,6,0,0.04,0,4,169,0,1.33
18,Priya,human,19,Thu,0,31,qna,2,0,68,754,527,28,5,185,24,82,6,0,0.04,0,5,175,0,1.33
18,Priya,human,19,Thu,0,32,dead,2,0,72,696,525,11,0,0,2,62,0,0,0.04,0,5,20,0,1.33
18,Priya,human,19,Thu,0,33,hook,3,0,65,695,505,32,3,107,13,76,0,1,0.05,0,3,124,0,1.33
18,Priya,human,19,Thu,0,34,build,3,0,71,689,475,24,2,58,8,73,0,0,0.29,0,3,129,0,1.33
18,Priya,human,19,Thu,0,35,build,3,0,62,683,509,26,2,78,11,55,0,1,0.23,0,5,143,0,1.33
18,Priya,human,19,Thu,0,36,demo,3,0,65,688,498,33,4,136,12,47,0,1,0.61,0,6,144,0,1.33
18,Priya,human,19,Thu,0,37,demo,3,0,65,681,485,35,4,116,7,70,0,1,0.56,0,4,135,0,1.33
18,Priya,human,19,Thu,0,38,demo,3,0,85,716,515,56,4,156,13,74,0,1,0.63,0,5,131,0,1.33
18,Priya,human,19,Thu,0,39,demo,3,0,65,725,525,56,8,252,17,77,0,1,0.46,0,3,165,0,1.33
18,Priya,human,19,Thu,0,40,demo,3,0,50,718,508,57,10,330,14,64,0,1,0.64,0,6,178,0,1.33
18,Priya,human,19,Thu,0,41,price,3,0,70,698,480,31,5,145,10,44,0,0,0.15,0,5,173,0,1.33
18,Priya,human,19,Thu,0,42,cta,3,0,74,688,507,47,8,232,14,67,0,0,0.02,0,3,161,0,1.33
18,Priya,human,19,Thu,0,43,fomo,3,0,51,666,485,23,5,165,17,64,0,0,0.02,0,3,179,1,1.33
18,Priya,human,19,Thu,0,44,fomo,3,0,61,672,512,37,6,194,17,59,0,0,0.1,1,6,159,2,1.33
18,Priya,human,19,Thu,0,45,fomo,3,0,73,687,504,33,3,87,13,57,0,0,0.1,0,6,159,3,1.33
18,Priya,human,19,Thu,0,46,qna,3,0,66,697,508,29,5,185,27,80,6,1,0.11,0,5,153,0,1.33
18,Priya,human,19,Thu,0,47,qna,3,0,67,695,513,27,5,185,24,74,6,0,0.03,0,2,128,0,1.33
18,Priya,human,19,Thu,0,48,hook,4,0,76,700,544,25,1,29,20,68,0,0,0.15,0,6,154,0,1.33
18,Priya,human,19,Thu,0,49,hook,4,0,78,715,515,22,2,58,18,63,0,0,0.01,0,2,164,0,1.33
18,Priya,human,19,Thu,0,50,build,4,0,68,702,495,21,3,107,12,55,0,0,0.34,0,3,122,0,1.33
18,Priya,human,19,Thu,0,51,build,4,0,59,697,512,33,4,116,9,53,0,1,0.37,0,6,142,0,1.33
18,Priya,human,19,Thu,0,52,demo,4,0,52,690,508,44,5,165,13,47,0,1,0.58,0,3,179,0,1.33
18,Priya,human,19,Thu,0,53,demo,4,0,62,690,480,52,11,319,16,57,0,1,0.73,0,5,162,0,1.33
18,Priya,human,19,Thu,0,54,demo,4,0,72,709,489,51,7,223,9,63,0,1,0.85,0,7,179,0,1.33
18,Priya,human,19,Thu,0,55,price,4,0,61,701,516,43,6,194,10,64,0,0,0.11,1,6,180,0,1.33
18,Priya,human,19,Thu,0,56,cta,4,0,57,691,494,35,5,165,14,60,0,0,0.13,0,7,142,0,1.33
18,Priya,human,19,Thu,0,57,fomo,4,0,50,678,452,31,2,78,9,57,0,0,0.14,0,3,175,1,1.33
18,Priya,human,19,Thu,0,58,fomo,4,0,65,689,476,28,2,78,18,70,0,0,0.1,0,3,175,2,1.33
18,Priya,human,19,Thu,0,59,qna,4,0,56,696,499,35,5,165,24,56,6,1,0.07,1,5,153,0,1.33
18,Priya,human,19,Thu,0,60,qna,4,0,63,715,500,23,6,214,31,90,6,0,0.04,0,5,181,0,1.33
18,Priya,human,19,Thu,0,61,hook,5,0,64,708,504,14,2,58,15,59,0,0,0.1,0,4,127,0,1.33
18,Priya,human,19,Thu,0,62,build,5,0,70,690,486,25,2,58,15,61,0,1,0.19,0,3,122,0,1.33
18,Priya,human,19,Thu,0,63,build,5,0,60,669,460,26,1,29,5,62,0,0,0.38,0,3,140,0,1.33
18,Priya,human,19,Thu,0,64,build,5,0,62,642,473,27,3,107,6,44,0,1,0.26,0,4,178,0,1.33
18,Priya,human,19,Thu,0,65,demo,5,0,62,654,470,36,4,156,5,71,0,0,0.67,0,3,184,0,1.33
18,Priya,human,19,Thu,0,66,demo,5,0,56,653,473,49,3,107,11,65,0,1,0.78,0,5,134,0,1.33
18,Priya,human,19,Thu,0,67,demo,5,0,61,640,468,47,4,116,18,44,0,1,0.83,0,6,162,0,1.33
18,Priya,human,19,Thu,0,68,demo,5,0,61,645,443,47,9,321,14,66,0,1,0.57,0,5,146,0,1.33
18,Priya,human,19,Thu,0,69,demo,5,0,51,633,465,47,4,116,14,57,0,1,0.75,0,6,143,0,1.33
18,Priya,human,19,Thu,0,70,price,5,0,67,650,462,49,10,330,11,67,0,1,0.11,1,6,120,0,1.33
18,Priya,human,19,Thu,0,71,cta,5,0,65,650,476,46,9,261,7,73,0,1,0.01,1,3,158,0,1.33
18,Priya,human,19,Thu,0,72,cta,5,0,63,636,454,40,9,281,9,56,0,0,0.04,0,6,153,0,1.33
18,Priya,human,19,Thu,0,73,fomo,5,0,64,648,456,27,4,136,15,51,0,0,0.09,0,2,186,1,1.33
18,Priya,human,19,Thu,0,74,fomo,5,0,38,629,473,30,6,194,10,44,0,0,0.13,1,4,168,2,1.33
18,Priya,human,19,Thu,0,75,qna,5,0,43,641,456,18,2,78,25,85,6,0,0.02,0,4,153,0,1.33
18,Priya,human,19,Thu,0,76,qna,5,0,67,673,477,29,4,136,19,86,6,1,0.14,0,7,144,0,1.33
18,Priya,human,19,Thu,0,77,qna,5,0,58,691,535,20,3,107,25,77,6,0,0.08,0,6,126,0,1.33
18,Priya,human,19,Thu,0,78,dead,5,0,55,599,430,10,1,29,7,54,0,0,0.14,0,3,20,0,1.33
18,Priya,human,19,Thu,0,79,hook,6,0,56,611,443,16,1,29,18,64,0,0,0.01,0,4,173,0,1.33
18,Priya,human,19,Thu,0,80,build,6,0,69,620,452,26,1,29,13,69,0,0,0.35,0,4,180,0,1.33
18,Priya,human,19,Thu,0,81,build,6,0,59,606,432,15,2,78,12,46,0,0,0.28,0,7,185,0,1.33
18,Priya,human,19,Thu,0,82,build,6,0,58,601,434,25,3,87,11,58,0,1,0.23,0,5,151,0,1.33
18,Priya,human,19,Thu,0,83,demo,6,0,63,606,444,41,7,223,17,50,0,1,0.73,0,4,152,0,1.33
18,Priya,human,19,Thu,0,84,demo,6,0,46,602,440,48,5,165,14,53,0,1,0.64,0,5,131,0,1.33
18,Priya,human,19,Thu,0,85,demo,6,0,49,596,428,44,4,136,17,40,0,1,0.82,0,7,153,0,1.33
18,Priya,human,19,Thu,0,86,price,6,0,49,579,420,40,6,214,9,43,0,1,0.04,1,6,160,0,1.33
18,Priya,human,19,Thu,0,87,cta,6,0,54,570,401,30,3,87,9,56,0,0,0.1,1,6,189,0,1.33
18,Priya,human,19,Thu,0,88,cta,6,0,62,565,423,39,3,107,10,52,0,0,0.06,1,3,159,0,1.33
18,Priya,human,19,Thu,0,89,fomo,6,0,59,563,398,25,2,58,12,51,0,0,0,0,6,190,1,1.33
18,Priya,human,19,Thu,0,90,fomo,6,0,69,580,422,25,3,107,7,58,0,0,0.14,1,4,154,2,1.33
18,Priya,human,19,Thu,0,91,qna,6,0,64,604,441,24,3,107,23,76,6,0,0.07,0,4,170,0,1.33
18,Priya,human,19,Thu,0,92,qna,6,0,66,630,461,31,6,234,20,63,6,0,0.07,1,5,178,0,1.33
18,Priya,human,19,Thu,0,93,qna,6,0,50,639,451,9,0,0,16,89,6,0,0,0,6,131,0,1.33
18,Priya,human,19,Thu,0,94,filler,6,0,48,576,426,15,3,127,6,52,0,0,0.05,1,5,137,0,1.33
18,Priya,human,19,Thu,0,95,hook,7,0,47,561,406,10,0,0,8,45,0,0,0.06,0,4,157,0,1.33
18,Priya,human,19,Thu,0,96,hook,7,0,56,558,407,14,1,29,12,49,0,0,0.02,0,2,132,0,1.33
18,Priya,human,19,Thu,0,97,build,7,0,60,551,403,34,2,98,9,49,0,1,0.25,1,4,160,0,1.33
18,Priya,human,19,Thu,0,98,build,7,0,55,531,386,20,3,87,10,44,0,0,0.3,0,5,150,0,1.33
18,Priya,human,19,Thu,0,99,build,7,0,59,534,381,17,0,0,9,48,0,0,0.23,0,6,185,0,1.33
18,Priya,human,19,Thu,0,100,demo,7,0,53,532,382,33,3,87,8,55,0,1,0.72,0,3,163,0,1.33
18,Priya,human,19,Thu,0,101,demo,7,0,63,556,412,34,5,165,10,53,0,1,0.64,0,3,166,0,1.33
18,Priya,human,19,Thu,0,102,demo,7,0,57,557,385,41,5,165,4,44,0,1,0.53,0,4,158,0,1.33
18,Priya,human,19,Thu,0,103,demo,7,0,60,573,411,47,6,194,9,49,0,1,0.46,0,5,152,0,1.33
18,Priya,human,19,Thu,0,104,demo,7,0,59,583,413,32,3,87,9,58,0,0,0.7,0,5,122,0,1.33
18,Priya,human,19,Thu,0,105,price,7,0,59,584,416,38,8,292,5,49,0,0,0.05,1,5,153,0,1.33
18,Priya,human,19,Thu,0,106,cta,7,0,51,571,408,43,8,272,5,60,0,1,0.1,1,4,129,0,1.33
18,Priya,human,19,Thu,0,107,cta,7,0,46,566,400,45,7,203,7,59,0,1,0.15,1,6,158,0,1.33
18,Priya,human,19,Thu,0,108,fomo,7,0,55,572,405,18,3,127,11,56,0,0,0.01,0,2,174,1,1.33
18,Priya,human,19,Thu,0,109,fomo,7,0,55,594,417,25,2,58,8,58,0,0,0.04,0,7,170,2,1.33
18,Priya,human,19,Thu,0,110,qna,7,0,43,593,415,22,2,58,22,69,6,0,0.12,1,7,131,0,1.33
18,Priya,human,19,Thu,0,111,qna,7,0,62,620,414,11,1,49,20,62,6,1,0.05,0,4,152,0,1.33
18,Priya,human,19,Thu,0,112,qna,7,0,52,643,479,22,2,58,34,70,6,0,0.03,0,3,178,0,1.33
18,Priya,human,19,Thu,0,113,hook,8,0,38,607,450,21,0,0,10,64,0,1,0.12,0,6,176,0,1.33
18,Priya,human,19,Thu,0,114,build,8,0,63,593,447,34,6,174,14,58,0,1,0.15,0,5,135,0,1.33
18,Priya,human,19,Thu,0,115,build,8,0,49,579,413,25,3,107,9,45,0,0,0.16,0,7,141,0,1.33
18,Priya,human,19,Thu,0,116,build,8,0,60,574,439,25,2,78,10,51,0,0,0.31,0,6,146,0,1.33
18,Priya,human,19,Thu,0,117,build,8,0,59,582,426,30,3,87,13,59,0,1,0.32,0,4,160,0,1.33
18,Priya,human,19,Thu,0,118,demo,8,0,48,575,435,34,12,408,8,55,0,0,0.57,1,4,124,0,1.33
18,Priya,human,19,Thu,0,119,demo,8,0,59,577,415,36,5,145,14,55,0,1,0.83,0,4,170,0,1.33
18,Priya,human,19,Thu,0,120,demo,8,0,48,573,424,44,3,87,11,59,0,1,0.53,0,3,171,0,1.33
19,Priya,human,19,Sun,1,1,hook,1,1,102,102,71,4,0,0,1,23,0,0,0.05,0,5,135,0,1
19,Priya,human,19,Sun,1,2,hook,1,1,91,186,128,7,1,29,7,49,0,0,0.03,0,5,133,0,1
19,Priya,human,19,Sun,1,3,hook,1,1,97,265,192,5,1,49,13,52,0,0,0.13,0,5,163,0,1
19,Priya,human,19,Sun,1,4,hook,1,1,77,317,222,6,0,0,15,71,0,0,0.15,0,5,133,0,1
19,Priya,human,19,Sun,1,5,hook,1,1,92,383,280,12,1,49,22,102,0,1,0.08,1,3,140,0,1
19,Priya,human,19,Sun,1,6,hook,1,1,78,439,330,9,0,0,25,85,0,0,0.05,0,4,152,0,1
19,Priya,human,19,Sun,1,7,demo,1,0,59,460,357,27,4,116,4,39,0,1,0.47,1,7,172,0,1
19,Priya,human,19,Sun,1,8,price,1,0,56,472,339,24,3,87,10,43,0,1,0.04,1,3,155,0,1
19,Priya,human,19,Sun,1,9,cta,1,0,55,475,336,31,0,0,8,46,0,0,0.03,1,4,129,0,1
19,Priya,human,19,Sun,1,10,fomo,1,0,44,472,346,18,4,136,5,31,0,0,0.03,0,6,136,1,1
19,Priya,human,19,Sun,1,11,fomo,1,0,137,572,400,27,3,87,8,45,0,1,0.06,0,6,163,2,2.05
19,Priya,human,19,Sun,1,12,qna,1,0,139,667,486,17,1,29,21,90,6,0,0.12,0,5,162,0,2.05
19,Priya,human,19,Sun,1,13,qna,1,0,129,752,560,20,4,136,44,88,6,0,0.01,0,7,170,0,2.05
19,Priya,human,19,Sun,1,14,hook,2,0,115,798,560,35,2,78,9,87,0,1,0.06,0,4,143,0,2.05
19,Priya,human,19,Sun,1,15,hook,2,0,110,825,563,23,1,49,16,76,0,0,0.05,0,4,151,0,2.05
19,Priya,human,19,Sun,1,16,build,2,0,121,861,622,46,1,29,10,83,0,1,0.29,0,4,167,0,2.05
19,Priya,human,19,Sun,1,17,build,2,0,129,890,632,42,2,78,12,85,0,1,0.37,0,4,162,0,2.05
19,Priya,human,19,Sun,1,18,build,2,0,144,936,688,32,1,29,14,83,0,0,0.27,0,6,184,0,2.05
19,Priya,human,19,Sun,1,19,demo,2,0,137,992,737,70,7,243,11,99,0,1,0.84,0,5,184,0,2.05
19,Priya,human,19,Sun,1,20,demo,2,0,115,1016,738,75,9,281,24,97,0,1,0.82,0,5,143,0,2.05
19,Priya,human,19,Sun,1,21,demo,2,0,120,1042,738,58,10,350,15,66,0,0,0.68,0,2,128,0,2.05
19,Priya,human,19,Sun,1,22,demo,2,0,124,1076,759,79,10,330,13,96,0,1,0.71,1,2,174,0,2.05
19,Priya,human,19,Sun,1,23,price,2,0,133,1105,802,69,5,185,22,106,0,1,0.05,1,3,131,0,2.05
19,Priya,human,19,Sun,1,24,cta,2,0,118,1106,758,70,14,446,21,109,0,0,0.13,0,5,150,0,2.05
19,Priya,human,19,Sun,1,25,cta,2,0,114,1093,762,79,10,350,19,101,0,0,0.04,1,6,180,0,2.05
19,Priya,human,19,Sun,1,26,fomo,2,0,98,1102,789,49,10,330,28,74,0,0,0.06,0,3,146,1,2.05
19,Priya,human,19,Sun,1,27,fomo,2,0,131,1151,808,37,8,252,19,105,0,0,0,0,5,169,2,2.05
19,Priya,human,19,Sun,1,28,fomo,2,0,110,1175,852,45,6,194,23,93,0,0,0.1,0,5,145,3,2.05
19,Priya,human,19,Sun,1,29,qna,2,0,109,1204,863,34,5,185,47,105,6,0,0.14,0,6,141,0,2.05
19,Priya,human,19,Sun,1,30,qna,2,0,123,1234,878,23,1,29,36,143,6,0,0.15,0,5,185,0,2.05
19,Priya,human,19,Sun,1,31,filler,2,0,131,1163,856,28,0,0,9,103,0,0,0.15,0,3,123,0,2.05
19,Priya,human,19,Sun,1,32,hook,3,0,123,1163,854,40,2,58,22,115,0,1,0.15,0,5,148,0,2.05
19,Priya,human,19,Sun,1,33,build,3,0,115,1171,811,46,3,107,17,105,0,0,0.22,0,6,122,0,2.05
19,Priya,human,19,Sun,1,34,build,3,0,111,1148,837,51,5,145,25,120,0,1,0.23,0,6,162,0,2.05
19,Priya,human,19,Sun,1,35,demo,3,0,136,1169,857,87,8,272,19,120,0,1,0.62,0,3,122,0,2.05
19,Priya,human,19,Sun,1,36,demo,3,0,129,1205,873,75,6,214,24,128,0,1,0.76,0,5,139,0,2.05
19,Priya,human,19,Sun,1,37,demo,3,0,99,1203,879,89,15,475,19,100,0,1,0.57,1,7,138,0,2.05
19,Priya,human,19,Sun,1,38,demo,3,0,115,1224,882,82,9,281,25,108,0,1,0.67,0,3,171,0,2.05
19,Priya,human,19,Sun,1,39,price,3,0,123,1234,901,68,3,87,26,115,0,0,0.08,1,3,159,0,2.05
19,Priya,human,19,Sun,1,40,cta,3,0,115,1214,871,80,14,506,19,100,0,1,0.06,1,6,126,0,2.05
19,Priya,human,19,Sun,1,41,fomo,3,0,116,1235,881,47,9,301,16,128,0,0,0.12,0,4,122,1,2.05
19,Priya,human,19,Sun,1,42,fomo,3,0,124,1264,931,50,7,203,23,108,0,0,0.07,0,2,125,2,2.05
19,Priya,human,19,Sun,1,43,qna,3,0,107,1282,897,45,7,243,41,160,6,0,0.03,1,2,164,0,2.05
19,Priya,human,19,Sun,1,44,qna,3,0,108,1308,947,35,4,116,57,174,6,0,0.03,0,5,153,0,2.05
19,Priya,human,19,Sun,1,45,filler,3,0,116,1235,890,24,2,58,18,114,0,0,0.12,0,5,127,0,2.05
19,Priya,human,19,Sun,1,46,hook,4,0,98,1227,877,16,1,49,24,128,0,0,0.11,0,5,135,0,2.05
19,Priya,human,19,Sun,1,47,build,4,0,120,1235,897,51,6,214,19,113,0,0,0.31,0,6,130,0,2.05
19,Priya,human,19,Sun,1,48,build,4,0,108,1220,891,52,1,29,21,121,0,1,0.17,0,4,178,0,2.05
19,Priya,human,19,Sun,1,49,build,4,0,124,1206,856,65,4,116,15,115,0,0,0.33,1,4,124,0,2.05
19,Priya,human,19,Sun,1,50,demo,4,0,105,1217,872,78,2,78,18,115,0,1,0.56,0,3,151,0,2.05
19,Priya,human,19,Sun,1,51,demo,4,0,123,1235,905,110,10,350,27,117,0,1,0.7,1,6,170,0,2.05
19,Priya,human,19,Sun,1,52,demo,4,0,130,1282,951,97,11,319,17,119,0,1,0.54,0,3,184,0,2.05
19,Priya,human,19,Sun,1,53,demo,4,0,130,1286,941,106,16,544,14,117,0,1,0.77,1,3,190,0,2.05
19,Priya,human,19,Sun,1,54,demo,4,0,106,1280,917,84,10,370,25,135,0,1,0.5,0,6,183,0,2.05
19,Priya,human,19,Sun,1,55,price,4,0,103,1254,917,86,11,339,20,108,0,1,0.03,0,2,154,0,2.05
19,Priya,human,19,Sun,1,56,cta,4,0,109,1223,896,115,20,740,15,113,0,1,0.12,1,5,121,0,2.05
19,Priya,human,19,Sun,1,57,cta,4,0,111,1202,877,72,11,359,28,98,0,0,0.15,1,7,154,0,2.05
19,Priya,human,19,Sun,1,58,fomo,4,0,92,1189,843,51,11,379,19,111,0,0,0.08,0,7,160,1,2.05
19,Priya,human,19,Sun,1,59,fomo,4,0,100,1207,884,45,7,203,22,121,0,0,0.04,0,3,190,2,2.05
19,Priya,human,19,Sun,1,60,qna,4,0,97,1203,862,52,9,321,41,142,6,1,0.07,0,5,134,0,2.05
19,Priya,human,19,Sun,1,61,qna,4,0,121,1238,876,35,5,185,36,126,6,0,0.13,0,4,181,0,2.05
19,Priya,human,19,Sun,1,62,filler,4,0,120,1175,843,17,1,29,7,107,0,0,0.13,0,2,126,0,2.05
19,Priya,human,19,Sun,1,63,hook,5,0,108,1153,817,31,2,78,17,85,0,0,0,0,7,188,0,2.05
19,Priya,human,19,Sun,1,64,build,5,0,95,1113,830,44,7,263,20,119,0,0,0.33,0,5,154,0,2.05
19,Priya,human,19,Sun,1,65,build,5,0,107,1092,809,36,5,145,23,103,0,0,0.32,0,6,174,0,2.05
19,Priya,human,19,Sun,1,66,build,5,0,117,1085,780,55,6,234,21,94,0,1,0.35,0,4,154,0,2.05
19,Priya,human,19,Sun,1,67,demo,5,0,101,1093,800,63,12,368,13,108,0,1,0.52,0,2,134,0,2.05
19,Priya,human,19,Sun,1,68,demo,5,0,99,1094,818,79,11,399,20,109,0,1,0.76,0,5,177,0,2.05
19,Priya,human,19,Sun,1,69,demo,5,0,97,1068,769,77,6,194,22,93,0,1,0.81,0,3,166,0,2.05
19,Priya,human,19,Sun,1,70,price,5,0,106,1051,736,49,7,223,28,110,0,0,0.08,1,7,141,0,2.05
19,Priya,human,19,Sun,1,71,cta,5,0,98,1054,746,64,13,397,19,110,0,0,0.15,1,4,159,0,2.05
19,Priya,human,19,Sun,1,72,cta,5,0,107,1041,742,64,12,388,11,98,0,0,0.04,1,3,155,0,2.05
19,Priya,human,19,Sun,1,73,fomo,5,0,101,1055,779,44,6,174,26,108,0,0,0.13,0,2,135,1,2.05
19,Priya,human,19,Sun,1,74,fomo,5,0,115,1078,784,44,4,136,19,87,0,0,0.09,0,6,152,2,2.05
19,Priya,human,19,Sun,1,75,qna,5,0,99,1108,796,39,3,107,34,120,6,1,0.12,0,5,148,0,2.05
19,Priya,human,19,Sun,1,76,qna,5,0,108,1128,805,38,2,58,55,122,6,0,0.06,1,4,125,0,2.05
19,Priya,human,19,Sun,1,77,qna,5,0,96,1122,824,29,6,214,42,134,6,0,0.03,0,2,144,0,2.05
19,Priya,human,19,Sun,1,78,filler,5,0,123,1069,751,19,1,29,12,75,0,0,0.06,0,7,174,0,2.05
19,Priya,human,19,Sun,1,79,hook,6,0,92,1062,759,41,3,87,22,89,0,1,0.05,0,3,174,0,2.05
19,Priya,human,19,Sun,1,80,build,6,0,94,1026,724,36,3,87,22,114,0,0,0.25,0,5,123,0,2.05
19,Priya,human,19,Sun,1,81,build,6,0,105,1025,736,58,1,29,20,91,0,1,0.24,1,6,128,0,2.05
19,Priya,human,19,Sun,1,82,build,6,0,125,1034,730,51,4,116,15,94,0,1,0.38,0,6,165,0,2.05
19,Priya,human,19,Sun,1,83,demo,6,0,75,1024,761,72,10,350,15,97,0,1,0.84,0,2,181,0,2.05
19,Priya,human,19,Sun,1,84,demo,6,0,107,1046,766,73,7,223,14,85,0,1,0.77,0,3,126,0,2.05
19,Priya,human,19,Sun,1,85,demo,6,0,106,1057,761,65,7,223,28,91,0,0,0.59,0,6,145,0,2.05
19,Priya,human,19,Sun,1,86,demo,6,0,104,1070,758,78,8,292,17,90,0,1,0.83,0,7,175,0,2.05
19,Priya,human,19,Sun,1,87,price,6,0,84,1053,779,44,4,136,17,115,0,0,0.08,1,6,136,0,2.05
19,Priya,human,19,Sun,1,88,cta,6,0,98,1030,735,53,6,194,11,101,0,0,0.09,1,5,140,0,2.05
19,Priya,human,19,Sun,1,89,cta,6,0,88,1005,731,52,7,223,11,86,0,0,0.09,0,2,177,0,2.05
19,Priya,human,19,Sun,1,90,fomo,6,0,97,1025,719,50,5,145,24,85,0,0,0.05,0,5,165,1,2.05
19,Priya,human,19,Sun,1,91,qna,6,0,97,1045,740,21,2,58,35,131,6,0,0.02,0,4,151,0,2.05
19,Priya,human,19,Sun,1,92,qna,6,0,104,1071,780,46,7,243,39,123,6,1,0.08,1,6,184,0,2.05
19,Priya,human,19,Sun,1,93,qna,6,0,99,1095,744,33,7,203,47,120,6,1,0.04,0,4,128,0,2.05
19,Priya,human,19,Sun,1,94,hook,7,0,93,1077,785,33,3,107,20,107,0,0,0.13,0,5,169,0,2.05
19,Priya,human,19,Sun,1,95,build,7,0,90,1049,761,63,7,243,24,91,0,1,0.25,1,7,125,0,2.05
19,Priya,human,19,Sun,1,96,build,7,0,102,1049,755,58,2,78,22,112,0,1,0.39,0,5,153,0,2.05
19,Priya,human,19,Sun,1,97,demo,7,0,104,1069,765,79,9,301,17,84,0,1,0.79,0,6,172,0,2.05
19,Priya,human,19,Sun,1,98,demo,7,0,106,1081,812,62,7,243,23,89,0,1,0.71,0,3,169,0,2.05
19,Priya,human,19,Sun,1,99,demo,7,0,100,1098,761,69,8,232,10,111,0,1,0.64,0,5,157,0,2.05
19,Priya,human,19,Sun,1,100,demo,7,0,92,1082,744,67,9,341,19,91,0,1,0.78,0,5,148,0,2.05
19,Priya,human,19,Sun,1,101,demo,7,0,98,1085,768,87,16,484,16,98,0,1,0.67,1,5,177,0,2.05
19,Priya,human,19,Sun,1,102,price,7,0,92,1062,757,52,5,145,22,101,0,0,0.11,1,4,174,0,2.05
19,Priya,human,19,Sun,1,103,cta,7,0,77,1007,737,48,7,223,10,88,0,0,0.13,0,3,161,0,2.05
19,Priya,human,19,Sun,1,104,cta,7,0,97,997,722,61,15,535,18,95,0,0,0.05,1,3,182,0,2.05
19,Priya,human,19,Sun,1,105,fomo,7,0,105,1032,732,57,13,437,19,92,0,1,0.05,0,3,168,1,2.05
19,Priya,human,19,Sun,1,106,fomo,7,0,97,1058,754,53,8,252,17,107,0,1,0.08,0,3,142,2,2.05
19,Priya,human,19,Sun,1,107,qna,7,0,98,1082,768,29,5,165,39,136,6,0,0.13,0,6,151,0,2.05
19,Priya,human,19,Sun,1,108,qna,7,0,105,1106,788,51,8,272,44,147,6,1,0.05,0,3,150,0,2.05
19,Priya,human,19,Sun,1,109,qna,7,0,82,1118,800,36,4,136,49,127,6,0,0.12,0,6,121,0,2.05
19,Priya,human,19,Sun,1,110,qna,7,0,93,1121,788,52,7,203,45,125,6,1,0.11,0,3,157,0,2.05
19,Priya,human,19,Sun,1,111,hook,8,0,102,1107,790,29,1,29,19,92,0,0,0.12,0,6,176,0,2.05
19,Priya,human,19,Sun,1,112,hook,8,0,97,1096,782,25,4,116,15,102,0,0,0.01,0,4,166,0,2.05
19,Priya,human,19,Sun,1,113,build,8,0,93,1067,749,42,2,58,19,83,0,1,0.38,0,2,133,0,2.05
19,Priya,human,19,Sun,1,114,build,8,0,83,1029,734,48,4,156,21,89,0,1,0.28,0,6,140,0,2.05
19,Priya,human,19,Sun,1,115,build,8,0,119,1023,725,50,8,232,14,113,0,1,0.24,0,6,139,0,2.05
19,Priya,human,19,Sun,1,116,demo,8,0,98,1039,727,75,11,419,16,79,0,1,0.66,0,4,181,0,2.05
19,Priya,human,19,Sun,1,117,demo,8,0,87,1034,736,76,6,194,21,94,0,1,0.83,0,5,155,0,2.05
19,Priya,human,19,Sun,1,118,demo,8,0,94,1040,754,62,4,156,19,93,0,1,0.71,0,6,129,0,2.05
19,Priya,human,19,Sun,1,119,demo,8,0,97,1060,768,67,6,194,28,87,0,0,0.62,1,6,158,0,2.05
19,Priya,human,19,Sun,1,120,demo,8,0,90,1049,766,63,8,272,16,95,0,1,0.63,0,5,122,0,2.05
20,Jules,human,19,Tue,0,1,hook,1,0,50,50,29,0,0,0,0,2,0,0,0.03,0,5,172,0,1
20,Jules,human,19,Tue,0,2,build,1,0,57,101,72,4,1,49,3,11,0,1,0.23,0,4,122,0,1
20,Jules,human,19,Tue,0,3,build,1,0,43,130,95,7,0,0,3,10,0,1,0.34,0,6,133,0,1
20,Jules,human,19,Tue,0,4,demo,1,0,65,178,136,9,1,29,0,18,0,1,0.51,0,3,129,0,1
20,Jules,human,19,Tue,0,5,demo,1,0,70,233,170,22,3,107,8,23,0,1,0.59,1,3,140,0,1
20,Jules,human,19,Tue,0,6,demo,1,0,64,274,213,19,2,78,4,27,0,1,0.82,0,4,168,0,1
20,Jules,human,19,Tue,0,7,price,1,0,59,303,219,20,3,127,6,24,0,1,0,1,7,142,0,1
20,Jules,human,19,Tue,0,8,cta,1,0,62,332,246,27,4,136,9,38,0,1,0.13,1,2,154,0,1
20,Jules,human,19,Tue,0,9,fomo,1,0,53,359,254,8,0,0,8,31,0,0,0.04,0,2,165,1,1
20,Jules,human,19,Tue,0,10,fomo,1,0,67,395,276,16,1,29,6,46,0,1,0.01,0,6,185,2,1
20,Jules,human,19,Tue,0,11,qna,1,0,77,434,321,8,0,0,21,58,6,0,0.01,0,5,151,0,1.29
20,Jules,human,19,Tue,0,12,qna,1,0,71,478,358,17,2,78,16,50,6,0,0.13,0,7,177,0,1.29
20,Jules,human,19,Tue,0,13,hook,2,0,65,487,359,18,2,58,12,42,0,0,0.09,0,6,124,0,1.29
20,Jules,human,19,Tue,0,14,hook,2,0,70,517,382,19,1,29,14,46,0,0,0.08,0,3,123,0,1.29
20,Jules,human,19,Tue,0,15,build,2,0,74,547,408,30,2,58,5,42,0,1,0.39,0,3,137,0,1.29
20,Jules,human,19,Tue,0,16,build,2,0,93,574,429,25,3,107,6,48,0,1,0.33,0,6,132,0,1.29
20,Jules,human,19,Tue,0,17,build,2,0,80,585,429,34,5,145,10,58,0,1,0.37,0,5,187,0,1.29
20,Jules,human,19,Tue,0,18,demo,2,0,72,603,441,35,4,156,5,52,0,1,0.8,0,6,161,0,1.29
20,Jules,human,19,Tue,0,19,demo,2,0,76,626,458,40,3,107,11,59,0,1,0.46,1,6,168,0,1.29
20,Jules,human,19,Tue,0,20,price,2,0,80,646,467,40,6,194,11,56,0,0,0.06,1,3,147,0,1.29
20,Jules,human,19,Tue,0,21,cta,2,0,68,643,455,44,4,116,10,56,0,1,0.04,1,3,182,0,1.29
20,Jules,human,19,Tue,0,22,cta,2,0,69,645,480,51,12,428,10,63,0,0,0.06,1,2,129,0,1.29
20,Jules,human,19,Tue,0,23,fomo,2,0,64,657,480,25,4,116,16,51,0,0,0.07,0,7,156,1,1.29
20,Jules,human,19,Tue,0,24,fomo,2,0,81,673,486,31,5,165,8,48,0,0,0.01,0,3,180,2,1.29
20,Jules,human,19,Tue,0,25,qna,2,0,75,705,506,28,3,107,36,82,6,1,0.02,0,6,167,0,1.29
20,Jules,human,19,Tue,0,26,qna,2,0,69,721,515,28,6,194,25,74,6,0,0.02,1,5,153,0,1.29
20,Jules,human,19,Tue,0,27,filler,2,0,65,675,494,9,2,78,11,55,0,0,0.13,0,4,149,0,1.29
20,Jules,human,19,Tue,0,28,hook,3,0,83,690,509,19,0,0,11,58,0,0,0.04,1,5,161,0,1.29
20,Jules,human,19,Tue,0,29,build,3,0,59,672,489,29,1,49,5,56,0,0,0.36,0,5,130,0,1.29
20,Jules,human,19,Tue,0,30,build,3,0,67,662,479,41,3,107,18,63,0,1,0.17,1,4,134,0,1.29
20,Jules,human,19,Tue,0,31,build,3,0,64,665,490,37,5,185,11,55,0,1,0.33,0,3,141,0,1.29
20,Jules,human,19,Tue,0,32,build,3,0,60,650,487,23,2,58,7,54,0,0,0.26,0,4,170,0,1.29
20,Jules,human,19,Tue,0,33,demo,3,0,83,685,486,52,4,136,6,57,0,1,0.81,0,5,182,0,1.29
20,Jules,human,19,Tue,0,34,demo,3,0,74,693,520,47,7,223,14,64,0,1,0.53,0,6,187,0,1.29
20,Jules,human,19,Tue,0,35,price,3,0,75,702,492,49,2,78,9,70,0,1,0.14,1,4,146,0,1.29
20,Jules,human,19,Tue,0,36,cta,3,0,57,693,496,43,15,475,11,60,0,1,0.04,1,6,161,0,1.29
20,Jules,human,19,Tue,0,37,cta,3,0,68,689,493,61,13,417,12,54,0,1,0.03,1,6,143,0,1.29
20,Jules,human,19,Tue,0,38,fomo,3,0,75,714,531,28,4,176,18,77,0,0,0,0,5,137,1,1.29
20,Jules,human,19,Tue,0,39,qna,3,0,73,745,523,28,4,136,19,88,6,0,0.05,0,4,145,0,1.29
20,Jules,human,19,Tue,0,40,qna,3,0,67,756,540,18,3,87,26,100,6,0,0.05,0,3,185,0,1.29
20,Jules,human,19,Tue,0,41,qna,3,0,65,770,557,33,4,136,27,99,6,1,0.11,0,4,128,0,1.29
20,Jules,human,19,Tue,0,42,filler,3,0,80,721,520,21,4,136,5,69,0,1,0.02,0,3,129,0,1.29
20,Jules,human,19,Tue,0,43,hook,4,0,64,698,502,26,3,87,7,64,0,1,0.06,1,6,126,0,1.29
20,Jules,human,19,Tue,0,44,hook,4,0,69,701,518,20,2,58,13,74,0,0,0.08,1,2,125,0,1.29
20,Jules,human,19,Tue,0,45,build,4,0,61,675,496,34,3,87,12,71,0,1,0.3,0,5,139,0,1.29
20,Jules,human,19,Tue,0,46,build,4,0,62,657,472,26,1,29,10,63,0,0,0.34,0,7,145,0,1.29
20,Jules,human,19,Tue,0,47,build,4,0,78,676,509,37,3,127,9,66,0,1,0.34,0,3,173,0,1.29
20,Jules,human,19,Tue,0,48,demo,4,0,64,674,500,40,5,165,9,51,0,1,0.46,0,6,160,0,1.29
20,Jules,human,19,Tue,0,49,demo,4,0,58,673,489,44,7,223,9,66,0,1,0.46,0,4,136,0,1.29
20,Jules,human,19,Tue,0,50,demo,4,0,78,685,490,41,2,78,10,62,0,1,0.45,0,3,170,0,1.29
20,Jules,human,19,Tue,0,51,price,4,0,77,699,500,35,5,145,11,60,0,0,0.14,0,6,185,0,1.29
20,Jules,human,19,Tue,0,52,cta,4,0,76,698,491,43,15,495,10,72,0,1,0.07,0,7,183,0,1.29
20,Jules,human,19,Tue,0,53,cta,4,0,66,682,487,48,11,379,9,74,0,1,0.14,0,4,154,0,1.29
20,Jules,human,19,Tue,0,54,fomo,4,0,63,704,502,28,3,87,13,65,0,0,0.08,0,5,145,1,1.29
20,Jules,human,19,Tue,0,55,fomo,4,0,58,712,507,26,4,116,7,54,0,0,0.04,0,2,151,2,1.29
20,Jules,human,19,Tue,0,56,qna,4,0,67,723,513,17,3,107,35,81,6,0,0.1,0,3,174,0,1.29
20,Jules,human,19,Tue,0,57,filler,4,0,57,674,481,12,1,29,6,49,0,0,0.06,0,7,179,0,1.29
20,Jules,human,19,Tue,0,58,hook,5,0,45,659,475,18,1,29,8,51,0,0,0.01,0,6,141,0,1.29
20,Jules,human,19,Tue,0,59,build,5,0,67,656,486,34,6,174,9,58,0,0,0.3,1,2,167,0,1.29
20,Jules,human,19,Tue,0,60,build,5,0,66,653,481,35,3,107,7,64,0,1,0.37,0,6,172,0,1.29
20,Jules,human,19,Tue,0,61,build,5,0,60,645,486,29,1,29,13,62,0,1,0.4,0,5,176,0,1.29
20,Jules,human,19,Tue,0,62,demo,5,0,59,641,465,48,6,234,10,46,0,1,0.75,0,4,125,0,1.29
20,Jules,human,19,Tue,0,63,demo,5,0,67,649,484,51,10,330,7,73,0,1,0.7,0,5,147,0,1.29
20,Jules,human,19,Tue,0,64,price,5,0,73,659,476,36,7,243,12,51,0,0,0.11,1,5,128,0,1.29
20,Jules,human,19,Tue,0,65,cta,5,0,72,651,451,47,5,165,16,67,0,1,0.05,1,3,159,0,1.29
20,Jules,human,19,Tue,0,66,fomo,5,0,68,666,470,33,11,359,9,71,0,1,0.01,0,5,165,1,1.29
20,Jules,human,19,Tue,0,67,fomo,5,0,70,667,463,24,3,87,11,54,0,1,0.09,0,5,157,2,1.29
20,Jules,human,19,Tue,0,68,qna,5,0,64,692,495,22,5,165,28,67,6,0,0,0,3,133,0,1.29
20,Jules,human,19,Tue,0,69,qna,5,0,59,701,488,23,3,107,33,82,6,0,0.09,0,4,139,0,1.29
20,Jules,human,19,Tue,0,70,qna,5,0,66,721,525,36,3,87,18,86,6,1,0.11,1,4,171,0,1.29
20,Jules,human,19,Tue,0,71,hook,6,0,73,729,520,24,2,78,11,56,0,0,0.12,0,3,189,0,1.29
20,Jules,human,19,Tue,0,72,hook,6,0,67,725,524,14,2,78,19,61,0,0,0.1,0,3,128,0,1.29
20,Jules,human,19,Tue,0,73,build,6,0,60,706,492,29,2,58,11,51,0,0,0.34,0,5,157,0,1.29
20,Jules,human,19,Tue,0,74,build,6,0,51,694,504,36,5,145,11,79,0,1,0.25,0,6,158,0,1.29
20,Jules,human,19,Tue,0,75,demo,6,0,54,704,515,45,3,107,13,61,0,1,0.53,0,6,189,0,1.29
20,Jules,human,19,Tue,0,76,demo,6,0,72,717,540,57,3,107,15,62,0,1,0.68,0,3,162,0,1.29
20,Jules,human,19,Tue,0,77,demo,6,0,65,722,518,46,7,263,10,60,0,1,0.48,0,7,148,0,1.29
20,Jules,human,19,Tue,0,78,price,6,0,70,729,514,50,8,272,8,67,0,1,0.13,1,7,129,0,1.29
20,Jules,human,19,Tue,0,79,cta,6,0,70,718,537,50,10,350,8,69,0,1,0.02,0,5,133,0,1.29
20,Jules,human,19,Tue,0,80,cta,6,0,51,697,508,44,11,359,12,59,0,0,0.08,1,6,123,0,1.29
20,Jules,human,19,Tue,0,81,fomo,6,0,70,722,524,23,2,78,19,62,0,0,0.04,0,4,174,1,1.29
20,Jules,human,19,Tue,0,82,fomo,6,0,58,728,531,22,3,87,15,55,0,0,0.03,0,4,149,2,1.29
20,Jules,human,19,Tue,0,83,qna,6,0,66,738,526,24,6,194,34,95,6,0,0.03,0,6,187,0,1.29
20,Jules,human,19,Tue,0,84,qna,6,0,59,736,529,28,3,87,24,82,6,0,0.12,0,7,153,0,1.29
20,Jules,human,19,Tue,0,85,filler,6,0,56,664,455,13,0,0,9,64,0,0,0.01,1,6,186,0,1.29
20,Jules,human,19,Tue,0,86,hook,7,0,51,648,465,18,2,58,10,54,0,0,0.03,0,5,150,0,1.29
20,Jules,human,19,Tue,0,87,hook,7,0,57,634,459,19,2,78,15,58,0,0,0.11,0,2,125,0,1.29
20,Jules,human,19,Tue,0,88,build,7,0,54,623,434,32,3,87,11,61,0,1,0.37,1,6,135,0,1.29
20,Jules,human,19,Tue,0,89,build,7,0,62,613,445,29,3,107,13,52,0,1,0.39,0,5,164,0,1.29
20,Jules,human,19,Tue,0,90,build,7,0,60,600,440,24,2,58,6,47,0,0,0.35,0,6,149,0,1.29
20,Jules,human,19,Tue,0,91,build,7,0,60,595,439,28,2,58,11,46,0,1,0.26,0,5,124,0,1.29
20,Jules,human,19,Tue,0,92,demo,7,0,72,606,436,43,6,174,11,59,0,1,0.67,0,4,147,0,1.29
20,Jules,human,19,Tue,0,93,demo,7,0,65,612,445,50,3,87,9,55,0,1,0.84,0,2,132,0,1.29
20,Jules,human,19,Tue,0,94,demo,7,0,58,620,440,36,3,87,12,68,0,1,0.66,0,5,170,0,1.29
20,Jules,human,19,Tue,0,95,price,7,0,57,618,441,44,10,330,13,63,0,1,0.06,1,6,167,0,1.29
20,Jules,human,19,Tue,0,96,cta,7,0,53,611,430,42,8,272,17,43,0,0,0.12,1,4,157,0,1.29
20,Jules,human,19,Tue,0,97,fomo,7,0,50,607,423,31,3,107,10,56,0,0,0.08,1,2,156,1,1.29
20,Jules,human,19,Tue,0,98,fomo,7,0,61,610,458,31,6,194,12,63,0,0,0.07,0,5,137,2,1.29
20,Jules,human,19,Tue,0,99,qna,7,0,50,614,445,18,0,0,22,68,6,0,0.12,0,6,179,0,1.29
20,Jules,human,19,Tue,0,100,qna,7,0,49,612,443,13,1,29,22,65,6,0,0.04,0,3,158,0,1.29
20,Jules,human,19,Tue,0,101,hook,8,0,70,607,425,21,4,136,5,68,0,0,0.14,0,5,161,0,1.29
20,Jules,human,19,Tue,0,102,hook,8,0,57,597,439,27,2,58,11,57,0,0,0.01,1,3,134,0,1.29
20,Jules,human,19,Tue,0,103,build,8,0,59,587,414,19,0,0,10,62,0,1,0.27,0,3,151,0,1.29
20,Jules,human,19,Tue,0,104,build,8,0,58,580,426,23,2,58,9,58,0,1,0.37,0,6,139,0,1.29
20,Jules,human,19,Tue,0,105,build,8,0,51,565,410,32,3,87,19,54,0,1,0.32,0,5,173,0,1.29
20,Jules,human,19,Tue,0,106,build,8,0,57,578,410,29,3,107,10,28,0,1,0.28,0,6,155,0,1.29
20,Jules,human,19,Tue,0,107,demo,8,0,54,576,421,49,8,252,18,57,0,1,0.8,0,5,169,0,1.29
20,Jules,human,19,Tue,0,108,demo,8,0,63,592,436,54,4,136,16,55,0,1,0.59,0,4,177,0,1.29
20,Jules,human,19,Tue,0,109,demo,8,0,55,605,418,52,9,281,12,55,0,1,0.57,0,5,140,0,1.29
20,Jules,human,19,Tue,0,110,demo,8,0,56,605,421,37,6,214,22,55,0,1,0.77,0,3,125,0,1.29
20,Jules,human,19,Tue,0,111,price,8,0,65,614,429,48,10,450,13,51,0,1,0.02,1,2,125,0,1.29
20,Jules,human,19,Tue,0,112,cta,8,0,65,611,436,33,4,136,9,54,0,0,0.01,0,7,135,0,1.29
20,Jules,human,19,Tue,0,113,cta,8,0,43,594,434,30,3,87,18,55,0,0,0.12,1,5,162,0,1.29
20,Jules,human,19,Tue,0,114,fomo,8,0,54,596,418,17,2,78,18,43,0,0,0.07,0,2,165,1,1.29
20,Jules,human,19,Tue,0,115,fomo,8,0,54,595,419,29,4,136,12,57,0,0,0.05,0,3,156,2,1.29
20,Jules,human,19,Tue,0,116,fomo,8,0,55,602,425,24,2,78,15,58,0,0,0.11,0,4,185,3,1.29
20,Jules,human,19,Tue,0,117,qna,8,0,59,620,446,23,3,107,28,84,6,0,0.03,0,3,171,0,1.29
20,Jules,human,19,Tue,0,118,qna,8,0,48,626,435,9,0,0,14,75,6,0,0.01,0,2,141,0,1.29
20,Jules,human,19,Tue,0,119,filler,8,0,47,568,403,6,1,49,4,49,0,0,0.11,0,3,134,0,1.29
20,Jules,human,19,Tue,0,120,dead,8,0,61,520,384,7,0,0,6,37,0,0,0.03,0,3,20,0,1.29
21,Kai,ai,16,Mon,1,1,hook,1,1,50,50,41,2,0,0,0,5,0,0,0.13,1,1,157,0,1
21,Kai,ai,16,Mon,1,2,hook,1,1,39,82,65,2,0,0,3,18,0,0,0.02,0,1,157,0,1
21,Kai,ai,16,Mon,1,3,hook,1,1,47,119,82,2,0,0,4,33,0,0,0.1,0,2,160,0,1
21,Kai,ai,16,Mon,1,4,hook,1,1,50,151,115,4,0,0,9,37,0,1,0.04,0,1,159,0,1
21,Kai,ai,16,Mon,1,5,hook,1,1,58,194,144,3,0,0,7,51,0,0,0.04,0,3,156,0,1
21,Kai,ai,16,Mon,1,6,hook,1,1,42,218,151,1,0,0,10,59,0,0,0.09,0,3,159,0,1
21,Kai,ai,16,Mon,1,7,demo,1,0,37,233,168,14,3,107,4,12,0,0,0.72,0,2,158,0,1
21,Kai,ai,16,Mon,1,8,demo,1,0,22,241,172,11,0,0,4,15,0,1,0.6,0,3,156,0,1
21,Kai,ai,16,Mon,1,9,demo,1,0,40,259,187,19,1,29,6,20,0,1,0.59,0,3,160,0,1
21,Kai,ai,16,Mon,1,10,price,1,0,36,266,190,15,2,58,5,19,0,0,0.04,1,1,161,0,1
21,Kai,ai,16,Mon,1,11,cta,1,0,62,295,211,21,5,165,1,23,0,0,0.11,1,3,159,0,1.85
21,Kai,ai,16,Mon,1,12,cta,1,0,65,323,223,24,4,116,1,33,0,0,0.07,1,1,160,0,1.85
21,Kai,ai,16,Mon,1,13,fomo,1,0,60,351,246,14,4,156,4,30,0,0,0.03,0,2,160,1,1.85
21,Kai,ai,16,Mon,1,14,filler,1,0,62,352,259,7,0,0,3,39,0,0,0.02,0,2,161,0,1.85
21,Kai,ai,16,Mon,1,15,hook,2,0,56,369,262,10,0,0,13,35,0,0,0.04,0,2,157,0,1.85
21,Kai,ai,16,Mon,1,16,hook,2,0,53,380,266,8,1,49,4,39,0,0,0.07,0,3,160,0,1.85
21,Kai,ai,16,Mon,1,17,build,2,0,58,395,292,6,0,0,7,41,0,0,0.19,0,2,160,0,1.85
21,Kai,ai,16,Mon,1,18,build,2,0,61,407,295,17,1,29,6,46,0,0,0.37,0,3,157,0,1.85
21,Kai,ai,16,Mon,1,19,build,2,0,59,418,314,19,3,87,5,43,0,0,0.34,0,2,156,0,1.85
21,Kai,ai,16,Mon,1,20,demo,2,0,50,419,317,30,1,29,5,38,0,1,0.83,0,3,161,0,1.85
21,Kai,ai,16,Mon,1,21,demo,2,0,69,442,324,24,2,78,6,42,0,1,0.81,0,1,159,0,1.85
21,Kai,ai,16,Mon,1,22,price,2,0,63,452,328,29,2,58,8,41,0,0,0.1,1,3,155,0,1.85
21,Kai,ai,16,Mon,1,23,cta,2,0,59,452,312,30,7,243,6,49,0,1,0,0,3,155,0,1.85
21,Kai,ai,16,Mon,1,24,cta,2,0,49,431,313,28,3,107,7,38,0,0,0.12,0,1,160,0,1.85
21,Kai,ai,16,Mon,1,25,fomo,2,0,68,466,347,37,5,165,12,38,0,1,0.06,1,2,156,1,1.85
21,Kai,ai,16,Mon,1,26,fomo,2,0,62,477,337,18,4,116,15,36,0,0,0.12,0,2,159,2,1.85
21,Kai,ai,16,Mon,1,27,filler,2,0,58,457,329,11,2,58,4,49,0,0,0,0,1,158,0,1.85
21,Kai,ai,16,Mon,1,28,filler,2,0,58,426,315,6,0,0,5,51,0,0,0.12,0,1,157,0,1.85
21,Kai,ai,16,Mon,1,29,hook,3,0,60,435,316,8,1,29,6,37,0,0,0.13,0,2,160,0,1.85
21,Kai,ai,16,Mon,1,30,hook,3,0,56,427,320,13,1,29,8,43,0,0,0.02,1,1,158,0,1.85
21,Kai,ai,16,Mon,1,31,build,3,0,55,418,307,17,3,87,9,42,0,1,0.22,0,3,160,0,1.85
21,Kai,ai,16,Mon,1,32,build,3,0,52,418,291,17,2,58,7,36,0,0,0.28,0,2,160,0,1.85
21,Kai,ai,16,Mon,1,33,build,3,0,54,405,303,20,0,0,9,44,0,1,0.24,0,2,159,0,1.85
21,Kai,ai,16,Mon,1,34,build,3,0,59,409,293,17,2,58,9,28,0,0,0.22,0,1,155,0,1.85
21,Kai,ai,16,Mon,1,35,demo,3,0,61,435,318,33,5,185,4,39,0,1,0.84,0,1,155,0,1.85
21,Kai,ai,16,Mon,1,36,demo,3,0,57,450,330,30,3,127,7,52,0,1,0.77,0,2,160,0,1.85
21,Kai,ai,16,Mon,1,37,demo,3,0,57,456,338,26,5,165,13,42,0,1,0.68,0,1,156,0,1.85
21,Kai,ai,16,Mon,1,38,demo,3,0,63,466,346,37,2,58,15,48,0,1,0.84,0,3,160,0,1.85
21,Kai,ai,16,Mon,1,39,price,3,0,58,468,337,26,6,214,10,50,0,1,0,0,1,156,0,1.85
21,Kai,ai,16,Mon,1,40,cta,3,0,61,471,356,30,4,136,8,39,0,0,0.07,1,2,158,0,1.85
21,Kai,ai,16,Mon,1,41,fomo,3,0,56,478,347,22,3,107,13,43,0,0,0.01,0,3,158,1,1.85
21,Kai,ai,16,Mon,1,42,fomo,3,0,46,471,330,25,2,58,9,54,0,0,0.11,0,1,161,2,1.85
21,Kai,ai,16,Mon,1,43,filler,3,0,58,443,314,7,1,49,3,52,0,0,0.03,0,1,157,0,1.85
21,Kai,ai,16,Mon,1,44,hook,4,0,62,444,307,13,0,0,7,40,0,0,0,0,2,161,0,1.85
21,Kai,ai,16,Mon,1,45,build,4,0,55,435,315,13,0,0,8,38,0,0,0.33,0,2,155,0,1.85
21,Kai,ai,16,Mon,1,46,build,4,0,51,421,305,19,0,0,10,46,0,0,0.35,0,2,157,0,1.85
21,Kai,ai,16,Mon,1,47,build,4,0,64,427,310,22,0,0,7,30,0,1,0.37,0,3,155,0,1.85
21,Kai,ai,16,Mon,1,48,demo,4,0,48,438,325,30,2,58,3,34,0,1,0.78,0,2,161,0,1.85
21,Kai,ai,16,Mon,1,49,demo,4,0,60,448,307,23,3,87,10,41,0,1,0.51,0,3,159,0,1.85
21,Kai,ai,16,Mon,1,50,demo,4,0,54,450,318,23,2,78,4,38,0,1,0.66,0,2,159,0,1.85
21,Kai,ai,16,Mon,1,51,price,4,0,58,448,312,27,2,78,12,47,0,1,0.14,1,1,158,0,1.85
21,Kai,ai,16,Mon,1,52,cta,4,0,56,441,325,31,1,29,12,32,0,1,0.03,1,3,156,0,1.85
21,Kai,ai,16,Mon,1,53,fomo,4,0,59,448,317,22,3,107,10,38,0,0,0.02,1,2,156,1,1.85
21,Kai,ai,16,Mon,1,54,fomo,4,0,65,473,322,20,2,98,10,39,0,0,0.07,0,2,159,2,1.85
21,Kai,ai,16,Mon,1,55,filler,4,0,64,428,302,5,0,0,6,30,0,0,0.02,0,1,160,0,1.85
21,Kai,ai,16,Mon,1,56,hook,5,0,60,437,331,15,1,29,13,38,0,0,0.01,0,2,155,0,1.85
21,Kai,ai,16,Mon,1,57,hook,5,0,45,421,325,10,0,0,7,46,0,0,0.12,0,2,158,0,1.85
21,Kai,ai,16,Mon,1,58,build,5,0,50,422,306,21,3,87,8,34,0,1,0.21,0,1,155,0,1.85
21,Kai,ai,16,Mon,1,59,build,5,0,57,433,303,22,3,87,7,41,0,0,0.16,0,3,157,0,1.85
21,Kai,ai,16,Mon,1,60,build,5,0,53,420,303,16,0,0,7,51,0,1,0.35,0,1,155,0,1.85
21,Kai,ai,16,Mon,1,61,demo,5,0,57,434,310,23,1,49,11,34,0,1,0.77,0,2,156,0,1.85
21,Kai,ai,16,Mon,1,62,demo,5,0,48,429,322,19,0,0,11,36,0,1,0.63,0,3,158,0,1.85
21,Kai,ai,16,Mon,1,63,price,5,0,61,437,305,22,6,214,10,40,0,1,0.05,1,3,156,0,1.85
21,Kai,ai,16,Mon,1,64,cta,5,0,52,429,313,37,4,136,8,36,0,0,0.1,1,3,160,0,1.85
21,Kai,ai,16,Mon,1,65,cta,5,0,60,430,307,23,5,165,10,25,0,0,0.02,1,2,159,0,1.85
21,Kai,ai,16,Mon,1,66,fomo,5,0,62,449,321,25,1,49,4,40,0,0,0.01,0,1,157,1,1.85
21,Kai,ai,16,Mon,1,67,fomo,5,0,56,450,308,11,2,58,8,36,0,0,0.13,0,1,156,2,1.85
21,Kai,ai,16,Mon,1,68,filler,5,0,48,421,305,5,0,0,3,32,0,0,0.03,0,2,156,0,1.85
21,Kai,ai,16,Mon,1,69,hook,6,0,52,421,303,12,2,58,6,40,0,0,0,0,3,155,0,1.85
21,Kai,ai,16,Mon,1,70,build,6,0,50,415,315,18,3,107,7,37,0,0,0.2,0,2,156,0,1.85
21,Kai,ai,16,Mon,1,71,build,6,0,37,388,271,11,0,0,3,38,0,0,0.3,0,3,157,0,1.85
21,Kai,ai,16,Mon,1,72,build,6,0,50,394,281,20,2,78,8,39,0,0,0.2,0,3,156,0,1.85
21,Kai,ai,16,Mon,1,73,build,6,0,41,383,279,19,0,0,9,39,0,1,0.21,0,2,156,0,1.85
21,Kai,ai,16,Mon,1,74,demo,6,0,44,376,264,18,1,29,11,27,0,1,0.74,0,1,160,0,1.85
21,Kai,ai,16,Mon,1,75,demo,6,0,52,387,253,11,1,29,6,36,0,1,0.7,0,3,159,0,1.85
21,Kai,ai,16,Mon,1,76,price,6,0,54,383,287,18,3,87,5,35,0,0,0,1,3,161,0,1.85
21,Kai,ai,16,Mon,1,77,cta,6,0,55,377,269,26,5,145,5,24,0,0,0.11,0,2,159,0,1.85
21,Kai,ai,16,Mon,1,78,cta,6,0,44,369,246,21,2,58,6,35,0,1,0.06,0,1,161,0,1.85
21,Kai,ai,16,Mon,1,79,fomo,6,0,57,385,278,19,2,58,11,36,0,0,0.14,0,3,159,1,1.85
21,Kai,ai,16,Mon,1,80,fomo,6,0,47,389,273,15,1,29,10,22,0,0,0.09,1,3,160,2,1.85
21,Kai,ai,16,Mon,1,81,filler,6,0,52,359,252,7,1,29,2,32,0,0,0.08,0,1,156,0,1.85
21,Kai,ai,16,Mon,1,82,hook,7,0,64,372,268,11,1,29,13,29,0,0,0.03,0,2,155,0,1.85
21,Kai,ai,16,Mon,1,83,hook,7,0,50,362,260,8,1,29,4,38,0,0,0.1,0,1,156,0,1.85
21,Kai,ai,16,Mon,1,84,build,7,0,49,363,264,14,3,87,7,32,0,0,0.3,0,1,157,0,1.85
21,Kai,ai,16,Mon,1,85,build,7,0,47,362,258,9,1,29,7,29,0,0,0.24,0,3,161,0,1.85
21,Kai,ai,16,Mon,1,86,build,7,0,43,371,264,16,3,87,4,32,0,1,0.38,0,1,158,0,1.85
21,Kai,ai,16,Mon,1,87,demo,7,0,47,382,280,26,1,29,4,32,0,1,0.81,0,3,156,0,1.85
21,Kai,ai,16,Mon,1,88,demo,7,0,55,395,290,23,1,49,6,36,0,1,0.72,0,1,155,0,1.85
21,Kai,ai,16,Mon,1,89,demo,7,0,51,392,284,24,4,116,7,28,0,1,0.65,0,2,160,0,1.85
21,Kai,ai,16,Mon,1,90,demo,7,0,55,404,288,33,2,58,7,36,0,1,0.72,1,2,156,0,1.85
21,Kai,ai,16,Mon,1,91,price,7,0,57,401,280,26,2,58,8,36,0,1,0.03,1,2,160,0,1.85
21,Kai,ai,16,Mon,1,92,cta,7,0,53,411,283,26,2,58,4,30,0,1,0.15,0,2,159,0,1.85
21,Kai,ai,16,Mon,1,93,cta,7,0,43,386,282,29,6,174,8,29,0,0,0.02,1,1,156,0,1.85
21,Kai,ai,16,Mon,1,94,fomo,7,0,44,391,266,14,1,29,14,43,0,0,0.1,0,2,157,1,1.85
21,Kai,ai,16,Mon,1,95,fomo,7,0,43,394,288,17,2,58,10,40,0,1,0.11,0,1,156,2,1.85
21,Kai,ai,16,Mon,1,96,filler,7,0,51,359,263,8,0,0,5,32,0,1,0.06,0,2,160,0,1.85
21,Kai,ai,16,Mon,1,97,dead,7,0,58,325,233,4,0,0,0,25,0,0,0.05,0,2,159,0,1.85
21,Kai,ai,16,Mon,1,98,hook,8,0,47,323,233,7,2,58,6,34,0,0,0.15,0,2,158,0,1.85
21,Kai,ai,16,Mon,1,99,hook,8,0,36,306,235,3,0,0,8,33,0,0,0.03,0,2,158,0,1.85
21,Kai,ai,16,Mon,1,100,build,8,0,62,323,252,10,1,29,7,29,0,0,0.35,1,3,156,0,1.85
21,Kai,ai,16,Mon,1,101,build,8,0,52,329,259,11,1,29,4,34,0,0,0.35,0,2,157,0,1.85
21,Kai,ai,16,Mon,1,102,build,8,0,50,333,244,16,3,87,7,38,0,1,0.35,0,3,155,0,1.85
21,Kai,ai,16,Mon,1,103,demo,8,0,51,347,247,26,3,87,10,30,0,1,0.55,0,2,160,0,1.85
21,Kai,ai,16,Mon,1,104,demo,8,0,49,355,258,26,6,194,10,32,0,1,0.61,0,3,161,0,1.85
21,Kai,ai,16,Mon,1,105,price,8,0,37,352,279,21,5,145,6,31,0,0,0.05,1,2,158,0,1.85
21,Kai,ai,16,Mon,1,106,cta,8,0,46,345,237,35,5,165,5,30,0,1,0.1,1,1,158,0,1.85
21,Kai,ai,16,Mon,1,107,cta,8,0,46,333,250,24,2,78,7,30,0,0,0.12,1,2,160,0,1.85
21,Kai,ai,16,Mon,1,108,fomo,8,0,34,326,242,15,1,29,6,21,0,0,0.01,0,2,157,1,1.85
21,Kai,ai,16,Mon,1,109,fomo,8,0,49,335,251,11,1,29,7,25,0,0,0.05,0,2,156,2,1.85
21,Kai,ai,16,Mon,1,110,fomo,8,0,38,342,254,15,0,0,10,27,0,0,0.11,0,2,161,3,1.85
21,Kai,ai,16,Mon,1,111,filler,8,0,57,332,229,10,0,0,4,35,0,1,0,1,2,156,0,1.85
21,Kai,ai,16,Mon,1,112,hook,9,0,54,337,248,8,0,0,3,28,0,0,0.09,0,1,160,0,1.85
21,Kai,ai,16,Mon,1,113,build,9,0,44,325,236,15,1,49,6,23,0,0,0.21,0,2,160,0,1.85
21,Kai,ai,16,Mon,1,114,build,9,0,49,330,235,15,0,0,5,39,0,0,0.18,0,3,158,0,1.85
21,Kai,ai,16,Mon,1,115,build,9,0,42,315,227,10,0,0,5,31,0,0,0.15,0,1,159,0,1.85
21,Kai,ai,16,Mon,1,116,demo,9,0,56,332,226,25,3,87,6,29,0,1,0.84,0,2,160,0,1.85
21,Kai,ai,16,Mon,1,117,demo,9,0,50,339,247,18,3,87,7,38,0,1,0.72,0,2,160,0,1.85
21,Kai,ai,16,Mon,1,118,demo,9,0,50,341,233,20,1,29,5,28,0,1,0.45,0,2,160,0,1.85
21,Kai,ai,16,Mon,1,119,demo,9,0,46,345,250,22,4,116,4,34,0,1,0.48,0,1,157,0,1.85
21,Kai,ai,16,Mon,1,120,price,9,0,54,349,245,20,3,87,10,36,0,0,0.05,1,3,156,0,1.85
22,Kai,ai,16,Mon,1,1,hook,1,1,46,46,27,0,0,0,2,11,0,1,0.12,0,3,160,0,1
22,Kai,ai,16,Mon,1,2,hook,1,1,55,94,66,5,1,29,5,17,0,0,0.13,0,3,159,0,1
22,Kai,ai,16,Mon,1,3,hook,1,1,38,118,90,2,0,0,7,34,0,0,0.02,0,2,161,0,1
22,Kai,ai,16,Mon,1,4,hook,1,1,47,152,97,6,0,0,6,30,0,0,0.06,0,2,157,0,1
22,Kai,ai,16,Mon,1,5,hook,1,1,39,177,127,6,0,0,10,31,0,1,0.08,0,3,158,0,1
22,Kai,ai,16,Mon,1,6,hook,1,1,46,202,147,5,0,0,11,44,0,0,0.08,1,2,157,0,1
22,Kai,ai,16,Mon,1,7,demo,1,0,35,207,150,12,1,29,4,22,0,1,0.72,0,3,155,0,1
22,Kai,ai,16,Mon,1,8,price,1,0,37,219,155,11,2,78,4,20,0,1,0.1,1,2,156,0,1
22,Kai,ai,16,Mon,1,9,cta,1,0,46,241,170,15,4,136,6,24,0,1,0.04,0,1,161,0,1
22,Kai,ai,16,Mon,1,10,cta,1,0,41,257,186,13,1,49,3,20,0,0,0.09,0,1,158,0,1
22,Kai,ai,16,Mon,1,11,fomo,1,0,71,301,216,13,2,58,9,29,0,1,0.08,0,1,157,1,1.77
22,Kai,ai,16,Mon,1,12,fomo,1,0,56,328,223,14,4,156,4,20,0,0,0.14,0,2,157,2,1.77
22,Kai,ai,16,Mon,1,13,filler,1,0,61,326,243,8,1,49,4,39,0,0,0.05,0,2,159,0,1.77
22,Kai,ai,16,Mon,1,14,filler,1,0,65,338,257,14,0,0,2,26,0,1,0.15,0,2,161,0,1.77
22,Kai,ai,16,Mon,1,15,hook,2,0,66,368,260,11,0,0,11,35,0,0,0.05,0,2,155,0,1.77
22,Kai,ai,16,Mon,1,16,hook,2,0,82,410,285,17,1,29,13,35,0,1,0.12,0,2,159,0,1.77
22,Kai,ai,16,Mon,1,17,build,2,0,71,435,327,20,3,87,8,37,0,1,0.2,0,2,159,0,1.77
22,Kai,ai,16,Mon,1,18,build,2,0,53,442,311,18,4,136,3,44,0,1,0.21,0,1,158,0,1.77
22,Kai,ai,16,Mon,1,19,build,2,0,64,450,327,15,0,0,5,34,0,0,0.22,0,3,158,0,1.77
22,Kai,ai,16,Mon,1,20,build,2,0,61,453,307,15,1,29,8,32,0,0,0.38,0,2,160,0,1.77
22,Kai,ai,16,Mon,1,21,demo,2,0,64,464,319,30,4,116,10,44,0,1,0.84,0,1,161,0,1.77
22,Kai,ai,16,Mon,1,22,demo,2,0,62,483,336,36,1,29,4,35,0,1,0.84,0,2,161,0,1.77
22,Kai,ai,16,Mon,1,23,demo,2,0,52,488,351,30,2,58,7,43,0,1,0.57,0,1,157,0,1.77
22,Kai,ai,16,Mon,1,24,price,2,0,52,482,348,29,3,87,5,33,0,0,0.06,1,2,161,0,1.77
22,Kai,ai,16,Mon,1,25,cta,2,0,57,490,348,35,6,234,12,45,0,1,0.08,1,3,160,0,1.77
22,Kai,ai,16,Mon,1,26,fomo,2,0,73,525,391,21,5,145,13,45,0,0,0.07,0,1,159,1,1.77
22,Kai,ai,16,Mon,1,27,fomo,2,0,63,537,386,30,2,58,6,48,0,0,0.02,0,2,160,2,1.77
22,Kai,ai,16,Mon,1,28,filler,2,0,59,494,342,10,1,29,5,55,0,0,0.03,0,2,158,0,1.77
22,Kai,ai,16,Mon,1,29,dead,2,0,77,437,332,11,1,29,9,23,0,1,0.08,0,1,160,0,1.77
22,Kai,ai,16,Mon,1,30,hook,3,0,68,461,345,18,0,0,9,33,0,1,0.02,0,2,157,0,1.77
22,Kai,ai,16,Mon,1,31,hook,3,0,66,468,332,11,0,0,12,42,0,0,0.13,0,2,157,0,1.77
22,Kai,ai,16,Mon,1,32,build,3,0,61,466,351,15,1,29,12,60,0,0,0.33,0,1,159,0,1.77
22,Kai,ai,16,Mon,1,33,build,3,0,58,469,333,17,1,29,4,44,0,1,0.18,0,2,158,0,1.77
22,Kai,ai,16,Mon,1,34,build,3,0,60,466,339,17,1,29,7,36,0,0,0.17,0,1,158,0,1.77
22,Kai,ai,16,Mon,1,35,build,3,0,63,465,326,23,3,87,8,38,0,1,0.34,0,1,159,0,1.77
22,Kai,ai,16,Mon,1,36,demo,3,0,62,479,341,30,2,58,9,52,0,1,0.7,0,1,158,0,1.77
22,Kai,ai,16,Mon,1,37,demo,3,0,69,495,367,31,1,29,6,53,0,1,0.59,0,2,159,0,1.77
22,Kai,ai,16,Mon,1,38,price,3,0,61,510,374,31,5,145,10,50,0,0,0.03,1,2,158,0,1.77
22,Kai,ai,16,Mon,1,39,cta,3,0,57,498,344,45,8,232,6,47,0,1,0.14,1,3,160,0,1.77
22,Kai,ai,16,Mon,1,40,fomo,3,0,71,514,384,21,4,136,19,45,0,0,0.02,0,1,160,1,1.77
22,Kai,ai,16,Mon,1,41,fomo,3,0,50,521,366,11,0,0,6,42,0,0,0.07,0,2,159,2,1.77
22,Kai,ai,16,Mon,1,42,filler,3,0,41,475,312,6,0,0,4,56,0,1,0.07,0,2,156,0,1.77
22,Kai,ai,16,Mon,1,43,filler,3,0,60,442,318,8,0,0,5,43,0,0,0.11,1,2,155,0,1.77
22,Kai,ai,16,Mon,1,44,dead,3,0,71,403,284,2,0,0,3,37,0,0,0.14,0,3,157,0,1.77
22,Kai,ai,16,Mon,1,45,hook,4,0,48,400,282,9,1,49,10,25,0,0,0.03,0,1,155,0,1.77
22,Kai,ai,16,Mon,1,46,hook,4,0,68,424,301,11,0,0,12,35,0,1,0.02,0,3,155,0,1.77
22,Kai,ai,16,Mon,1,47,build,4,0,58,424,313,16,1,29,9,41,0,0,0.27,0,2,159,0,1.77
22,Kai,ai,16,Mon,1,48,build,4,0,74,433,307,12,0,0,9,27,0,0,0.18,0,3,158,0,1.77
22,Kai,ai,16,Mon,1,49,build,4,0,50,423,287,13,3,87,14,37,0,0,0.24,0,2,157,0,1.77
22,Kai,ai,16,Mon,1,50,demo,4,0,65,438,314,20,2,58,12,32,0,1,0.48,0,2,156,0,1.77
22,Kai,ai,16,Mon,1,51,demo,4,0,55,448,324,30,2,58,10,47,0,1,0.58,0,3,158,0,1.77
22,Kai,ai,16,Mon,1,52,price,4,0,53,445,333,10,0,0,8,39,0,0,0.11,0,2,156,0,1.77
22,Kai,ai,16,Mon,1,53,cta,4,0,64,453,322,29,7,243,11,34,0,0,0.07,1,2,155,0,1.77
22,Kai,ai,16,Mon,1,54,cta,4,0,57,454,334,29,4,116,11,46,0,1,0.14,1,2,159,0,1.77
22,Kai,ai,16,Mon,1,55,fomo,4,0,67,471,328,18,3,107,8,53,0,0,0.05,0,2,157,1,1.77
22,Kai,ai,16,Mon,1,56,fomo,4,0,62,477,365,20,2,58,7,46,0,1,0.14,0,2,157,2,1.77
22,Kai,ai,16,Mon,1,57,filler,4,0,54,430,311,3,0,0,6,35,0,0,0.01,0,1,157,0,1.77
22,Kai,ai,16,Mon,1,58,hook,5,0,52,437,313,9,2,78,6,42,0,1,0.04,0,2,159,0,1.77
22,Kai,ai,16,Mon,1,59,build,5,0,55,436,322,13,1,49,5,39,0,0,0.16,1,1,160,0,1.77
22,Kai,ai,16,Mon,1,60,build,5,0,69,436,316,16,1,49,4,61,0,0,0.27,1,2,156,0,1.77
22,Kai,ai,16,Mon,1,61,build,5,0,55,414,286,13,2,58,8,39,0,1,0.16,0,2,155,0,1.77
22,Kai,ai,16,Mon,1,62,demo,5,0,51,430,305,30,3,87,6,37,0,1,0.74,0,2,161,0,1.77
22,Kai,ai,16,Mon,1,63,demo,5,0,66,441,330,35,4,156,6,46,0,1,0.68,0,1,159,0,1.77
22,Kai,ai,16,Mon,1,64,price,5,0,61,429,306,23,3,87,3,38,0,1,0.13,0,1,155,0,1.77
22,Kai,ai,16,Mon,1,65,cta,5,0,59,423,295,22,6,174,9,39,0,0,0.05,1,1,160,0,1.77
22,Kai,ai,16,Mon,1,66,fomo,5,0,62,440,305,19,3,87,7,40,0,0,0.12,0,2,157,1,1.77
22,Kai,ai,16,Mon,1,67,fomo,5,0,53,436,316,19,4,116,5,40,0,0,0.12,1,2,156,2,1.77
22,Kai,ai,16,Mon,1,68,filler,5,0,62,412,290,13,0,0,2,39,0,1,0.08,0,3,155,0,1.77
22,Kai,ai,16,Mon,1,69,filler,5,0,54,389,279,7,0,0,3,36,0,0,0.05,0,2,155,0,1.77
22,Kai,ai,16,Mon,1,70,hook,6,0,52,384,276,11,0,0,6,32,0,0,0.03,0,3,159,0,1.77
22,Kai,ai,16,Mon,1,71,hook,6,0,43,386,278,12,1,29,7,32,0,0,0.07,0,3,158,0,1.77
22,Kai,ai,16,Mon,1,72,build,6,0,63,395,286,12,0,0,10,43,0,0,0.26,0,3,161,0,1.77
22,Kai,ai,16,Mon,1,73,build,6,0,50,405,282,18,3,127,10,30,0,0,0.21,0,1,156,0,1.77
22,Kai,ai,16,Mon,1,74,demo,6,0,56,410,293,37,2,58,9,45,0,1,0.52,0,2,160,0,1.77
22,Kai,ai,16,Mon,1,75,demo,6,0,59,417,307,31,3,87,5,34,0,1,0.81,0,2,158,0,1.77
22,Kai,ai,16,Mon,1,76,price,6,0,55,407,293,27,4,136,8,35,0,1,0.02,1,2,158,0,1.77
22,Kai,ai,16,Mon,1,77,cta,6,0,58,411,282,37,4,136,8,33,0,1,0.1,1,3,160,0,1.77
22,Kai,ai,16,Mon,1,78,cta,6,0,61,416,284,28,6,174,6,37,0,0,0.13,1,1,159,0,1.77
22,Kai,ai,16,Mon,1,79,fomo,6,0,55,419,303,12,3,107,3,35,0,0,0.03,0,2,159,1,1.77
22,Kai,ai,16,Mon,1,80,filler,6,0,58,395,287,7,0,0,1,39,0,0,0.12,0,1,157,0,1.77
22,Kai,ai,16,Mon,1,81,dead,6,0,48,329,235,2,0,0,4,30,0,0,0.02,0,2,156,0,1.77
22,Kai,ai,16,Mon,1,82,hook,7,0,54,338,239,10,1,49,8,43,0,1,0.03,0,2,156,0,1.77
22,Kai,ai,16,Mon,1,83,hook,7,0,60,356,255,11,0,0,6,33,0,0,0.08,0,3,157,0,1.77
22,Kai,ai,16,Mon,1,84,build,7,0,48,355,264,22,0,0,4,28,0,0,0.25,0,3,156,0,1.77
22,Kai,ai,16,Mon,1,85,build,7,0,61,368,239,17,3,87,4,37,0,0,0.23,0,2,156,0,1.77
22,Kai,ai,16,Mon,1,86,build,7,0,46,376,256,22,3,87,11,37,0,0,0.31,1,1,160,0,1.77
22,Kai,ai,16,Mon,1,87,build,7,0,47,365,264,11,2,58,2,22,0,0,0.37,0,2,159,0,1.77
22,Kai,ai,16,Mon,1,88,demo,7,0,50,373,281,20,0,0,3,47,0,1,0.62,0,3,156,0,1.77
22,Kai,ai,16,Mon,1,89,demo,7,0,54,382,281,33,2,78,3,31,0,1,0.63,0,2,158,0,1.77
22,Kai,ai,16,Mon,1,90,price,7,0,60,377,271,28,1,29,7,36,0,1,0.13,1,1,160,0,1.77
22,Kai,ai,16,Mon,1,91,cta,7,0,62,379,260,13,1,29,3,29,0,0,0.02,0,1,156,0,1.77
22,Kai,ai,16,Mon,1,92,fomo,7,0,53,392,284,18,6,194,8,32,0,0,0.08,0,2,159,1,1.77
22,Kai,ai,16,Mon,1,93,fomo,7,0,57,392,288,12,0,0,13,42,0,0,0.1,0,1,159,2,1.77
22,Kai,ai,16,Mon,1,94,filler,7,0,45,367,249,8,1,29,4,34,0,0,0.13,1,2,160,0,1.77
22,Kai,ai,16,Mon,1,95,hook,8,0,47,367,265,12,1,49,2,36,0,1,0.12,0,2,155,0,1.77
22,Kai,ai,16,Mon,1,96,hook,8,0,71,395,268,7,0,0,10,28,0,0,0.02,0,2,156,0,1.77
22,Kai,ai,16,Mon,1,97,build,8,0,52,379,273,14,1,29,7,38,0,1,0.38,0,2,157,0,1.77
22,Kai,ai,16,Mon,1,98,build,8,0,58,382,289,11,0,0,5,31,0,1,0.38,0,2,159,0,1.77
22,Kai,ai,16,Mon,1,99,demo,8,0,69,405,309,35,3,107,5,37,0,1,0.58,0,2,157,0,1.77
22,Kai,ai,16,Mon,1,100,demo,8,0,57,410,300,24,3,107,12,28,0,1,0.52,0,2,160,0,1.77
22,Kai,ai,16,Mon,1,101,demo,8,0,48,409,309,27,2,58,7,40,0,1,0.59,0,3,159,0,1.77
22,Kai,ai,16,Mon,1,102,price,8,0,55,408,283,16,5,145,8,38,0,0,0.1,1,2,160,0,1.77
22,Kai,ai,16,Mon,1,103,cta,8,0,56,399,280,28,1,49,5,30,0,1,0.08,1,2,156,0,1.77
22,Kai,ai,16,Mon,1,104,fomo,8,0,56,428,320,21,2,78,2,42,0,0,0.05,1,3,157,1,1.77
22,Kai,ai,16,Mon,1,105,fomo,8,0,42,436,299,26,2,58,7,32,0,0,0.05,0,2,156,2,1.77
22,Kai,ai,16,Mon,1,106,fomo,8,0,52,441,322,17,1,29,9,40,0,0,0.02,0,2,160,3,1.77
22,Kai,ai,16,Mon,1,107,filler,8,0,49,398,300,3,1,29,3,36,0,0,0.05,0,1,160,0,1.77
22,Kai,ai,16,Mon,1,108,hook,9,0,61,415,291,13,1,29,2,34,0,0,0.06,0,2,160,0,1.77
22,Kai,ai,16,Mon,1,109,hook,9,0,39,391,269,7,0,0,4,39,0,0,0.02,0,1,159,0,1.77
22,Kai,ai,16,Mon,1,110,build,9,0,57,385,265,11,0,0,8,26,0,0,0.31,0,3,158,0,1.77
22,Kai,ai,16,Mon,1,111,build,9,0,43,364,268,22,2,58,6,36,0,1,0.25,0,2,160,0,1.77
22,Kai,ai,16,Mon,1,112,build,9,0,46,353,270,20,2,58,2,33,0,1,0.24,1,2,155,0,1.77
22,Kai,ai,16,Mon,1,113,build,9,0,61,362,256,12,2,98,7,23,0,1,0.39,0,2,157,0,1.77
22,Kai,ai,16,Mon,1,114,demo,9,0,47,371,268,23,1,49,5,35,0,1,0.6,0,1,158,0,1.77
22,Kai,ai,16,Mon,1,115,demo,9,0,36,364,243,26,4,196,9,29,0,1,0.67,0,1,159,0,1.77
22,Kai,ai,16,Mon,1,116,demo,9,0,54,365,250,21,0,0,6,29,0,1,0.49,0,2,161,0,1.77
22,Kai,ai,16,Mon,1,117,demo,9,0,48,366,250,23,3,87,10,27,0,1,0.62,1,3,159,0,1.77
22,Kai,ai,16,Mon,1,118,price,9,0,48,373,269,17,1,49,8,31,0,1,0.03,1,3,157,0,1.77
22,Kai,ai,16,Mon,1,119,cta,9,0,53,367,259,25,3,107,8,34,0,0,0.03,1,2,158,0,1.77
22,Kai,ai,16,Mon,1,120,fomo,9,0,48,372,267,14,3,107,14,26,0,0,0.06,0,2,157,1,1.77
23,Kai,ai,14,Sat,1,1,hook,1,1,59,59,43,1,0,0,4,13,0,0,0.02,0,2,158,0,1
23,Kai,ai,14,Sat,1,2,hook,1,1,47,95,73,2,0,0,1,32,0,1,0.08,0,3,159,0,1
23,Kai,ai,14,Sat,1,3,hook,1,1,36,122,86,3,0,0,3,20,0,0,0.05,0,3,157,0,1
23,Kai,ai,14,Sat,1,4,hook,1,1,36,143,100,6,0,0,5,29,0,0,0.08,0,2,157,0,1
23,Kai,ai,14,Sat,1,5,hook,1,1,48,175,131,3,0,0,11,43,0,0,0.06,0,3,157,0,1
23,Kai,ai,14,Sat,1,6,hook,1,1,60,213,152,5,0,0,12,45,0,0,0.11,0,1,160,0,1
23,Kai,ai,14,Sat,1,7,demo,1,0,33,221,159,17,1,49,3,10,0,1,0.59,0,2,156,0,1
23,Kai,ai,14,Sat,1,8,price,1,0,31,223,168,10,3,107,6,20,0,0,0.13,1,2,155,0,1
23,Kai,ai,14,Sat,1,9,cta,1,0,31,235,175,15,0,0,4,19,0,1,0.04,0,3,160,0,1
23,Kai,ai,14,Sat,1,10,cta,1,0,33,234,184,17,0,0,6,21,0,1,0.06,0,2,157,0,1
23,Kai,ai,14,Sat,1,11,fomo,1,0,65,278,199,17,0,0,5,28,0,1,0.05,0,3,158,1,1.81
23,Kai,ai,14,Sat,1,12,fomo,1,0,53,308,218,15,2,78,4,27,0,0,0.09,0,3,156,2,1.81
23,Kai,ai,14,Sat,1,13,filler,1,0,55,312,234,8,2,78,6,29,0,0,0.04,0,3,160,0,1.81
23,Kai,ai,14,Sat,1,14,hook,2,0,66,346,246,6,0,0,8,24,0,0,0.12,0,3,161,0,1.81
23,Kai,ai,14,Sat,1,15,hook,2,0,59,366,266,5,0,0,10,29,0,1,0.09,0,2,158,0,1.81
23,Kai,ai,14,Sat,1,16,build,2,0,65,384,294,26,3,127,7,45,0,1,0.35,0,2,160,0,1.81
23,Kai,ai,14,Sat,1,17,build,2,0,65,408,297,20,3,127,5,41,0,1,0.3,0,2,157,0,1.81
23,Kai,ai,14,Sat,1,18,build,2,0,64,410,299,10,3,127,8,43,0,0,0.33,0,3,161,0,1.81
23,Kai,ai,14,Sat,1,19,demo,2,0,69,438,304,28,1,29,12,42,0,1,0.8,0,3,157,0,1.81
23,Kai,ai,14,Sat,1,20,demo,2,0,59,446,312,29,1,49,9,44,0,1,0.51,0,2,156,0,1.81
23,Kai,ai,14,Sat,1,21,demo,2,0,74,475,344,31,2,78,9,43,0,1,0.49,0,2,159,0,1.81
23,Kai,ai,14,Sat,1,22,demo,2,0,83,491,373,39,4,136,4,47,0,1,0.8,0,1,157,0,1.81
23,Kai,ai,14,Sat,1,23,price,2,0,55,492,350,41,2,58,7,48,0,1,0.09,1,2,159,0,1.81
23,Kai,ai,14,Sat,1,24,cta,2,0,76,504,372,35,4,136,9,49,0,1,0.11,1,3,157,0,1.81
23,Kai,ai,14,Sat,1,25,fomo,2,0,56,517,369,41,7,223,12,53,0,1,0.08,0,3,160,1,1.81
23,Kai,ai,14,Sat,1,26,fomo,2,0,57,525,387,14,5,145,9,40,0,0,0.12,0,1,156,2,1.81
23,Kai,ai,14,Sat,1,27,filler,2,0,46,467,330,7,1,29,4,47,0,0,0.14,1,3,159,0,1.81
23,Kai,ai,14,Sat,1,28,hook,3,0,54,464,339,16,0,0,7,35,0,0,0.11,0,2,157,0,1.81
23,Kai,ai,14,Sat,1,29,hook,3,0,55,463,337,19,1,29,10,40,0,0,0,1,3,158,0,1.81
23,Kai,ai,14,Sat,1,30,build,3,0,53,456,345,25,1,29,4,39,0,1,0.38,0,2,160,0,1.81
23,Kai,ai,14,Sat,1,31,build,3,0,58,454,322,21,2,78,5,48,0,0,0.18,0,2,156,0,1.81
23,Kai,ai,14,Sat,1,32,build,3,0,68,456,318,19,1,49,8,46,0,1,0.24,0,2,156,0,1.81
23,Kai,ai,14,Sat,1,33,demo,3,0,72,480,344,31,5,185,8,42,0,1,0.51,0,3,158,0,1.81
23,Kai,ai,14,Sat,1,34,demo,3,0,61,493,368,27,3,87,6,44,0,1,0.48,0,2,159,0,1.81
23,Kai,ai,14,Sat,1,35,price,3,0,68,502,363,29,4,156,9,46,0,1,0.12,1,3,158,0,1.81
23,Kai,ai,14,Sat,1,36,cta,3,0,62,479,340,43,3,87,11,46,0,1,0.13,1,1,159,0,1.81
23,Kai,ai,14,Sat,1,37,cta,3,0,59,468,322,22,5,145,13,42,0,0,0.08,0,2,161,0,1.81
23,Kai,ai,14,Sat,1,38,fomo,3,0,50,477,329,26,2,78,11,34,0,1,0,0,1,156,1,1.81
23,Kai,ai,14,Sat,1,39,fomo,3,0,74,503,371,26,3,107,12,62,0,0,0.02,0,1,157,2,1.81
23,Kai,ai,14,Sat,1,40,filler,3,0,62,471,334,10,0,0,6,31,0,0,0.13,0,1,157,0,1.81
23,Kai,ai,14,Sat,1,41,hook,4,0,54,455,327,18,2,78,10,35,0,1,0,1,3,155,0,1.81
23,Kai,ai,14,Sat,1,42,hook,4,0,57,467,346,6,1,29,11,39,0,0,0.02,0,2,158,0,1.81
23,Kai,ai,14,Sat,1,43,build,4,0,57,463,342,23,4,156,8,52,0,0,0.17,0,2,156,0,1.81
23,Kai,ai,14,Sat,1,44,build,4,0,59,452,322,19,2,58,5,39,0,1,0.24,0,3,160,0,1.81
23,Kai,ai,14,Sat,1,45,build,4,0,50,431,313,19,2,58,10,33,0,1,0.24,0,1,159,0,1.81
23,Kai,ai,14,Sat,1,46,build,4,0,60,432,307,15,1,29,9,36,0,0,0.16,0,3,157,0,1.81
23,Kai,ai,14,Sat,1,47,demo,4,0,55,449,326,31,3,87,9,39,0,1,0.69,0,2,155,0,1.81
23,Kai,ai,14,Sat,1,48,demo,4,0,59,463,337,30,2,58,19,51,0,1,0.72,0,1,158,0,1.81
23,Kai,ai,14,Sat,1,49,price,4,0,53,453,335,27,5,145,7,42,0,1,0.15,1,2,158,0,1.81
23,Kai,ai,14,Sat,1,50,cta,4,0,55,460,325,19,5,185,9,40,0,0,0.06,0,3,161,0,1.81
23,Kai,ai,14,Sat,1,51,fomo,4,0,58,472,326,12,1,29,9,50,0,0,0.04,0,2,160,1,1.81
23,Kai,ai,14,Sat,1,52,fomo,4,0,55,489,327,16,2,58,11,34,0,0,0.11,1,1,159,2,1.81
23,Kai,ai,14,Sat,1,53,filler,4,0,68,478,346,3,1,29,6,51,0,0,0.02,0,1,157,0,1.81
23,Kai,ai,14,Sat,1,54,dead,4,0,62,414,314,3,0,0,3,42,0,0,0.01,0,1,157,0,1.81
23,Kai,ai,14,Sat,1,55,hook,5,0,49,409,296,15,1,49,4,38,0,0,0.03,0,2,160,0,1.81
23,Kai,ai,14,Sat,1,56,build,5,0,52,415,294,17,2,58,4,33,0,1,0.21,1,2,156,0,1.81
23,Kai,ai,14,Sat,1,57,build,5,0,50,417,292,14,1,49,8,38,0,0,0.17,0,1,156,0,1.81
23,Kai,ai,14,Sat,1,58,build,5,0,62,429,308,16,1,29,3,32,0,1,0.16,0,2,160,0,1.81
23,Kai,ai,14,Sat,1,59,build,5,0,62,430,315,19,0,0,6,42,0,1,0.36,0,1,159,0,1.81
23,Kai,ai,14,Sat,1,60,demo,5,0,57,435,317,26,1,49,9,33,0,1,0.82,1,2,160,0,1.81
23,Kai,ai,14,Sat,1,61,demo,5,0,51,440,315,35,2,58,5,32,0,1,0.57,0,1,156,0,1.81
23,Kai,ai,14,Sat,1,62,demo,5,0,51,445,323,34,1,29,12,45,0,1,0.5,1,2,161,0,1.81
23,Kai,ai,14,Sat,1,63,price,5,0,57,440,309,12,2,78,6,48,0,0,0.04,0,3,156,0,1.81
23,Kai,ai,14,Sat,1,64,cta,5,0,68,440,324,27,2,58,5,40,0,0,0.09,1,1,156,0,1.81
23,Kai,ai,14,Sat,1,65,cta,5,0,54,445,282,28,6,214,1,32,0,1,0.07,0,3,159,0,1.81
23,Kai,ai,14,Sat,1,66,fomo,5,0,56,450,329,19,5,145,11,45,0,0,0.08,0,1,159,1,1.81
23,Kai,ai,14,Sat,1,67,fomo,5,0,52,456,348,16,1,29,9,38,0,0,0.03,0,1,158,2,1.81
23,Kai,ai,14,Sat,1,68,filler,5,0,49,424,301,5,0,0,3,44,0,1,0.14,0,3,161,0,1.81
23,Kai,ai,14,Sat,1,69,hook,6,0,72,434,314,14,1,29,11,32,0,0,0.08,0,3,159,0,1.81
23,Kai,ai,14,Sat,1,70,build,6,0,53,434,308,22,0,0,7,37,0,1,0.32,0,2,157,0,1.81
23,Kai,ai,14,Sat,1,71,build,6,0,62,441,306,18,1,29,9,32,0,0,0.21,0,3,157,0,1.81
23,Kai,ai,14,Sat,1,72,build,6,0,60,432,304,29,2,58,5,44,0,1,0.39,0,1,158,0,1.81
23,Kai,ai,14,Sat,1,73,build,6,0,55,425,304,15,1,29,4,38,0,1,0.17,0,2,158,0,1.81
23,Kai,ai,14,Sat,1,74,demo,6,0,58,433,310,24,0,0,9,43,0,1,0.71,0,2,156,0,1.81
23,Kai,ai,14,Sat,1,75,demo,6,0,61,437,314,28,2,58,5,39,0,0,0.63,0,1,161,0,1.81
23,Kai,ai,14,Sat,1,76,demo,6,0,41,433,303,37,4,116,6,36,0,1,0.79,1,3,160,0,1.81
23,Kai,ai,14,Sat,1,77,price,6,0,43,428,320,28,3,107,10,39,0,1,0.03,0,3,158,0,1.81
23,Kai,ai,14,Sat,1,78,cta,6,0,39,404,286,29,5,165,5,31,0,0,0.05,0,1,161,0,1.81
23,Kai,ai,14,Sat,1,79,fomo,6,0,59,411,309,19,0,0,7,48,0,1,0.11,0,2,157,1,1.81
23,Kai,ai,14,Sat,1,80,fomo,6,0,50,415,315,16,1,49,5,40,0,0,0.09,0,3,156,2,1.81
23,Kai,ai,14,Sat,1,81,filler,6,0,54,391,277,9,0,0,5,37,0,0,0.1,0,2,155,0,1.81
23,Kai,ai,14,Sat,1,82,hook,7,0,55,390,283,12,0,0,3,34,0,0,0.04,0,3,160,0,1.81
23,Kai,ai,14,Sat,1,83,hook,7,0,50,384,286,7,0,0,9,41,0,0,0.15,0,2,157,0,1.81
23,Kai,ai,14,Sat,1,84,build,7,0,55,384,288,14,0,0,4,36,0,0,0.38,0,2,158,0,1.81
23,Kai,ai,14,Sat,1,85,build,7,0,48,379,258,17,2,58,5,22,0,1,0.19,1,2,156,0,1.81
23,Kai,ai,14,Sat,1,86,build,7,0,49,379,259,18,3,127,5,32,0,1,0.21,0,3,156,0,1.81
23,Kai,ai,14,Sat,1,87,build,7,0,53,381,276,17,1,29,9,36,0,0,0.16,0,3,161,0,1.81
23,Kai,ai,14,Sat,1,88,demo,7,0,51,388,285,20,2,58,9,45,0,1,0.49,0,2,158,0,1.81
23,Kai,ai,14,Sat,1,89,demo,7,0,56,407,292,22,4,136,7,34,0,1,0.8,0,1,155,0,1.81
23,Kai,ai,14,Sat,1,90,price,7,0,45,394,279,25,2,58,9,37,0,1,0,1,2,158,0,1.81
23,Kai,ai,14,Sat,1,91,cta,7,0,51,376,266,19,3,87,9,37,0,0,0.14,1,2,159,0,1.81
23,Kai,ai,14,Sat,1,92,cta,7,0,44,358,248,25,4,116,6,32,0,0,0.07,1,2,160,0,1.81
23,Kai,ai,14,Sat,1,93,fomo,7,0,55,368,263,19,7,263,5,37,0,0,0.12,1,2,157,1,1.81
23,Kai,ai,14,Sat,1,94,fomo,7,0,46,374,266,16,4,136,4,35,0,0,0.11,0,1,158,2,1.81
23,Kai,ai,14,Sat,1,95,filler,7,0,48,333,238,6,0,0,3,31,0,0,0.01,0,2,159,0,1.81
23,Kai,ai,14,Sat,1,96,hook,8,0,39,336,247,7,1,29,6,23,0,0,0.09,0,1,160,0,1.81
23,Kai,ai,14,Sat,1,97,hook,8,0,51,348,248,7,1,29,9,33,0,0,0.14,0,1,158,0,1.81
23,Kai,ai,14,Sat,1,98,build,8,0,64,356,258,17,1,29,7,31,0,1,0.18,0,1,160,0,1.81
23,Kai,ai,14,Sat,1,99,build,8,0,49,353,271,14,2,58,6,33,0,1,0.16,0,2,160,0,1.81
23,Kai,ai,14,Sat,1,100,demo,8,0,41,351,245,36,6,254,5,30,0,1,0.71,0,1,158,0,1.81
23,Kai,ai,14,Sat,1,101,demo,8,0,42,350,250,26,4,156,7,36,0,1,0.79,1,3,158,0,1.81
23,Kai,ai,14,Sat,1,102,demo,8,0,51,354,245,18,1,29,7,24,0,1,0.45,0,2,157,0,1.81
23,Kai,ai,14,Sat,1,103,price,8,0,46,358,254,15,3,107,7,28,0,0,0.13,1,1,160,0,1.81
23,Kai,ai,14,Sat,1,104,cta,8,0,41,354,246,18,2,78,7,24,0,0,0.02,0,3,160,0,1.81
23,Kai,ai,14,Sat,1,105,fomo,8,0,49,365,263,20,0,0,6,23,0,0,0.12,0,2,156,1,1.81
23,Kai,ai,14,Sat,1,106,fomo,8,0,48,371,283,24,3,107,7,31,0,1,0.09,0,3,160,2,1.81
23,Kai,ai,14,Sat,1,107,filler,8,0,54,351,260,8,0,0,2,28,0,0,0.02,0,2,155,0,1.81
23,Kai,ai,14,Sat,1,108,hook,9,0,49,347,250,10,1,29,6,40,0,0,0.05,0,2,160,0,1.81
23,Kai,ai,14,Sat,1,109,build,9,0,65,374,275,25,1,29,1,43,0,1,0.28,1,1,156,0,1.81
23,Kai,ai,14,Sat,1,110,build,9,0,50,361,248,19,0,0,5,37,0,1,0.4,0,3,157,0,1.81
23,Kai,ai,14,Sat,1,111,build,9,0,52,357,276,16,2,78,4,39,0,0,0.24,0,3,157,0,1.81
23,Kai,ai,14,Sat,1,112,demo,9,0,41,358,263,28,2,78,5,28,0,1,0.67,0,2,155,0,1.81
23,Kai,ai,14,Sat,1,113,demo,9,0,49,368,264,26,4,136,6,39,0,1,0.51,0,1,158,0,1.81
23,Kai,ai,14,Sat,1,114,demo,9,0,51,372,259,20,3,87,10,39,0,1,0.6,1,2,160,0,1.81
23,Kai,ai,14,Sat,1,115,price,9,0,48,368,274,22,0,0,6,31,0,1,0.12,0,2,159,0,1.81
23,Kai,ai,14,Sat,1,116,cta,9,0,40,346,266,16,2,78,4,38,0,0,0.07,0,2,161,0,1.81
23,Kai,ai,14,Sat,1,117,fomo,9,0,46,357,252,28,1,29,7,26,0,0,0.05,1,2,159,1,1.81
23,Kai,ai,14,Sat,1,118,fomo,9,0,49,363,252,8,0,0,3,31,0,0,0.1,0,2,158,2,1.81
23,Kai,ai,14,Sat,1,119,fomo,9,0,54,380,276,22,2,78,3,40,0,0,0.04,1,1,160,3,1.81
23,Kai,ai,14,Sat,1,120,filler,9,0,48,351,246,10,1,49,3,32,0,0,0.11,0,3,159,0,1.81
24,Ren,human,20,Tue,1,1,hook,1,1,85,85,67,3,0,0,2,26,0,0,0.03,0,5,123,0,1
24,Ren,human,20,Tue,1,2,hook,1,1,75,152,106,4,0,0,4,31,0,0,0.1,1,4,127,0,1
24,Ren,human,20,Tue,1,3,hook,1,1,65,195,138,5,0,0,9,56,0,1,0.02,1,6,152,0,1
24,Ren,human,20,Tue,1,4,hook,1,1,73,252,187,10,0,0,6,60,0,1,0.14,0,4,187,0,1
24,Ren,human,20,Tue,1,5,hook,1,1,73,299,208,6,1,29,6,78,0,1,0,0,3,153,0,1
24,Ren,human,20,Tue,1,6,hook,1,1,81,343,246,15,0,0,13,79,0,0,0.03,0,7,141,0,1
24,Ren,human,20,Tue,1,7,demo,1,0,76,392,280,32,3,107,9,32,0,1,0.71,0,7,156,0,1
24,Ren,human,20,Tue,1,8,price,1,0,41,397,284,37,5,165,6,26,0,1,0.05,1,4,175,0,1
24,Ren,human,20,Tue,1,9,cta,1,0,57,406,286,30,6,194,4,39,0,1,0,1,5,141,0,1
24,Ren,human,20,Tue,1,10,fomo,1,0,44,418,299,15,3,127,11,37,0,0,0.13,0,6,157,1,1
24,Ren,human,20,Tue,1,11,fomo,1,0,97,477,336,22,4,116,10,54,0,0,0.04,0,5,190,2,1.91
24,Ren,human,20,Tue,1,12,fomo,1,0,106,534,362,23,1,29,5,43,0,0,0.12,0,4,138,3,1.91
24,Ren,human,20,Tue,1,13,fomo,1,0,107,600,430,21,3,87,15,45,0,0,0.11,0,5,138,4,1.91
24,Ren,human,20,Tue,1,14,fomo,1,0,116,671,493,32,1,49,10,72,0,0,0.08,0,5,188,5,1.91
24,Ren,human,20,Tue,1,15,fomo,1,0,124,736,541,38,6,194,11,59,0,0,0.12,0,4,140,6,1.91
24,Ren,human,20,Tue,1,16,qna,1,0,104,785,548,27,1,29,21,92,6,0,0.07,0,5,134,0,1.91
24,Ren,human,20,Tue,1,17,hook,2,0,107,812,569,25,4,116,15,92,0,0,0.02,0,6,124,0,1.91
24,Ren,human,20,Tue,1,18,build,2,0,97,824,591,26,1,29,11,61,0,0,0.3,0,3,173,0,1.91
24,Ren,human,20,Tue,1,19,build,2,0,114,860,635,59,7,223,12,77,0,1,0.3,0,4,162,0,1.91
24,Ren,human,20,Tue,1,20,build,2,0,129,912,663,46,5,145,14,98,0,1,0.33,0,6,176,0,1.91
24,Ren,human,20,Tue,1,21,demo,2,0,89,941,647,65,7,243,17,80,0,1,0.71,0,5,162,0,1.91
24,Ren,human,20,Tue,1,22,demo,2,0,93,946,669,63,8,252,14,83,0,1,0.58,0,5,146,0,1.91
24,Ren,human,20,Tue,1,23,price,2,0,112,960,683,38,2,58,16,99,0,0,0.08,0,5,142,0,1.91
24,Ren,human,20,Tue,1,24,cta,2,0,106,958,682,59,8,272,18,85,0,1,0.13,0,7,185,0,1.91
24,Ren,human,20,Tue,1,25,fomo,2,0,122,995,724,53,5,145,26,80,0,1,0.09,0,3,153,1,1.91
24,Ren,human,20,Tue,1,26,fomo,2,0,114,1024,725,55,6,214,14,95,0,0,0.09,0,6,174,2,1.91
24,Ren,human,20,Tue,1,27,fomo,2,0,90,1030,757,51,2,58,22,99,0,1,0.13,0,5,123,3,1.91
24,Ren,human,20,Tue,1,28,fomo,2,0,99,1040,722,51,8,272,18,79,0,1,0.02,0,7,169,4,1.91
24,Ren,human,20,Tue,1,29,fomo,2,0,104,1057,772,55,4,136,19,96,0,0,0.06,0,3,180,5,1.91
24,Ren,human,20,Tue,1,30,fomo,2,0,89,1056,760,62,9,281,22,91,0,1,0.01,0,5,151,6,1.91
24,Ren,human,20,Tue,1,31,qna,2,0,107,1070,773,34,3,87,51,136,6,0,0.14,0,6,152,0,1.91
24,Ren,human,20,Tue,1,32,qna,2,0,88,1095,817,37,7,223,47,114,6,0,0.12,0,3,167,0,1.91
24,Ren,human,20,Tue,1,33,filler,2,0,107,1036,728,18,0,0,7,93,0,0,0.02,0,3,138,0,1.91
24,Ren,human,20,Tue,1,34,hook,3,0,90,1020,717,32,2,78,16,96,0,0,0.15,0,3,133,0,1.91
24,Ren,human,20,Tue,1,35,build,3,0,98,1006,745,45,2,78,19,92,0,1,0.18,0,4,144,0,1.91
24,Ren,human,20,Tue,1,36,build,3,0,95,992,693,40,3,87,18,97,0,1,0.33,0,4,190,0,1.91
24,Ren,human,20,Tue,1,37,demo,3,0,101,1002,732,70,11,359,20,100,0,1,0.61,0,5,147,0,1.91
24,Ren,human,20,Tue,1,38,demo,3,0,104,1021,725,78,7,243,10,69,0,1,0.68,0,2,152,0,1.91
24,Ren,human,20,Tue,1,39,demo,3,0,109,1025,749,73,9,301,21,82,0,1,0.82,0,7,138,0,1.91
24,Ren,human,20,Tue,1,40,price,3,0,102,1033,746,51,4,136,22,103,0,0,0.01,1,5,134,0,1.91
24,Ren,human,20,Tue,1,41,cta,3,0,95,1020,745,74,11,359,21,93,0,1,0.13,1,4,187,0,1.91
24,Ren,human,20,Tue,1,42,fomo,3,0,116,1043,744,51,9,321,18,103,0,0,0.09,1,7,168,1,1.91
24,Ren,human,20,Tue,1,43,fomo,3,0,102,1066,784,45,12,408,23,89,0,0,0.1,0,5,168,2,1.91
24,Ren,human,20,Tue,1,44,fomo,3,0,98,1060,784,45,4,136,21,91,0,0,0.09,0,7,176,3,1.91
24,Ren,human,20,Tue,1,45,fomo,3,0,118,1106,780,39,5,165,27,109,0,0,0.01,0,2,146,4,1.91
24,Ren,human,20,Tue,1,46,fomo,3,0,106,1134,813,41,5,165,21,98,0,0,0,0,5,155,5,1.91
24,Ren,human,20,Tue,1,47,fomo,3,0,102,1144,838,46,3,87,25,92,0,0,0.05,0,5,174,6,1.91
24,Ren,human,20,Tue,1,48,qna,3,0,99,1164,846,31,5,145,38,147,6,0,0.09,0,5,140,0,1.91
24,Ren,human,20,Tue,1,49,qna,3,0,87,1175,836,41,6,174,43,133,6,0,0.07,0,6,139,0,1.91
24,Ren,human,20,Tue,1,50,hook,4,0,93,1132,843,35,3,87,24,89,0,0,0.09,0,6,170,0,1.91
24,Ren,human,20,Tue,1,51,build,4,0,105,1098,799,55,4,156,22,107,0,1,0.36,0,6,161,0,1.91
24,Ren,human,20,Tue,1,52,build,4,0,77,1055,735,48,5,165,19,94,0,1,0.19,0,4,168,0,1.91
24,Ren,human,20,Tue,1,53,build,4,0,85,1000,730,42,3,127,17,78,0,1,0.24,0,6,138,0,1.91
24,Ren,human,20,Tue,1,54,build,4,0,91,989,699,50,4,116,22,92,0,1,0.27,0,4,164,0,1.91
24,Ren,human,20,Tue,1,55,demo,4,0,104,1002,721,60,3,127,17,85,0,1,0.83,0,2,135,0,1.91
24,Ren,human,20,Tue,1,56,demo,4,0,97,1012,743,59,5,145,23,103,0,1,0.49,0,3,136,0,1.91
24,Ren,human,20,Tue,1,57,demo,4,0,90,1021,717,66,7,243,12,76,0,1,0.82,0,6,185,0,1.91
24,Ren,human,20,Tue,1,58,price,4,0,82,988,709,66,6,194,16,89,0,1,0.02,1,4,141,0,1.91
24,Ren,human,20,Tue,1,59,cta,4,0,94,967,717,67,8,252,10,94,0,1,0.05,0,2,125,0,1.91
24,Ren,human,20,Tue,1,60,fomo,4,0,98,992,704,42,6,174,17,85,0,0,0.11,0,4,149,1,1.91
24,Ren,human,20,Tue,1,61,fomo,4,0,128,1031,751,60,8,252,18,86,0,0,0.02,0,7,175,2,1.91
24,Ren,human,20,Tue,1,62,fomo,4,0,95,1041,750,52,3,107,11,75,0,0,0.06,0,6,134,3,1.91
24,Ren,human,20,Tue,1,63,fomo,4,0,89,1046,750,48,1,29,25,117,0,0,0.07,0,5,141,4,1.91
24,Ren,human,20,Tue,1,64,fomo,4,0,88,1056,784,46,6,194,22,91,0,0,0.08,0,4,178,5,1.91
24,Ren,human,20,Tue,1,65,fomo,4,0,94,1061,796,62,5,165,20,103,0,1,0.1,0,5,171,6,1.91
24,Ren,human,20,Tue,1,66,qna,4,0,86,1073,784,39,0,0,35,104,6,0,0.04,0,3,165,0,1.91
24,Ren,human,20,Tue,1,67,hook,5,0,90,1056,753,26,2,78,14,92,0,0,0.08,0,4,155,0,1.91
24,Ren,human,20,Tue,1,68,build,5,0,94,1025,738,45,4,116,23,110,0,0,0.38,0,5,128,0,1.91
24,Ren,human,20,Tue,1,69,build,5,0,111,1031,736,49,5,145,22,77,0,1,0.25,0,5,145,0,1.91
24,Ren,human,20,Tue,1,70,build,5,0,100,1029,735,44,3,127,24,113,0,1,0.21,0,2,132,0,1.91
24,Ren,human,20,Tue,1,71,demo,5,0,93,1037,746,60,4,116,23,91,0,0,0.65,0,4,133,0,1.91
24,Ren,human,20,Tue,1,72,demo,5,0,80,1026,760,81,9,281,18,93,0,1,0.5,0,5,162,0,1.91
24,Ren,human,20,Tue,1,73,demo,5,0,82,1028,736,73,13,457,22,77,0,1,0.6,0,2,137,0,1.91
24,Ren,human,20,Tue,1,74,price,5,0,85,1018,762,66,14,486,21,90,0,0,0.15,1,5,123,0,1.91
24,Ren,human,20,Tue,1,75,cta,5,0,101,1030,748,72,16,544,20,94,0,0,0.14,1,2,184,0,1.91
24,Ren,human,20,Tue,1,76,fomo,5,0,103,1051,785,52,9,321,20,85,0,0,0.1,0,4,173,1,1.91
24,Ren,human,20,Tue,1,77,fomo,5,0,97,1071,751,43,10,330,22,103,0,0,0,1,6,126,2,1.91
24,Ren,human,20,Tue,1,78,fomo,5,0,75,1054,765,47,2,78,40,95,0,0,0.08,0,2,134,3,1.91
24,Ren,human,20,Tue,1,79,fomo,5,0,81,1040,714,41,0,0,20,90,0,0,0.05,0,6,169,4,1.91
24,Ren,human,20,Tue,1,80,fomo,5,0,72,1013,709,50,4,156,18,93,0,0,0.07,1,4,157,5,1.91
24,Ren,human,20,Tue,1,81,fomo,5,0,73,1004,723,51,4,136,17,90,0,0,0.01,0,3,146,6,1.91
24,Ren,human,20,Tue,1,82,qna,5,0,98,1027,747,27,3,87,43,119,6,0,0.13,0,5,154,0,1.91
24,Ren,human,20,Tue,1,83,qna,5,0,87,1049,764,41,2,58,39,126,6,1,0.11,0,2,174,0,1.91
24,Ren,human,20,Tue,1,84,hook,6,0,108,1050,765,25,1,29,28,92,0,0,0.15,0,6,175,0,1.91
24,Ren,human,20,Tue,1,85,hook,6,0,75,1039,735,34,6,194,19,91,0,0,0.15,0,2,151,0,1.91
24,Ren,human,20,Tue,1,86,build,6,0,97,1012,728,54,6,214,15,91,0,1,0.33,1,6,184,0,1.91
24,Ren,human,20,Tue,1,87,build,6,0,104,1004,737,43,4,136,18,92,0,0,0.31,0,3,152,0,1.91
24,Ren,human,20,Tue,1,88,build,6,0,99,990,721,44,5,145,19,71,0,1,0.2,0,5,171,0,1.91
24,Ren,human,20,Tue,1,89,demo,6,0,109,1005,742,57,5,185,13,98,0,1,0.67,0,4,124,0,1.91
24,Ren,human,20,Tue,1,90,demo,6,0,75,977,713,75,4,116,12,85,0,1,0.61,0,5,155,0,1.91
24,Ren,human,20,Tue,1,91,demo,6,0,95,991,715,72,9,261,10,95,0,1,0.58,0,3,179,0,1.91
24,Ren,human,20,Tue,1,92,price,6,0,78,968,673,52,6,214,21,100,0,1,0.06,0,6,160,0,1.91
24,Ren,human,20,Tue,1,93,cta,6,0,94,956,678,56,9,261,14,76,0,0,0.01,1,6,177,0,1.91
24,Ren,human,20,Tue,1,94,fomo,6,0,101,986,704,41,3,87,18,90,0,0,0.07,0,3,172,1,1.91
24,Ren,human,20,Tue,1,95,fomo,6,0,99,1013,750,39,8,252,13,102,0,0,0.1,0,4,133,2,1.91
24,Ren,human,20,Tue,1,96,fomo,6,0,79,1014,720,49,3,107,20,81,0,0,0.06,0,6,161,3,1.91
24,Ren,human,20,Tue,1,97,fomo,6,0,98,1031,759,39,0,0,20,78,0,0,0.11,0,5,173,4,1.91
24,Ren,human,20,Tue,1,98,fomo,6,0,90,1039,740,43,2,78,14,95,0,0,0.14,0,7,137,5,1.91
24,Ren,human,20,Tue,1,99,fomo,6,0,96,1047,764,52,4,136,20,94,0,1,0.01,0,3,125,6,1.91
24,Ren,human,20,Tue,1,100,qna,6,0,85,1051,759,34,4,136,36,126,6,0,0.13,0,3,150,0,1.91
24,Ren,human,20,Tue,1,101,qna,6,0,88,1071,774,34,4,136,49,121,6,0,0.12,0,6,125,0,1.91
24,Ren,human,20,Tue,1,102,hook,7,0,89,1068,764,28,3,107,15,109,0,0,0.07,0,4,130,0,1.91
24,Ren,human,20,Tue,1,103,hook,7,0,85,1037,741,29,2,78,13,88,0,0,0.02,0,4,187,0,1.91
24,Ren,human,20,Tue,1,104,build,7,0,96,1028,766,43,3,107,17,87,0,1,0.28,0,4,124,0,1.91
24,Ren,human,20,Tue,1,105,build,7,0,90,997,732,36,5,205,11,95,0,0,0.28,0,6,137,0,1.91
24,Ren,human,20,Tue,1,106,demo,7,0,90,1008,748,79,9,301,17,85,0,1,0.55,0,7,135,0,1.91
24,Ren,human,20,Tue,1,107,demo,7,0,83,991,716,93,6,194,9,84,0,1,0.82,1,4,179,0,1.91
24,Ren,human,20,Tue,1,108,price,7,0,85,990,707,48,6,214,20,91,0,0,0.06,1,4,143,0,1.91
24,Ren,human,20,Tue,1,109,cta,7,0,90,958,690,93,16,524,17,95,0,1,0.15,1,6,140,0,1.91
24,Ren,human,20,Tue,1,110,fomo,7,0,85,953,684,32,4,136,10,94,0,0,0.11,0,7,143,1,1.91
24,Ren,human,20,Tue,1,111,fomo,7,0,75,960,705,48,5,165,26,67,0,0,0.06,0,5,181,2,1.91
24,Ren,human,20,Tue,1,112,fomo,7,0,93,969,700,36,2,98,19,105,0,0,0.13,0,7,176,3,1.91
24,Ren,human,20,Tue,1,113,fomo,7,0,92,985,694,39,5,145,28,100,0,0,0.07,0,7,183,4,1.91
24,Ren,human,20,Tue,1,114,qna,7,0,76,979,717,24,1,29,31,104,6,0,0.09,0,3,158,0,1.91
24,Ren,human,20,Tue,1,115,dead,7,0,103,907,649,10,0,0,7,68,0,0,0.12,0,4,20,0,1.91
24,Ren,human,20,Tue,1,116,hook,8,0,89,900,631,23,1,29,15,79,0,0,0.06,0,7,152,0,1.91
24,Ren,human,20,Tue,1,117,hook,8,0,94,899,657,25,2,58,16,88,0,0,0.14,0,5,148,0,1.91
24,Ren,human,20,Tue,1,118,build,8,0,86,890,632,33,4,116,14,79,0,1,0.18,0,6,186,0,1.91
24,Ren,human,20,Tue,1,119,build,8,0,98,882,652,21,1,29,10,85,0,0,0.18,0,5,121,0,1.91
24,Ren,human,20,Tue,1,120,build,8,0,76,858,611,32,2,58,15,82,0,1,0.23,0,2,170,0,1.91
25,Nova,ai,13,Thu,1,1,hook,1,1,22,22,17,0,0,0,2,7,0,0,0.01,0,2,160,0,1
25,Nova,ai,13,Thu,1,2,hook,1,1,31,51,37,2,0,0,2,17,0,0,0.07,0,3,158,0,1
25,Nova,ai,13,Thu,1,3,hook,1,1,43,83,57,3,0,0,3,20,0,0,0.14,0,3,159,0,1
25,Nova,ai,13,Thu,1,4,hook,1,1,40,118,87,5,0,0,7,28,0,0,0.04,0,1,159,0,1
25,Nova,ai,13,Thu,1,5,hook,1,1,41,149,106,1,0,0,6,35,0,0,0.11,1,2,155,0,1
25,Nova,ai,13,Thu,1,6,hook,1,1,46,176,134,10,0,0,7,37,0,0,0.03,0,3,157,0,1
25,Nova,ai,13,Thu,1,7,cta,1,0,19,173,133,9,0,0,5,13,0,0,0.07,1,2,159,0,1
25,Nova,ai,13,Thu,1,8,fomo,1,0,32,186,133,13,2,98,3,12,0,0,0.12,0,2,155,1,1
25,Nova,ai,13,Thu,1,9,fomo,1,0,29,198,137,12,2,78,4,17,0,0,0.02,0,1,157,2,1
25,Nova,ai,13,Thu,1,10,fomo,1,0,25,209,139,6,0,0,7,13,0,1,0.11,0,3,157,3,1
25,Nova,ai,13,Thu,1,11,filler,1,0,59,223,165,1,0,0,3,21,0,0,0.02,0,2,158,0,1.82
25,Nova,ai,13,Thu,1,12,filler,1,0,59,240,177,6,0,0,4,19,0,0,0.05,0,2,155,0,1.82
25,Nova,ai,13,Thu,1,13,hook,2,0,59,273,198,6,1,29,1,25,0,0,0.1,0,2,156,0,1.82
25,Nova,ai,13,Thu,1,14,build,2,0,57,296,198,7,1,29,2,24,0,1,0.21,0,2,158,0,1.82
25,Nova,ai,13,Thu,1,15,build,2,0,54,308,224,11,1,29,3,28,0,1,0.16,0,1,160,0,1.82
25,Nova,ai,13,Thu,1,16,build,2,0,44,316,230,15,0,0,8,35,0,1,0.31,0,2,157,0,1.82
25,Nova,ai,13,Thu,1,17,demo,2,0,62,346,246,26,3,107,7,46,0,1,0.54,0,2,155,0,1.82
25,Nova,ai,13,Thu,1,18,demo,2,0,38,351,236,23,1,49,5,33,0,1,0.48,0,2,156,0,1.82
25,Nova,ai,13,Thu,1,19,demo,2,0,45,362,261,28,0,0,4,33,0,1,0.67,0,2,159,0,1.82
25,Nova,ai,13,Thu,1,20,price,2,0,45,365,258,17,3,87,6,25,0,1,0.06,1,2,159,0,1.82
25,Nova,ai,13,Thu,1,21,cta,2,0,45,368,260,20,1,29,9,34,0,0,0.08,1,2,158,0,1.82
25,Nova,ai,13,Thu,1,22,cta,2,0,47,370,247,23,2,78,5,33,0,1,0.01,1,2,159,0,1.82
25,Nova,ai,13,Thu,1,23,fomo,2,0,41,374,273,16,0,0,2,39,0,0,0.04,0,2,159,1,1.82
25,Nova,ai,13,Thu,1,24,fomo,2,0,39,383,281,17,1,29,4,32,0,0,0.13,0,1,158,2,1.82
25,Nova,ai,13,Thu,1,25,filler,2,0,51,369,278,3,0,0,1,30,0,0,0.07,0,3,155,0,1.82
25,Nova,ai,13,Thu,1,26,hook,3,0,42,371,278,11,1,49,1,29,0,0,0.01,0,2,157,0,1.82
25,Nova,ai,13,Thu,1,27,hook,3,0,48,384,291,8,0,0,3,35,0,0,0.15,0,1,158,0,1.82
25,Nova,ai,13,Thu,1,28,build,3,0,45,386,265,10,0,0,7,30,0,0,0.23,0,3,160,0,1.82
25,Nova,ai,13,Thu,1,29,build,3,0,40,385,275,24,3,127,5,43,0,1,0.25,1,2,157,0,1.82
25,Nova,ai,13,Thu,1,30,build,3,0,41,357,258,15,0,0,5,32,0,0,0.27,0,1,155,0,1.82
25,Nova,ai,13,Thu,1,31,demo,3,0,47,376,269,13,1,29,7,34,0,1,0.64,0,2,158,0,1.82
25,Nova,ai,13,Thu,1,32,demo,3,0,53,392,285,25,2,78,4,30,0,0,0.65,0,3,161,0,1.82
25,Nova,ai,13,Thu,1,33,demo,3,0,26,364,280,30,5,185,6,31,0,1,0.69,0,2,157,0,1.82
25,Nova,ai,13,Thu,1,34,demo,3,0,39,372,265,29,1,49,8,40,0,1,0.57,0,2,155,0,1.82
25,Nova,ai,13,Thu,1,35,price,3,0,42,371,253,5,0,0,7,33,0,0,0,1,2,156,0,1.82
25,Nova,ai,13,Thu,1,36,cta,3,0,47,366,254,26,4,156,4,36,0,1,0.15,1,2,159,0,1.82
25,Nova,ai,13,Thu,1,37,cta,3,0,56,365,263,15,1,29,10,29,0,1,0.13,0,2,158,0,1.82
25,Nova,ai,13,Thu,1,38,fomo,3,0,43,366,260,18,3,107,9,40,0,0,0.02,0,1,157,1,1.82
25,Nova,ai,13,Thu,1,39,fomo,3,0,37,367,279,18,2,98,17,37,0,0,0.1,0,3,158,2,1.82
25,Nova,ai,13,Thu,1,40,filler,3,0,36,339,237,5,1,29,6,32,0,0,0.08,1,2,159,0,1.82
25,Nova,ai,13,Thu,1,41,hook,4,0,48,345,245,7,1,29,9,32,0,0,0.11,0,2,158,0,1.82
25,Nova,ai,13,Thu,1,42,hook,4,0,37,345,246,5,0,0,9,25,0,0,0.01,0,1,161,0,1.82
25,Nova,ai,13,Thu,1,43,build,4,0,51,353,266,12,0,0,5,20,0,0,0.26,0,2,161,0,1.82
25,Nova,ai,13,Thu,1,44,build,4,0,39,346,254,10,3,107,10,30,0,1,0.37,0,2,161,0,1.82
25,Nova,ai,13,Thu,1,45,demo,4,0,47,354,261,23,2,78,5,33,0,1,0.59,0,2,157,0,1.82
25,Nova,ai,13,Thu,1,46,demo,4,0,42,355,246,23,4,136,5,27,0,0,0.8,0,2,158,0,1.82
25,Nova,ai,13,Thu,1,47,demo,4,0,37,371,273,24,3,127,4,34,0,1,0.81,0,2,159,0,1.82
25,Nova,ai,13,Thu,1,48,demo,4,0,44,376,270,20,2,58,7,23,0,1,0.55,0,3,158,0,1.82
25,Nova,ai,13,Thu,1,49,price,4,0,33,356,252,15,1,49,1,26,0,0,0.14,1,1,157,0,1.82
25,Nova,ai,13,Thu,1,50,cta,4,0,43,350,259,33,10,350,7,30,0,1,0.02,1,2,156,0,1.82
25,Nova,ai,13,Thu,1,51,fomo,4,0,37,344,239,20,1,29,8,30,0,0,0.12,0,2,156,1,1.82
25,Nova,ai,13,Thu,1,52,fomo,4,0,42,350,251,13,0,0,6,34,0,1,0.07,0,3,160,2,1.82
25,Nova,ai,13,Thu,1,53,filler,4,0,44,348,244,6,0,0,5,23,0,0,0.1,0,2,157,0,1.82
25,Nova,ai,13,Thu,1,54,hook,5,0,38,341,249,11,0,0,3,32,0,0,0.1,0,2,157,0,1.82
25,Nova,ai,13,Thu,1,55,hook,5,0,44,343,265,12,0,0,7,28,0,0,0.1,0,2,156,0,1.82
25,Nova,ai,13,Thu,1,56,build,5,0,42,344,259,11,0,0,13,33,0,0,0.28,0,2,157,0,1.82
25,Nova,ai,13,Thu,1,57,build,5,0,34,330,236,15,1,29,2,30,0,1,0.28,0,3,157,0,1.82
25,Nova,ai,13,Thu,1,58,build,5,0,46,326,236,11,2,58,8,21,0,0,0.32,0,1,159,0,1.82
25,Nova,ai,13,Thu,1,59,build,5,0,47,327,228,20,4,116,7,25,0,0,0.17,0,2,158,0,1.82
25,Nova,ai,13,Thu,1,60,demo,5,0,46,339,243,25,0,0,8,29,0,1,0.71,0,2,159,0,1.82
25,Nova,ai,13,Thu,1,61,demo,5,0,44,343,244,24,4,116,10,29,0,1,0.66,0,2,156,0,1.82
25,Nova,ai,13,Thu,1,62,demo,5,0,47,350,248,18,4,116,6,38,0,1,0.68,0,2,157,0,1.82
25,Nova,ai,13,Thu,1,63,demo,5,0,43,350,262,19,0,0,5,34,0,1,0.46,0,2,156,0,1.82
25,Nova,ai,13,Thu,1,64,price,5,0,39,353,242,12,2,58,6,35,0,0,0.05,1,3,158,0,1.82
25,Nova,ai,13,Thu,1,65,cta,5,0,37,328,225,20,5,165,5,41,0,1,0.04,1,2,156,0,1.82
25,Nova,ai,13,Thu,1,66,fomo,5,0,40,336,249,15,4,136,8,33,0,0,0.03,0,3,158,1,1.82
25,Nova,ai,13,Thu,1,67,filler,5,0,49,316,228,8,0,0,2,26,0,1,0.14,0,1,157,0,1.82
25,Nova,ai,13,Thu,1,68,hook,6,0,45,324,248,8,0,0,5,31,0,0,0.04,0,2,160,0,1.82
25,Nova,ai,13,Thu,1,69,hook,6,0,44,334,216,9,1,29,5,28,0,1,0.09,0,2,155,0,1.82
25,Nova,ai,13,Thu,1,70,build,6,0,36,312,225,12,1,29,3,19,0,0,0.37,0,2,158,0,1.82
25,Nova,ai,13,Thu,1,71,build,6,0,36,300,219,12,0,0,1,30,0,1,0.39,1,2,157,0,1.82
25,Nova,ai,13,Thu,1,72,demo,6,0,45,302,223,22,4,136,5,29,0,1,0.5,0,1,156,0,1.82
25,Nova,ai,13,Thu,1,73,demo,6,0,41,316,239,27,2,78,5,25,0,1,0.5,0,2,158,0,1.82
25,Nova,ai,13,Thu,1,74,price,6,0,33,304,224,19,3,107,4,25,0,0,0.12,1,2,157,0,1.82
25,Nova,ai,13,Thu,1,75,cta,6,0,49,310,217,27,6,174,1,31,0,1,0.15,1,2,159,0,1.82
25,Nova,ai,13,Thu,1,76,cta,6,0,54,329,232,24,4,116,7,33,0,0,0.06,1,2,158,0,1.82
25,Nova,ai,13,Thu,1,77,fomo,6,0,38,326,230,9,1,29,4,31,0,0,0.12,0,1,160,1,1.82
25,Nova,ai,13,Thu,1,78,fomo,6,0,43,326,234,10,1,29,7,21,0,0,0.11,0,2,160,2,1.82
25,Nova,ai,13,Thu,1,79,fomo,6,0,43,335,244,17,4,116,8,32,0,0,0.14,0,2,160,3,1.82
25,Nova,ai,13,Thu,1,80,filler,6,0,45,311,224,7,0,0,2,38,0,0,0.07,1,3,156,0,1.82
25,Nova,ai,13,Thu,1,81,filler,6,0,43,296,203,5,0,0,1,32,0,1,0.08,0,2,159,0,1.82
25,Nova,ai,13,Thu,1,82,hook,7,0,33,293,216,8,0,0,5,23,0,1,0,0,1,161,0,1.82
25,Nova,ai,13,Thu,1,83,hook,7,0,41,299,230,11,2,58,3,25,0,1,0.11,0,1,156,0,1.82
25,Nova,ai,13,Thu,1,84,build,7,0,38,294,221,8,0,0,1,27,0,0,0.16,0,1,156,0,1.82
25,Nova,ai,13,Thu,1,85,build,7,0,38,293,221,12,0,0,6,31,0,0,0.37,0,1,158,0,1.82
25,Nova,ai,13,Thu,1,86,build,7,0,41,299,212,8,0,0,3,19,0,1,0.16,0,3,156,0,1.82
25,Nova,ai,13,Thu,1,87,demo,7,0,37,294,212,25,2,78,4,20,0,1,0.65,0,2,155,0,1.82
25,Nova,ai,13,Thu,1,88,demo,7,0,43,294,198,17,1,29,3,26,0,1,0.69,0,1,156,0,1.82
25,Nova,ai,13,Thu,1,89,demo,7,0,37,302,220,24,2,58,3,23,0,1,0.71,0,1,158,0,1.82
25,Nova,ai,13,Thu,1,90,demo,7,0,44,313,224,20,5,145,7,35,0,1,0.8,0,2,157,0,1.82
25,Nova,ai,13,Thu,1,91,price,7,0,27,304,202,15,3,87,3,27,0,0,0.14,1,1,158,0,1.82
25,Nova,ai,13,Thu,1,92,cta,7,0,36,303,215,15,3,107,4,32,0,1,0.01,1,3,157,0,1.82
25,Nova,ai,13,Thu,1,93,cta,7,0,49,311,221,18,2,58,3,22,0,1,0.09,1,3,160,0,1.82
25,Nova,ai,13,Thu,1,94,fomo,7,0,45,312,233,12,0,0,5,26,0,0,0.06,0,2,156,1,1.82
25,Nova,ai,13,Thu,1,95,fomo,7,0,44,316,240,14,1,29,4,30,0,0,0.1,1,2,156,2,1.82
25,Nova,ai,13,Thu,1,96,filler,7,0,48,284,208,8,0,0,3,32,0,0,0.11,0,2,161,0,1.82
25,Nova,ai,13,Thu,1,97,hook,8,0,31,278,208,6,1,29,4,24,0,0,0.08,0,3,157,0,1.82
25,Nova,ai,13,Thu,1,98,hook,8,0,32,263,191,12,1,29,2,30,0,1,0.04,0,2,159,0,1.82
25,Nova,ai,13,Thu,1,99,build,8,0,35,247,175,14,1,29,4,31,0,1,0.37,0,2,156,0,1.82
25,Nova,ai,13,Thu,1,100,build,8,0,45,253,183,8,0,0,5,20,0,0,0.4,0,2,160,0,1.82
25,Nova,ai,13,Thu,1,101,build,8,0,45,265,192,11,0,0,4,27,0,0,0.19,0,2,157,0,1.82
25,Nova,ai,13,Thu,1,102,demo,8,0,32,269,193,25,4,116,5,25,0,1,0.63,1,3,157,0,1.82
25,Nova,ai,13,Thu,1,103,demo,8,0,35,264,198,24,3,107,6,29,0,1,0.75,0,1,157,0,1.82
25,Nova,ai,13,Thu,1,104,demo,8,0,44,275,190,16,3,107,8,21,0,1,0.66,0,3,159,0,1.82
25,Nova,ai,13,Thu,1,105,demo,8,0,48,302,232,17,1,29,5,24,0,1,0.8,0,1,161,0,1.82
25,Nova,ai,13,Thu,1,106,price,8,0,39,304,217,16,2,78,9,24,0,0,0.01,0,1,158,0,1.82
25,Nova,ai,13,Thu,1,107,cta,8,0,36,300,218,21,2,58,4,24,0,0,0,1,1,160,0,1.82
25,Nova,ai,13,Thu,1,108,fomo,8,0,40,315,233,19,3,107,4,27,0,0,0.07,0,2,156,1,1.82
25,Nova,ai,13,Thu,1,109,fomo,8,0,30,305,228,15,4,136,11,16,0,0,0.07,0,3,156,2,1.82
25,Nova,ai,13,Thu,1,110,filler,8,0,31,269,182,5,0,0,4,27,0,0,0.11,0,2,155,0,1.82
25,Nova,ai,13,Thu,1,111,filler,8,0,34,251,184,9,0,0,1,20,0,1,0.02,0,1,160,0,1.82
25,Nova,ai,13,Thu,1,112,hook,9,0,35,253,177,10,0,0,3,28,0,0,0.13,0,3,158,0,1.82
25,Nova,ai,13,Thu,1,113,build,9,0,30,249,189,8,3,107,2,26,0,1,0.35,0,3,160,0,1.82
25,Nova,ai,13,Thu,1,114,build,9,0,42,252,183,11,1,29,5,20,0,0,0.21,0,1,158,0,1.82
25,Nova,ai,13,Thu,1,115,build,9,0,46,249,177,11,2,58,3,32,0,0,0.38,0,2,157,0,1.82
25,Nova,ai,13,Thu,1,116,demo,9,0,34,253,181,13,0,0,9,23,0,1,0.53,0,1,159,0,1.82
25,Nova,ai,13,Thu,1,117,demo,9,0,35,270,197,16,4,116,4,20,0,0,0.55,0,3,156,0,1.82
25,Nova,ai,13,Thu,1,118,demo,9,0,33,272,199,15,1,29,9,19,0,1,0.8,1,1,157,0,1.82
25,Nova,ai,13,Thu,1,119,price,9,0,42,273,196,15,2,58,2,21,0,0,0.03,1,2,158,0,1.82
25,Nova,ai,13,Thu,1,120,cta,9,0,41,268,200,19,2,78,3,23,0,1,0.1,1,2,157,0,1.82
26,Ren,human,19,Fri,1,1,hook,1,1,106,106,79,2,0,0,8,23,0,0,0.03,0,5,144,0,1
26,Ren,human,19,Fri,1,2,hook,1,1,96,194,127,5,0,0,13,39,0,0,0.12,0,2,144,0,1
26,Ren,human,19,Fri,1,3,hook,1,1,106,277,210,5,0,0,12,56,0,0,0.1,0,4,130,0,1
26,Ren,human,19,Fri,1,4,hook,1,1,109,359,268,12,1,49,19,78,0,0,0.04,1,5,152,0,1
26,Ren,human,19,Fri,1,5,hook,1,1,97,423,320,14,2,58,17,96,0,0,0.11,1,7,169,0,1
26,Ren,human,19,Fri,1,6,hook,1,1,114,489,355,13,1,49,31,137,0,0,0.14,0,5,122,0,1
26,Ren,human,19,Fri,1,7,demo,1,0,65,514,370,33,4,116,14,52,0,1,0.72,0,4,187,0,1
26,Ren,human,19,Fri,1,8,demo,1,0,87,549,388,36,5,165,9,43,0,1,0.7,0,4,121,0,1
26,Ren,human,19,Fri,1,9,price,1,0,85,595,435,24,1,29,11,48,0,0,0.13,0,4,132,0,1
26,Ren,human,19,Fri,1,10,cta,1,0,73,595,405,43,7,203,4,47,0,1,0.14,1,3,157,0,1
26,Ren,human,19,Fri,1,11,fomo,1,0,130,688,512,34,6,174,6,48,0,0,0.03,0,5,142,1,1.93
26,Ren,human,19,Fri,1,12,fomo,1,0,106,726,518,36,6,194,7,59,0,0,0.14,0,6,137,2,1.93
26,Ren,human,19,Fri,1,13,fomo,1,0,166,841,585,47,4,136,14,82,0,0,0.02,0,5,148,3,1.93
26,Ren,human,19,Fri,1,14,fomo,1,0,123,891,607,29,2,58,17,96,0,0,0.02,0,5,164,4,1.93
26,Ren,human,19,Fri,1,15,fomo,1,0,131,957,687,41,2,58,22,93,0,0,0.03,0,4,181,5,1.93
26,Ren,human,19,Fri,1,16,fomo,1,0,141,1029,758,32,4,136,17,93,0,0,0.02,0,5,152,6,1.93
26,Ren,human,19,Fri,1,17,qna,1,0,139,1100,789,37,5,165,29,134,6,0,0.11,0,3,154,0,1.93
26,Ren,human,19,Fri,1,18,filler,1,0,130,1047,757,25,1,29,9,94,0,0,0.09,0,5,122,0,1.93
26,Ren,human,19,Fri,1,19,hook,2,0,142,1077,755,28,1,49,23,93,0,0,0.1,0,4,133,0,1.93
26,Ren,human,19,Fri,1,20,hook,2,0,143,1120,808,34,2,78,21,100,0,0,0.01,0,5,147,0,1.93
26,Ren,human,19,Fri,1,21,build,2,0,152,1159,806,46,3,87,15,118,0,1,0.22,0,3,135,0,1.93
26,Ren,human,19,Fri,1,22,build,2,0,151,1181,864,82,9,281,19,97,0,1,0.31,1,5,125,0,1.93
26,Ren,human,19,Fri,1,23,build,2,0,153,1207,847,62,4,116,28,104,0,1,0.28,0,6,146,0,1.93
26,Ren,human,19,Fri,1,24,demo,2,0,123,1218,882,91,12,388,25,110,0,1,0.65,0,4,183,0,1.93
26,Ren,human,19,Fri,1,25,demo,2,0,129,1214,866,85,16,544,17,107,0,1,0.57,0,5,187,0,1.93
26,Ren,human,19,Fri,1,26,demo,2,0,130,1251,886,93,7,223,19,125,0,1,0.5,0,7,190,0,1.93
26,Ren,human,19,Fri,1,27,price,2,0,133,1263,899,83,11,379,26,113,0,1,0.03,1,5,160,0,1.93
26,Ren,human,19,Fri,1,28,cta,2,0,150,1256,888,82,7,203,16,116,0,0,0.12,1,2,154,0,1.93
26,Ren,human,19,Fri,1,29,fomo,2,0,131,1285,919,60,8,292,23,114,0,0,0.1,0,5,123,1,1.93
26,Ren,human,19,Fri,1,30,fomo,2,0,138,1324,955,59,10,330,24,106,0,0,0.15,0,4,144,2,1.93
26,Ren,human,19,Fri,1,31,fomo,2,0,161,1379,988,59,5,185,30,128,0,0,0.06,0,4,161,3,1.93
26,Ren,human,19,Fri,1,32,fomo,2,0,134,1417,1050,69,7,223,22,120,0,0,0.13,0,6,159,4,1.93
26,Ren,human,19,Fri,1,33,fomo,2,0,148,1432,1038,64,6,174,27,130,0,0,0.14,0,3,165,5,1.93
26,Ren,human,19,Fri,1,34,fomo,2,0,136,1439,1049,57,3,107,27,140,0,0,0.1,0,4,153,6,1.93
26,Ren,human,19,Fri,1,35,qna,2,0,152,1481,1082,43,4,136,61,181,6,0,0.06,0,3,165,0,1.93
26,Ren,human,19,Fri,1,36,hook,3,0,140,1484,1050,37,1,29,18,119,0,0,0.02,0,2,161,0,1.93
26,Ren,human,19,Fri,1,37,build,3,0,131,1475,1074,66,5,145,25,148,0,1,0.2,0,3,139,0,1.93
26,Ren,human,19,Fri,1,38,build,3,0,113,1431,987,63,6,174,25,104,0,1,0.36,0,5,125,0,1.93
26,Ren,human,19,Fri,1,39,build,3,0,147,1400,1001,55,7,243,28,127,0,1,0.39,0,3,127,0,1.93
26,Ren,human,19,Fri,1,40,demo,3,0,129,1410,1022,114,7,243,31,100,0,1,0.77,0,6,168,0,1.93
26,Ren,human,19,Fri,1,41,demo,3,0,147,1428,1034,104,17,573,24,103,0,1,0.58,0,4,136,0,1.93
26,Ren,human,19,Fri,1,42,price,3,0,126,1411,1023,65,5,205,24,124,0,0,0.03,0,2,171,0,1.93
26,Ren,human,19,Fri,1,43,cta,3,0,124,1391,1020,76,15,495,25,131,0,0,0.13,1,4,156,0,1.93
26,Ren,human,19,Fri,1,44,cta,3,0,147,1384,980,92,15,575,26,122,0,1,0.1,0,6,188,0,1.93
26,Ren,human,19,Fri,1,45,fomo,3,0,135,1403,1023,55,8,252,17,116,0,0,0.03,0,4,136,1,1.93
26,Ren,human,19,Fri,1,46,fomo,3,0,152,1431,1049,53,12,408,26,141,0,0,0.11,0,4,146,2,1.93
26,Ren,human,19,Fri,1,47,fomo,3,0,132,1450,1039,56,6,214,31,122,0,0,0.05,0,3,186,3,1.93
26,Ren,human,19,Fri,1,48,fomo,3,0,120,1449,1016,68,8,232,31,116,0,0,0,0,4,150,4,1.93
26,Ren,human,19,Fri,1,49,fomo,3,0,136,1480,1063,61,2,78,34,133,0,0,0.02,0,3,181,5,1.93
26,Ren,human,19,Fri,1,50,fomo,3,0,154,1503,1089,71,1,29,24,136,0,0,0.07,0,3,131,6,1.93
26,Ren,human,19,Fri,1,51,qna,3,0,133,1542,1083,56,2,78,46,186,6,0,0.13,0,3,146,0,1.93
26,Ren,human,19,Fri,1,52,qna,3,0,140,1577,1126,47,8,252,53,182,6,0,0.1,0,6,176,0,1.93
26,Ren,human,19,Fri,1,53,filler,3,0,146,1463,1052,34,1,29,14,119,0,0,0.1,1,4,122,0,1.93
26,Ren,human,19,Fri,1,54,hook,4,0,118,1427,1032,35,3,87,43,140,0,0,0.14,0,4,180,0,1.93
26,Ren,human,19,Fri,1,55,build,4,0,133,1387,986,67,5,185,25,127,0,1,0.31,0,5,168,0,1.93
26,Ren,human,19,Fri,1,56,build,4,0,132,1371,992,54,8,252,29,118,0,1,0.16,0,3,153,0,1.93
26,Ren,human,19,Fri,1,57,build,4,0,134,1354,974,49,6,234,16,125,0,1,0.2,0,3,156,0,1.93
26,Ren,human,19,Fri,1,58,demo,4,0,128,1379,997,97,6,194,28,128,0,1,0.82,0,2,144,0,1.93
26,Ren,human,19,Fri,1,59,demo,4,0,122,1378,1002,98,8,252,16,134,0,1,0.49,0,4,121,0,1.93
26,Ren,human,19,Fri,1,60,demo,4,0,137,1391,969,86,10,290,32,114,0,1,0.61,0,3,142,0,1.93
26,Ren,human,19,Fri,1,61,price,4,0,112,1363,976,57,4,136,31,122,0,0,0.09,0,7,134,0,1.93
26,Ren,human,19,Fri,1,62,cta,4,0,134,1350,959,115,18,582,27,116,0,1,0.04,1,4,157,0,1.93
26,Ren,human,19,Fri,1,63,cta,4,0,147,1321,965,112,18,602,23,135,0,1,0.09,1,3,187,0,1.93
26,Ren,human,19,Fri,1,64,fomo,4,0,128,1309,923,58,7,243,24,134,0,1,0.1,0,6,177,1,1.93
26,Ren,human,19,Fri,1,65,fomo,4,0,130,1328,960,64,11,319,23,125,0,0,0.03,0,5,129,2,1.93
26,Ren,human,19,Fri,1,66,fomo,4,0,113,1329,946,44,3,107,29,115,0,0,0.04,1,6,178,3,1.93
26,Ren,human,19,Fri,1,67,fomo,4,0,125,1340,966,70,5,145,22,112,0,0,0.1,0,7,187,4,1.93
26,Ren,human,19,Fri,1,68,fomo,4,0,133,1346,979,50,5,165,28,112,0,0,0.05,0,7,172,5,1.93
26,Ren,human,19,Fri,1,69,fomo,4,0,111,1348,1000,58,4,136,29,130,0,0,0.04,1,7,168,6,1.93
26,Ren,human,19,Fri,1,70,fomo,4,0,132,1375,1009,64,10,330,27,122,0,0,0.02,0,5,162,7,1.93
26,Ren,human,19,Fri,1,71,qna,4,0,136,1444,1027,46,8,232,74,176,6,0,0.08,0,3,126,0,1.93
26,Ren,human,19,Fri,1,72,filler,4,0,106,1328,945,30,3,107,13,122,0,1,0.12,0,6,156,0,1.93
26,Ren,human,19,Fri,1,73,hook,5,0,134,1319,960,43,2,58,19,122,0,0,0.06,0,3,157,0,1.93
26,Ren,human,19,Fri,1,74,build,5,0,134,1282,916,40,1,29,14,112,0,0,0.37,0,7,139,0,1.93
26,Ren,human,19,Fri,1,75,build,5,0,114,1267,903,50,1,49,19,109,0,1,0.34,0,2,131,0,1.93
26,Ren,human,19,Fri,1,76,build,5,0,135,1268,947,65,7,203,15,122,0,1,0.31,0,4,148,0,1.93
26,Ren,human,19,Fri,1,77,demo,5,0,121,1266,926,83,9,301,29,114,0,1,0.64,0,5,135,0,1.93
26,Ren,human,19,Fri,1,78,demo,5,0,120,1269,891,87,11,339,17,111,0,1,0.53,0,3,124,0,1.93
26,Ren,human,19,Fri,1,79,demo,5,0,110,1272,915,104,12,408,21,102,0,1,0.69,1,6,170,0,1.93
26,Ren,human,19,Fri,1,80,price,5,0,142,1285,899,51,4,136,22,116,0,0,0.06,1,6,179,0,1.93
26,Ren,human,19,Fri,1,81,cta,5,0,112,1252,904,90,18,542,19,107,0,1,0.1,1,6,150,0,1.93
26,Ren,human,19,Fri,1,82,cta,5,0,108,1226,860,84,14,446,23,103,0,1,0.14,1,4,167,0,1.93
26,Ren,human,19,Fri,1,83,fomo,5,0,108,1231,886,45,3,107,21,115,0,0,0.01,0,4,148,1,1.93
26,Ren,human,19,Fri,1,84,fomo,5,0,103,1219,866,59,7,243,31,111,0,0,0.01,0,6,162,2,1.93
26,Ren,human,19,Fri,1,85,fomo,5,0,132,1245,891,44,0,0,25,118,0,0,0.12,0,4,158,3,1.93
26,Ren,human,19,Fri,1,86,fomo,5,0,124,1260,916,41,3,127,34,129,0,0,0.14,0,6,166,4,1.93
26,Ren,human,19,Fri,1,87,fomo,5,0,108,1280,892,52,5,145,38,119,0,0,0.09,0,6,168,5,1.93
26,Ren,human,19,Fri,1,88,fomo,5,0,116,1296,938,61,4,156,26,119,0,0,0.07,0,6,157,6,1.93
26,Ren,human,19,Fri,1,89,qna,5,0,145,1336,958,41,3,127,44,143,6,0,0.07,0,3,169,0,1.93
26,Ren,human,19,Fri,1,90,filler,5,0,128,1265,898,26,0,0,12,101,0,0,0.08,0,6,138,0,1.93
26,Ren,human,19,Fri,1,91,hook,6,0,124,1254,903,38,3,87,21,113,0,0,0.06,0,5,176,0,1.93
26,Ren,human,19,Fri,1,92,build,6,0,114,1228,907,43,3,87,18,116,0,0,0.32,0,2,147,0,1.93
26,Ren,human,19,Fri,1,93,build,6,0,118,1205,870,52,9,341,16,113,0,0,0.29,0,7,150,0,1.93
26,Ren,human,19,Fri,1,94,build,6,0,121,1191,845,57,11,399,22,111,0,1,0.31,0,6,181,0,1.93
26,Ren,human,19,Fri,1,95,demo,6,0,112,1201,897,60,7,223,21,93,0,0,0.77,0,5,125,0,1.93
26,Ren,human,19,Fri,1,96,demo,6,0,102,1198,865,83,7,243,19,120,0,1,0.76,0,7,161,0,1.93
26,Ren,human,19,Fri,1,97,price,6,0,115,1208,875,72,14,526,21,117,0,1,0.14,1,4,125,0,1.93
26,Ren,human,19,Fri,1,98,cta,6,0,100,1185,830,89,15,435,15,95,0,0,0.08,1,6,162,0,1.93
26,Ren,human,19,Fri,1,99,cta,6,0,102,1160,842,74,12,388,28,120,0,1,0.09,0,3,181,0,1.93
26,Ren,human,19,Fri,1,100,fomo,6,0,97,1172,846,42,7,223,20,109,0,0,0.07,0,4,180,1,1.93
26,Ren,human,19,Fri,1,101,fomo,6,0,122,1196,862,51,10,330,23,122,0,0,0.01,0,2,123,2,1.93
26,Ren,human,19,Fri,1,102,fomo,6,0,120,1212,896,73,7,223,17,95,0,1,0.05,1,6,190,3,1.93
26,Ren,human,19,Fri,1,103,fomo,6,0,136,1258,903,47,4,136,32,115,0,0,0.02,0,6,159,4,1.93
26,Ren,human,19,Fri,1,104,fomo,6,0,79,1227,875,48,1,49,25,123,0,0,0.09,0,3,126,5,1.93
26,Ren,human,19,Fri,1,105,fomo,6,0,120,1250,900,63,8,252,36,102,0,0,0.04,1,7,181,6,1.93
26,Ren,human,19,Fri,1,106,qna,6,0,112,1287,911,46,4,136,55,143,6,0,0.06,0,3,166,0,1.93
26,Ren,human,19,Fri,1,107,qna,6,0,124,1320,936,43,1,29,52,162,6,0,0.04,0,7,154,0,1.93
26,Ren,human,19,Fri,1,108,dead,6,0,125,1187,834,12,1,29,11,120,0,0,0.15,0,5,20,0,1.93
26,Ren,human,19,Fri,1,109,hook,7,0,105,1163,858,38,6,174,18,117,0,0,0.02,0,3,132,0,1.93
26,Ren,human,19,Fri,1,110,hook,7,0,99,1148,828,32,0,0,16,108,0,0,0.01,1,5,141,0,1.93
26,Ren,human,19,Fri,1,111,build,7,0,108,1124,778,48,5,165,13,97,0,1,0.32,0,3,131,0,1.93
26,Ren,human,19,Fri,1,112,build,7,0,93,1106,811,50,5,145,9,104,0,0,0.3,0,7,176,0,1.93
26,Ren,human,19,Fri,1,113,build,7,0,118,1096,792,49,6,214,20,111,0,1,0.28,0,4,145,0,1.93
26,Ren,human,19,Fri,1,114,build,7,0,110,1090,774,50,6,174,18,111,0,1,0.35,1,4,125,0,1.93
26,Ren,human,19,Fri,1,115,demo,7,0,107,1105,794,97,9,301,17,112,0,1,0.78,1,6,144,0,1.93
26,Ren,human,19,Fri,1,116,demo,7,0,121,1137,798,83,4,116,25,84,0,1,0.7,0,5,121,0,1.93
26,Ren,human,19,Fri,1,117,demo,7,0,108,1144,856,78,13,497,22,115,0,1,0.72,0,6,185,0,1.93
26,Ren,human,19,Fri,1,118,price,7,0,119,1138,823,48,6,274,20,106,0,0,0.14,0,4,153,0,1.93
26,Ren,human,19,Fri,1,119,cta,7,0,115,1137,814,70,12,408,12,95,0,0,0.15,1,3,189,0,1.93
26,Ren,human,19,Fri,1,120,cta,7,0,113,1120,819,79,12,408,21,108,0,1,0.01,1,7,134,0,1.93
27,Priya,human,20,Tue,0,1,hook,1,0,54,54,33,1,0,0,1,4,0,0,0.09,0,6,174,0,1
27,Priya,human,20,Tue,0,2,hook,1,0,55,100,80,3,0,0,0,7,0,0,0.1,0,6,134,0,1
27,Priya,human,20,Tue,0,3,build,1,0,61,147,100,6,2,58,1,17,0,0,0.24,0,4,142,0,1
27,Priya,human,20,Tue,0,4,build,1,0,60,191,141,10,0,0,6,16,0,1,0.24,1,6,146,0,1
27,Priya,human,20,Tue,0,5,demo,1,0,65,245,173,9,0,0,1,19,0,1,0.77,0,3,130,0,1
27,Priya,human,20,Tue,0,6,demo,1,0,59,283,195,15,2,78,6,23,0,1,0.76,0,5,156,0,1
27,Priya,human,20,Tue,0,7,demo,1,0,63,325,228,20,2,78,8,36,0,1,0.68,0,7,123,0,1
27,Priya,human,20,Tue,0,8,demo,1,0,56,352,243,23,2,78,4,36,0,1,0.47,0,4,169,0,1
27,Priya,human,20,Tue,0,9,price,1,0,77,385,269,14,3,107,3,34,0,1,0.03,1,6,177,0,1
27,Priya,human,20,Tue,0,10,cta,1,0,54,395,288,25,5,205,10,38,0,0,0.14,1,2,184,0,1
27,Priya,human,20,Tue,0,11,fomo,1,0,87,447,324,21,6,214,12,30,0,0,0.13,0,3,151,1,1.25
27,Priya,human,20,Tue,0,12,fomo,1,0,74,491,367,22,8,252,8,42,0,0,0.06,0,5,181,2,1.25
27,Priya,human,20,Tue,0,13,qna,1,0,69,520,382,17,3,107,23,58,6,1,0.08,0,3,171,0,1.25
27,Priya,human,20,Tue,0,14,qna,1,0,65,543,400,15,3,107,20,67,6,0,0.1,0,5,186,0,1.25
27,Priya,human,20,Tue,0,15,qna,1,0,65,575,404,23,1,29,22,64,6,1,0.13,0,3,130,0,1.25
27,Priya,human,20,Tue,0,16,filler,1,0,76,567,416,14,0,0,9,43,0,1,0.05,0,3,157,0,1.25
27,Priya,human,20,Tue,0,17,hook,2,0,90,611,439,21,1,29,11,59,0,0,0.01,0,3,161,0,1.25
27,Priya,human,20,Tue,0,18,hook,2,0,58,605,441,17,2,58,6,50,0,0,0.01,0,4,160,0,1.25
27,Priya,human,20,Tue,0,19,build,2,0,67,607,430,17,5,165,6,49,0,1,0.17,0,7,180,0,1.25
27,Priya,human,20,Tue,0,20,build,2,0,90,623,470,28,5,145,10,54,0,1,0.17,0,3,125,0,1.25
27,Priya,human,20,Tue,0,21,demo,2,0,70,642,463,51,7,223,11,56,0,1,0.57,0,4,152,0,1.25
27,Priya,human,20,Tue,0,22,demo,2,0,61,644,471,49,2,58,14,49,0,1,0.6,0,4,132,0,1.25
27,Priya,human,20,Tue,0,23,demo,2,0,69,653,472,49,8,272,12,56,0,1,0.73,0,3,139,0,1.25
27,Priya,human,20,Tue,0,24,demo,2,0,85,680,515,53,4,116,9,74,0,1,0.49,0,3,134,0,1.25
27,Priya,human,20,Tue,0,25,price,2,0,57,658,463,35,7,223,19,55,0,0,0.05,1,6,169,0,1.25
27,Priya,human,20,Tue,0,26,cta,2,0,71,658,476,32,6,214,9,66,0,0,0.11,1,5,163,0,1.25
27,Priya,human,20,Tue,0,27,fomo,2,0,64,672,492,24,5,165,11,57,0,0,0.06,0,7,138,1,1.25
27,Priya,human,20,Tue,0,28,fomo,2,0,74,692,497,24,3,87,17,57,0,0,0.11,1,6,135,2,1.25
27,Priya,human,20,Tue,0,29,fomo,2,0,59,691,501,30,3,107,16,64,0,0,0,0,6,121,3,1.25
27,Priya,human,20,Tue,0,30,qna,2,0,72,707,515,17,1,29,23,82,6,0,0.09,0,2,133,0,1.25
27,Priya,human,20,Tue,0,31,qna,2,0,59,725,531,25,8,312,39,71,6,0,0.04,0,4,171,0,1.25
27,Priya,human,20,Tue,0,32,qna,2,0,77,753,542,27,1,29,26,87,6,0,0.04,0,5,136,0,1.25
27,Priya,human,20,Tue,0,33,qna,2,0,74,771,549,17,1,29,25,87,6,0,0.11,0,5,166,0,1.25
27,Priya,human,20,Tue,0,34,hook,3,0,69,759,540,22,3,127,16,54,0,0,0.08,0,3,170,0,1.25
27,Priya,human,20,Tue,0,35,hook,3,0,69,764,539,11,0,0,10,77,0,0,0.03,0,6,136,0,1.25
27,Priya,human,20,Tue,0,36,build,3,0,74,749,547,46,3,107,16,78,0,1,0.16,1,3,175,0,1.25
27,Priya,human,20,Tue,0,37,build,3,0,69,712,505,30,1,29,8,64,0,1,0.34,0,7,180,0,1.25
27,Priya,human,20,Tue,0,38,build,3,0,56,699,504,26,1,49,13,67,0,0,0.16,0,3,160,0,1.25
27,Priya,human,20,Tue,0,39,demo,3,0,66,698,484,46,6,194,30,66,0,1,0.72,0,5,177,0,1.25
27,Priya,human,20,Tue,0,40,demo,3,0,72,702,512,41,9,321,10,62,0,1,0.77,0,4,177,0,1.25
27,Priya,human,20,Tue,0,41,demo,3,0,65,703,514,40,7,263,18,78,0,1,0.75,0,3,179,0,1.25
27,Priya,human,20,Tue,0,42,demo,3,0,75,701,515,43,8,272,10,72,0,1,0.83,0,6,140,0,1.25
27,Priya,human,20,Tue,0,43,price,3,0,68,707,522,32,3,107,13,71,0,0,0.05,1,3,159,0,1.25
27,Priya,human,20,Tue,0,44,cta,3,0,81,689,505,31,7,203,9,56,0,0,0.01,0,3,161,0,1.25
27,Priya,human,20,Tue,0,45,cta,3,0,83,694,500,46,7,243,12,75,0,1,0.07,0,7,134,0,1.25
27,Priya,human,20,Tue,0,46,fomo,3,0,66,697,493,37,7,203,12,70,0,1,0.02,0,6,174,1,1.25
27,Priya,human,20,Tue,0,47,qna,3,0,71,717,506,14,0,0,29,84,6,0,0.02,0,5,152,0,1.25
27,Priya,human,20,Tue,0,48,qna,3,0,78,742,553,24,3,87,24,116,6,0,0.01,0,7,139,0,1.25
27,Priya,human,20,Tue,0,49,hook,4,0,76,753,523,20,1,49,17,69,0,0,0.14,0,5,127,0,1.25
27,Priya,human,20,Tue,0,50,build,4,0,72,733,558,35,3,87,14,64,0,1,0.29,0,3,189,0,1.25
27,Priya,human,20,Tue,0,51,build,4,0,66,725,527,32,4,116,7,54,0,1,0.18,0,4,187,0,1.25
27,Priya,human,20,Tue,0,52,build,4,0,65,698,510,25,3,87,8,66,0,1,0.33,0,3,168,0,1.25
27,Priya,human,20,Tue,0,53,demo,4,0,57,700,485,29,3,87,19,59,0,0,0.69,0,3,172,0,1.25
27,Priya,human,20,Tue,0,54,demo,4,0,62,716,489,52,8,252,12,67,0,1,0.59,0,6,161,0,1.25
27,Priya,human,20,Tue,0,55,demo,4,0,59,701,519,45,5,165,19,59,0,1,0.75,0,3,171,0,1.25
27,Priya,human,20,Tue,0,56,demo,4,0,66,695,505,58,6,214,13,52,0,1,0.51,0,4,165,0,1.25
27,Priya,human,20,Tue,0,57,demo,4,0,73,701,505,67,8,252,17,54,0,1,0.71,0,5,142,0,1.25
27,Priya,human,20,Tue,0,58,price,4,0,63,703,492,34,7,263,12,58,0,0,0.02,1,5,146,0,1.25
27,Priya,human,20,Tue,0,59,cta,4,0,64,692,503,52,7,223,14,54,0,1,0.09,0,5,130,0,1.25
27,Priya,human,20,Tue,0,60,fomo,4,0,52,692,512,42,5,145,16,57,0,0,0.02,0,5,178,1,1.25
27,Priya,human,20,Tue,0,61,fomo,4,0,71,711,501,31,5,145,15,49,0,1,0.09,0,3,130,2,1.25
27,Priya,human,20,Tue,0,62,qna,4,0,67,733,542,23,2,78,32,85,6,0,0.1,0,2,166,0,1.25
27,Priya,human,20,Tue,0,63,qna,4,0,60,733,500,22,2,58,33,93,6,1,0.01,0,2,121,0,1.25
27,Priya,human,20,Tue,0,64,qna,4,0,59,731,538,19,4,116,28,80,6,0,0.01,0,5,142,0,1.25
27,Priya,human,20,Tue,0,65,hook,5,0,68,734,531,28,4,136,15,64,0,0,0.05,0,3,151,0,1.25
27,Priya,human,20,Tue,0,66,hook,5,0,47,704,513,18,0,0,14,79,0,0,0.1,1,4,161,0,1.25
27,Priya,human,20,Tue,0,67,build,5,0,61,683,493,33,5,145,8,59,0,1,0.39,0,3,141,0,1.25
27,Priya,human,20,Tue,0,68,build,5,0,55,660,487,33,3,87,11,52,0,1,0.34,0,5,171,0,1.25
27,Priya,human,20,Tue,0,69,demo,5,0,68,669,479,52,11,359,15,61,0,1,0.74,0,3,143,0,1.25
27,Priya,human,20,Tue,0,70,demo,5,0,66,667,483,47,7,223,12,51,0,1,0.52,0,2,182,0,1.25
27,Priya,human,20,Tue,0,71,demo,5,0,62,671,490,51,5,185,4,67,0,1,0.47,0,4,160,0,1.25
27,Priya,human,20,Tue,0,72,price,5,0,68,669,485,45,11,359,10,54,0,1,0.02,0,5,136,0,1.25
27,Priya,human,20,Tue,0,73,cta,5,0,58,652,472,56,12,348,8,41,0,1,0.05,1,2,132,0,1.25
27,Priya,human,20,Tue,0,74,fomo,5,0,66,659,475,41,6,194,15,65,0,0,0.14,0,3,143,1,1.25
27,Priya,human,20,Tue,0,75,fomo,5,0,65,664,482,32,6,214,18,62,0,0,0.07,0,4,145,2,1.25
27,Priya,human,20,Tue,0,76,qna,5,0,60,675,475,26,2,58,24,86,6,1,0.14,0,6,167,0,1.25
27,Priya,human,20,Tue,0,77,qna,5,0,56,689,464,24,1,29,22,80,6,0,0.04,0,4,171,0,1.25
27,Priya,human,20,Tue,0,78,qna,5,0,77,714,511,15,1,49,25,96,6,0,0.04,0,3,172,0,1.25
27,Priya,human,20,Tue,0,79,hook,6,0,81,736,516,17,3,127,18,74,0,0,0.01,0,6,149,0,1.25
27,Priya,human,20,Tue,0,80,hook,6,0,58,717,510,22,3,87,5,72,0,0,0.04,0,6,157,0,1.25
27,Priya,human,20,Tue,0,81,build,6,0,68,699,495,32,2,58,10,65,0,1,0.27,1,4,123,0,1.25
27,Priya,human,20,Tue,0,82,build,6,0,73,694,503,30,4,156,12,57,0,1,0.32,0,4,180,0,1.25
27,Priya,human,20,Tue,0,83,demo,6,0,58,683,499,52,4,116,17,73,0,1,0.6,0,6,153,0,1.25
27,Priya,human,20,Tue,0,84,demo,6,0,53,682,502,48,8,272,7,74,0,1,0.84,0,5,162,0,1.25
27,Priya,human,20,Tue,0,85,demo,6,0,64,688,478,46,5,185,14,70,0,1,0.81,0,6,149,0,1.25
27,Priya,human,20,Tue,0,86,demo,6,0,56,681,506,39,3,127,14,89,0,1,0.48,1,3,120,0,1.25
27,Priya,human,20,Tue,0,87,demo,6,0,64,675,476,43,5,165,9,42,0,1,0.49,0,3,130,0,1.25
27,Priya,human,20,Tue,0,88,price,6,0,73,681,485,46,7,243,14,57,0,1,0.12,1,3,135,0,1.25
27,Priya,human,20,Tue,0,89,cta,6,0,68,673,470,31,5,185,9,69,0,0,0.14,1,2,177,0,1.25
27,Priya,human,20,Tue,0,90,cta,6,0,53,652,483,27,5,185,14,48,0,0,0.08,0,3,164,0,1.25
27,Priya,human,20,Tue,0,91,fomo,6,0,60,668,480,36,8,272,14,52,0,0,0.1,0,5,124,1,1.25
27,Priya,human,20,Tue,0,92,qna,6,0,56,677,507,15,3,87,26,82,6,0,0.05,0,4,144,0,1.25
27,Priya,human,20,Tue,0,93,qna,6,0,41,660,494,22,1,29,26,83,6,0,0.04,0,2,132,0,1.25
27,Priya,human,20,Tue,0,94,qna,6,0,53,674,502,15,0,0,17,91,6,0,0.05,0,4,122,0,1.25
27,Priya,human,20,Tue,0,95,hook,7,0,60,667,481,23,0,0,12,58,0,0,0.08,0,7,170,0,1.25
27,Priya,human,20,Tue,0,96,build,7,0,64,667,489,29,4,116,11,62,0,1,0.18,0,4,122,0,1.25
27,Priya,human,20,Tue,0,97,build,7,0,47,635,454,25,4,136,8,43,0,1,0.21,0,3,188,0,1.25
27,Priya,human,20,Tue,0,98,build,7,0,61,625,458,26,4,136,11,58,0,1,0.39,0,4,178,0,1.25
27,Priya,human,20,Tue,0,99,demo,7,0,60,641,451,48,9,301,12,50,0,1,0.66,0,7,178,0,1.25
27,Priya,human,20,Tue,0,100,demo,7,0,60,649,467,55,4,156,12,42,0,1,0.8,0,5,128,0,1.25
27,Priya,human,20,Tue,0,101,demo,7,0,51,633,446,52,8,252,9,58,0,1,0.57,0,4,136,0,1.25
27,Priya,human,20,Tue,0,102,price,7,0,67,641,451,35,4,136,6,54,0,1,0.07,1,5,178,0,1.25
27,Priya,human,20,Tue,0,103,cta,7,0,55,629,450,57,13,437,5,56,0,1,0.02,1,7,189,0,1.25
27,Priya,human,20,Tue,0,104,cta,7,0,67,627,445,52,6,174,11,46,0,1,0.05,1,2,186,0,1.25
27,Priya,human,20,Tue,0,105,fomo,7,0,56,623,468,31,4,116,18,52,0,0,0.09,0,5,137,1,1.25
27,Priya,human,20,Tue,0,106,fomo,7,0,60,622,469,32,4,136,14,58,0,1,0.06,0,4,124,2,1.25
27,Priya,human,20,Tue,0,107,qna,7,0,60,626,465,33,2,58,25,82,6,1,0.1,0,5,148,0,1.25
27,Priya,human,20,Tue,0,108,qna,7,0,63,643,453,19,0,0,23,70,6,0,0.11,0,7,154,0,1.25
27,Priya,human,20,Tue,0,109,qna,7,0,55,654,462,24,3,87,20,85,6,1,0.08,0,6,136,0,1.25
27,Priya,human,20,Tue,0,110,hook,8,0,58,650,463,21,0,0,9,44,0,0,0.1,0,4,186,0,1.25
27,Priya,human,20,Tue,0,111,hook,8,0,63,654,454,19,1,29,11,61,0,1,0.02,0,6,149,0,1.25
27,Priya,human,20,Tue,0,112,build,8,0,62,643,470,33,3,87,10,57,0,1,0.4,0,4,164,0,1.25
27,Priya,human,20,Tue,0,113,build,8,0,51,628,447,40,4,116,10,67,0,1,0.18,0,7,126,0,1.25
27,Priya,human,20,Tue,0,114,build,8,0,44,604,425,31,3,107,8,54,0,1,0.22,0,3,172,0,1.25
27,Priya,human,20,Tue,0,115,build,8,0,56,591,420,21,4,136,12,57,0,1,0.2,0,2,173,0,1.25
27,Priya,human,20,Tue,0,116,demo,8,0,55,596,418,32,3,87,7,57,0,1,0.53,0,3,131,0,1.25
27,Priya,human,20,Tue,0,117,demo,8,0,51,596,431,37,6,214,19,48,0,1,0.67,0,5,132,0,1.25
27,Priya,human,20,Tue,0,118,demo,8,0,47,590,425,51,5,185,10,54,0,1,0.57,0,3,129,0,1.25
27,Priya,human,20,Tue,0,119,price,8,0,56,587,416,31,4,156,9,45,0,1,0,1,4,171,0,1.25
27,Priya,human,20,Tue,0,120,cta,8,0,67,590,430,40,11,359,10,53,0,0,0.1,1,3,135,0,1.25
28,Ren,human,18,Mon,0,1,hook,1,0,55,55,36,1,0,0,1,6,0,0,0.12,0,7,168,0,1
28,Ren,human,18,Mon,0,2,hook,1,0,61,110,82,3,1,29,3,11,0,0,0.12,1,3,154,0,1
28,Ren,human,18,Mon,0,3,build,1,0,61,159,118,9,0,0,5,10,0,1,0.37,0,3,121,0,1
28,Ren,human,18,Mon,0,4,build,1,0,61,199,140,7,1,29,4,13,0,1,0.37,0,5,178,0,1
28,Ren,human,18,Mon,0,5,build,1,0,51,234,165,8,2,78,3,28,0,1,0.23,0,2,150,0,1
28,Ren,human,18,Mon,0,6,demo,1,0,54,271,197,23,1,49,7,28,0,1,0.8,0,2,188,0,1
28,Ren,human,18,Mon,0,7,demo,1,0,68,316,239,24,1,49,6,21,0,1,0.52,0,2,165,0,1
28,Ren,human,18,Mon,0,8,demo,1,0,74,369,266,27,2,58,12,41,0,1,0.69,0,4,133,0,1
28,Ren,human,18,Mon,0,9,price,1,0,68,393,278,22,1,29,12,33,0,1,0.02,1,6,182,0,1
28,Ren,human,18,Mon,0,10,cta,1,0,67,410,290,43,10,290,8,37,0,1,0.09,1,5,156,0,1
28,Ren,human,18,Mon,0,11,cta,1,0,69,426,327,34,6,214,5,37,0,1,0.03,1,7,165,0,1.29
28,Ren,human,18,Mon,0,12,fomo,1,0,68,456,334,18,5,145,11,50,0,0,0.05,0,5,143,1,1.29
28,Ren,human,18,Mon,0,13,fomo,1,0,74,496,350,26,7,243,9,49,0,1,0.03,0,4,156,2,1.29
28,Ren,human,18,Mon,0,14,fomo,1,0,62,514,375,22,3,147,9,45,0,0,0.1,0,2,124,3,1.29
28,Ren,human,18,Mon,0,15,fomo,1,0,85,552,401,26,4,116,13,52,0,1,0.06,0,4,123,4,1.29
28,Ren,human,18,Mon,0,16,fomo,1,0,75,575,435,25,1,29,8,42,0,0,0.01,0,2,170,5,1.29
28,Ren,human,18,Mon,0,17,fomo,1,0,80,601,438,10,0,0,15,52,0,0,0.06,0,4,151,6,1.29
28,Ren,human,18,Mon,0,18,qna,1,0,82,646,476,29,5,185,20,73,6,1,0.06,0,5,126,0,1.29
28,Ren,human,18,Mon,0,19,qna,1,0,72,683,462,16,4,116,34,66,6,0,0.02,0,5,178,0,1.29
28,Ren,human,18,Mon,0,20,hook,2,0,81,700,508,18,1,29,14,62,0,0,0.07,0,5,163,0,1.29
28,Ren,human,18,Mon,0,21,build,2,0,76,700,503,24,2,58,19,61,0,0,0.17,0,6,154,0,1.29
28,Ren,human,18,Mon,0,22,build,2,0,78,702,498,41,4,116,12,64,0,1,0.4,0,4,189,0,1.29
28,Ren,human,18,Mon,0,23,demo,2,0,82,721,531,53,1,49,13,64,0,1,0.59,0,5,181,0,1.29
28,Ren,human,18,Mon,0,24,demo,2,0,71,724,524,48,13,477,15,68,0,1,0.53,0,2,180,0,1.29
28,Ren,human,18,Mon,0,25,demo,2,0,71,729,513,35,4,136,16,61,0,0,0.52,0,3,125,0,1.29
28,Ren,human,18,Mon,0,26,price,2,0,74,730,537,38,5,185,5,70,0,0,0.04,1,3,140,0,1.29
28,Ren,human,18,Mon,0,27,cta,2,0,85,732,521,41,7,263,11,58,0,0,0.03,1,6,122,0,1.29
28,Ren,human,18,Mon,0,28,cta,2,0,68,707,531,51,9,281,11,68,0,1,0.14,0,4,176,0,1.29
28,Ren,human,18,Mon,0,29,fomo,2,0,63,715,531,38,8,252,17,54,0,0,0.05,0,3,179,1,1.29
28,Ren,human,18,Mon,0,30,fomo,2,0,62,722,513,35,6,194,19,57,0,0,0.1,1,5,153,2,1.29
28,Ren,human,18,Mon,0,31,fomo,2,0,75,742,541,42,5,145,19,89,0,0,0.11,0,4,153,3,1.29
28,Ren,human,18,Mon,0,32,fomo,2,0,68,749,561,29,2,58,15,69,0,0,0.01,0,4,159,4,1.29
28,Ren,human,18,Mon,0,33,fomo,2,0,77,756,537,37,3,107,10,73,0,0,0.05,0,3,136,5,1.29
28,Ren,human,18,Mon,0,34,fomo,2,0,81,773,563,35,4,116,18,58,0,0,0.15,0,5,129,6,1.29
28,Ren,human,18,Mon,0,35,qna,2,0,60,784,576,27,4,116,20,101,6,0,0.06,0,4,134,0,1.29
28,Ren,human,18,Mon,0,36,filler,2,0,61,747,534,9,1,29,7,69,0,0,0.02,0,5,175,0,1.29
28,Ren,human,18,Mon,0,37,hook,3,0,72,736,512,29,1,29,16,63,0,1,0.03,0,6,181,0,1.29
28,Ren,human,18,Mon,0,38,hook,3,0,82,738,534,19,3,87,12,58,0,0,0.11,0,6,170,0,1.29
28,Ren,human,18,Mon,0,39,build,3,0,64,714,515,28,5,185,16,60,0,1,0.39,0,3,186,0,1.29
28,Ren,human,18,Mon,0,40,build,3,0,76,719,510,28,3,107,12,66,0,0,0.26,0,3,167,0,1.29
28,Ren,human,18,Mon,0,41,build,3,0,84,720,539,29,2,58,11,66,0,1,0.37,0,5,176,0,1.29
28,Ren,human,18,Mon,0,42,demo,3,0,62,707,529,49,6,214,17,86,0,0,0.75,0,6,157,0,1.29
28,Ren,human,18,Mon,0,43,demo,3,0,78,725,516,49,6,194,14,48,0,1,0.55,0,5,161,0,1.29
28,Ren,human,18,Mon,0,44,price,3,0,80,748,537,47,5,145,15,64,0,1,0.13,1,7,159,0,1.29
28,Ren,human,18,Mon,0,45,cta,3,0,90,744,534,57,6,194,13,61,0,1,0,1,6,171,0,1.29
28,Ren,human,18,Mon,0,46,fomo,3,0,73,757,567,35,5,205,15,63,0,0,0.12,0,6,159,1,1.29
28,Ren,human,18,Mon,0,47,fomo,3,0,83,780,574,42,8,292,22,83,0,0,0.07,0,7,184,2,1.29
28,Ren,human,18,Mon,0,48,fomo,3,0,83,793,572,35,2,58,19,68,0,0,0.05,0,5,145,3,1.29
28,Ren,human,18,Mon,0,49,fomo,3,0,66,783,558,32,7,263,10,62,0,0,0.07,0,5,144,4,1.29
28,Ren,human,18,Mon,0,50,fomo,3,0,79,790,584,42,3,87,16,86,0,1,0.05,0,6,147,5,1.29
28,Ren,human,18,Mon,0,51,fomo,3,0,67,797,575,39,4,136,28,57,0,0,0.07,0,4,140,6,1.29
28,Ren,human,18,Mon,0,52,qna,3,0,70,795,556,22,3,87,25,102,6,0,0.09,0,2,160,0,1.29
28,Ren,human,18,Mon,0,53,hook,4,0,70,784,562,21,1,29,11,59,0,0,0.09,0,6,167,0,1.29
28,Ren,human,18,Mon,0,54,hook,4,0,73,776,565,19,1,29,11,66,0,0,0.01,0,5,183,0,1.29
28,Ren,human,18,Mon,0,55,build,4,0,67,759,532,30,4,116,13,77,0,1,0.31,0,6,138,0,1.29
28,Ren,human,18,Mon,0,56,build,4,0,52,736,522,25,4,156,14,72,0,0,0.33,0,3,151,0,1.29
28,Ren,human,18,Mon,0,57,demo,4,0,74,750,553,71,9,301,15,69,0,1,0.58,1,6,169,0,1.29
28,Ren,human,18,Mon,0,58,demo,4,0,73,754,534,45,3,87,6,77,0,0,0.65,0,3,163,0,1.29
28,Ren,human,18,Mon,0,59,demo,4,0,75,767,559,45,9,281,19,75,0,1,0.47,0,3,160,0,1.29
28,Ren,human,18,Mon,0,60,price,4,0,69,773,592,52,11,379,14,68,0,1,0.04,1,4,188,0,1.29
28,Ren,human,18,Mon,0,61,cta,4,0,72,763,539,42,8,252,21,74,0,0,0.13,0,4,163,0,1.29
28,Ren,human,18,Mon,0,62,cta,4,0,75,753,551,51,14,426,14,68,0,0,0.07,1,6,127,0,1.29
28,Ren,human,18,Mon,0,63,fomo,4,0,66,748,560,24,3,87,7,77,0,0,0.06,0,3,181,1,1.29
28,Ren,human,18,Mon,0,64,fomo,4,0,63,755,548,31,5,145,12,66,0,0,0.07,0,2,149,2,1.29
28,Ren,human,18,Mon,0,65,fomo,4,0,64,759,568,36,2,78,19,76,0,0,0.09,0,3,122,3,1.29
28,Ren,human,18,Mon,0,66,fomo,4,0,71,764,528,32,3,87,14,67,0,0,0.07,0,2,188,4,1.29
28,Ren,human,18,Mon,0,67,fomo,4,0,50,748,524,28,2,78,20,57,0,0,0.08,0,4,136,5,1.29
28,Ren,human,18,Mon,0,68,fomo,4,0,59,765,568,36,5,185,24,66,0,0,0.04,0,6,160,6,1.29
28,Ren,human,18,Mon,0,69,qna,4,0,78,784,560,18,1,49,30,87,6,0,0.13,0,4,141,0,1.29
28,Ren,human,18,Mon,0,70,hook,5,0,76,776,563,28,1,29,15,66,0,0,0.09,1,4,130,0,1.29
28,Ren,human,18,Mon,0,71,hook,5,0,64,777,557,27,0,0,8,77,0,0,0.06,0,5,187,0,1.29
28,Ren,human,18,Mon,0,72,build,5,0,66,757,539,39,7,243,8,63,0,1,0.4,0,5,147,0,1.29
28,Ren,human,18,Mon,0,73,build,5,0,71,753,540,32,5,165,19,69,0,1,0.28,0,4,166,0,1.29
28,Ren,human,18,Mon,0,74,demo,5,0,52,737,539,62,7,203,17,73,0,1,0.68,0,4,153,0,1.29
28,Ren,human,18,Mon,0,75,demo,5,0,63,743,546,53,14,446,18,89,0,1,0.7,0,5,137,0,1.29
28,Ren,human,18,Mon,0,76,price,5,0,64,736,509,32,4,136,14,58,0,0,0.12,1,5,179,0,1.29
28,Ren,human,18,Mon,0,77,cta,5,0,69,724,510,49,11,399,6,53,0,0,0.05,0,3,145,0,1.29
28,Ren,human,18,Mon,0,78,fomo,5,0,73,741,541,35,7,243,17,79,0,0,0.07,0,4,122,1,1.29
28,Ren,human,18,Mon,0,79,fomo,5,0,67,738,528,48,9,261,12,52,0,1,0.14,0,5,130,2,1.29
28,Ren,human,18,Mon,0,80,fomo,5,0,65,749,526,39,5,185,11,68,0,1,0.14,0,5,182,3,1.29
28,Ren,human,18,Mon,0,81,fomo,5,0,60,736,522,34,1,29,13,73,0,0,0.04,0,2,172,4,1.29
28,Ren,human,18,Mon,0,82,fomo,5,0,64,732,533,31,4,116,14,86,0,0,0.11,0,7,148,5,1.29
28,Ren,human,18,Mon,0,83,fomo,5,0,70,745,522,30,4,136,13,69,0,0,0.05,0,7,132,6,1.29
28,Ren,human,18,Mon,0,84,qna,5,0,67,766,560,19,2,58,24,105,6,0,0.12,0,4,129,0,1.29
28,Ren,human,18,Mon,0,85,filler,5,0,70,719,505,11,0,0,7,53,0,0,0.04,0,6,150,0,1.29
28,Ren,human,18,Mon,0,86,hook,6,0,75,729,540,24,0,0,14,76,0,0,0.14,1,7,141,0,1.29
28,Ren,human,18,Mon,0,87,build,6,0,49,704,510,29,1,29,7,62,0,0,0.3,0,3,188,0,1.29
28,Ren,human,18,Mon,0,88,build,6,0,66,690,517,23,6,234,5,68,0,0,0.35,0,5,124,0,1.29
28,Ren,human,18,Mon,0,89,demo,6,0,77,713,524,50,9,281,8,60,0,1,0.8,0,6,167,0,1.29
28,Ren,human,18,Mon,0,90,demo,6,0,57,701,501,46,5,145,15,63,0,1,0.71,0,6,139,0,1.29
28,Ren,human,18,Mon,0,91,demo,6,0,85,715,499,46,6,194,14,65,0,1,0.8,0,2,181,0,1.29
28,Ren,human,18,Mon,0,92,price,6,0,60,700,505,54,10,290,12,66,0,1,0.1,1,7,176,0,1.29
28,Ren,human,18,Mon,0,93,cta,6,0,65,705,512,51,9,281,10,60,0,0,0.11,1,6,145,0,1.29
28,Ren,human,18,Mon,0,94,cta,6,0,72,692,497,41,4,136,11,57,0,1,0.12,0,4,126,0,1.29
28,Ren,human,18,Mon,0,95,fomo,6,0,88,722,515,28,7,223,17,56,0,0,0.12,0,3,169,1,1.29
28,Ren,human,18,Mon,0,96,fomo,6,0,66,729,529,34,6,234,13,58,0,1,0.06,0,6,163,2,1.29
28,Ren,human,18,Mon,0,97,fomo,6,0,72,736,555,32,0,0,10,66,0,0,0.05,0,4,183,3,1.29
28,Ren,human,18,Mon,0,98,fomo,6,0,85,760,528,25,3,127,13,48,0,0,0.12,0,4,172,4,1.29
28,Ren,human,18,Mon,0,99,fomo,6,0,71,766,578,38,5,185,12,77,0,0,0.12,0,7,131,5,1.29
28,Ren,human,18,Mon,0,100,fomo,6,0,57,753,546,25,3,107,20,56,0,0,0.08,0,5,123,6,1.29
28,Ren,human,18,Mon,0,101,qna,6,0,75,766,552,16,3,87,28,89,6,0,0.1,1,2,184,0,1.29
28,Ren,human,18,Mon,0,102,filler,6,0,61,710,518,16,1,29,5,60,0,1,0.14,0,3,178,0,1.29
28,Ren,human,18,Mon,0,103,hook,7,0,77,733,527,18,0,0,10,70,0,0,0.11,0,4,184,0,1.29
28,Ren,human,18,Mon,0,104,hook,7,0,69,743,544,19,1,49,13,63,0,0,0.09,0,3,127,0,1.29
28,Ren,human,18,Mon,0,105,build,7,0,75,747,552,32,4,116,11,77,0,1,0.16,0,4,120,0,1.29
28,Ren,human,18,Mon,0,106,build,7,0,77,740,533,27,4,116,6,68,0,0,0.25,0,6,175,0,1.29
28,Ren,human,18,Mon,0,107,build,7,0,78,728,533,23,0,0,15,67,0,0,0.23,0,4,131,0,1.29
28,Ren,human,18,Mon,0,108,demo,7,0,88,757,566,58,7,223,14,71,0,1,0.75,0,4,121,0,1.29
28,Ren,human,18,Mon,0,109,demo,7,0,59,754,538,46,5,145,17,63,0,1,0.76,0,4,168,0,1.29
28,Ren,human,18,Mon,0,110,price,7,0,63,739,526,46,5,165,10,70,0,1,0.08,1,4,188,0,1.29
28,Ren,human,18,Mon,0,111,cta,7,0,62,726,536,55,10,390,15,60,0,1,0.1,0,3,140,0,1.29
28,Ren,human,18,Mon,0,112,fomo,7,0,73,733,533,37,7,203,14,64,0,0,0,0,5,152,1,1.29
28,Ren,human,18,Mon,0,113,fomo,7,0,60,734,549,40,1,29,9,66,0,0,0.09,0,3,120,2,1.29
28,Ren,human,18,Mon,0,114,fomo,7,0,52,725,516,36,6,174,14,66,0,0,0.15,0,3,155,3,1.29
28,Ren,human,18,Mon,0,115,fomo,7,0,60,726,509,28,3,107,18,70,0,0,0.04,0,6,138,4,1.29
28,Ren,human,18,Mon,0,116,fomo,7,0,74,740,545,40,3,87,19,71,0,1,0.04,0,6,153,5,1.29
28,Ren,human,18,Mon,0,117,fomo,7,0,62,747,521,39,5,145,15,81,0,0,0.02,0,3,156,6,1.29
28,Ren,human,18,Mon,0,118,fomo,7,0,48,736,524,29,2,78,13,66,0,1,0.07,0,4,163,7,1.29
28,Ren,human,18,Mon,0,119,qna,7,0,59,747,539,21,2,78,24,67,6,0,0.09,0,5,145,0,1.29
28,Ren,human,18,Mon,0,120,filler,7,0,57,704,516,9,1,29,14,61,0,0,0.01,0,4,136,0,1.29
29,Nova,ai,22,Fri,1,1,hook,1,1,44,44,31,1,0,0,3,11,0,0,0.1,0,3,156,0,1
29,Nova,ai,22,Fri,1,2,hook,1,1,42,79,60,4,0,0,6,12,0,0,0.05,0,2,156,0,1
29,Nova,ai,22,Fri,1,3,hook,1,1,62,134,83,3,0,0,5,30,0,1,0.11,0,3,156,0,1
29,Nova,ai,22,Fri,1,4,hook,1,1,57,169,114,3,0,0,10,41,0,0,0.01,1,1,156,0,1
29,Nova,ai,22,Fri,1,5,hook,1,1,42,191,134,1,0,0,12,32,0,0,0.11,0,1,161,0,1
29,Nova,ai,22,Fri,1,6,hook,1,1,51,227,160,7,1,29,9,57,0,0,0.07,1,2,156,0,1
29,Nova,ai,22,Fri,1,7,demo,1,0,28,234,161,23,2,58,4,22,0,1,0.51,0,2,158,0,1
29,Nova,ai,22,Fri,1,8,price,1,0,34,238,168,17,1,29,4,27,0,1,0.03,1,2,160,0,1
29,Nova,ai,22,Fri,1,9,cta,1,0,37,245,174,7,2,78,2,27,0,0,0.01,1,3,158,0,1
29,Nova,ai,22,Fri,1,10,cta,1,0,41,257,185,26,2,58,3,19,0,1,0.12,0,2,158,0,1
29,Nova,ai,22,Fri,1,11,fomo,1,0,75,305,226,3,0,0,9,26,0,0,0.12,1,2,159,1,1.86
29,Nova,ai,22,Fri,1,12,fomo,1,0,62,338,239,13,1,29,7,27,0,1,0.1,0,2,160,2,1.86
29,Nova,ai,22,Fri,1,13,filler,1,0,75,354,283,9,0,0,5,33,0,1,0.09,0,1,160,0,1.86
29,Nova,ai,22,Fri,1,14,hook,2,0,61,379,279,14,1,29,7,37,0,0,0.05,0,2,158,0,1.86
29,Nova,ai,22,Fri,1,15,build,2,0,59,395,282,29,2,58,8,37,0,1,0.39,1,1,155,0,1.86
29,Nova,ai,22,Fri,1,16,build,2,0,66,409,306,22,1,49,9,34,0,1,0.17,0,1,160,0,1.86
29,Nova,ai,22,Fri,1,17,build,2,0,60,433,307,16,0,0,7,43,0,0,0.25,0,1,158,0,1.86
29,Nova,ai,22,Fri,1,18,demo,2,0,70,455,332,31,3,107,10,35,0,1,0.64,0,2,160,0,1.86
29,Nova,ai,22,Fri,1,19,demo,2,0,60,467,342,21,2,78,5,45,0,0,0.83,0,2,158,0,1.86
29,Nova,ai,22,Fri,1,20,price,2,0,76,495,351,32,8,232,7,51,0,1,0.02,0,2,158,0,1.86
29,Nova,ai,22,Fri,1,21,cta,2,0,66,500,362,27,3,107,11,40,0,1,0.14,0,2,160,0,1.86
29,Nova,ai,22,Fri,1,22,fomo,2,0,70,529,383,22,1,49,7,38,0,0,0.06,0,1,160,1,1.86
29,Nova,ai,22,Fri,1,23,fomo,2,0,84,570,416,28,5,145,11,53,0,0,0.13,0,2,160,2,1.86
29,Nova,ai,22,Fri,1,24,filler,2,0,79,535,401,12,0,0,5,53,0,0,0.03,0,2,156,0,1.86
29,Nova,ai,22,Fri,1,25,hook,3,0,84,553,395,11,1,29,7,39,0,0,0.05,0,3,159,0,1.86
29,Nova,ai,22,Fri,1,26,hook,3,0,61,558,401,17,1,29,10,49,0,0,0.08,0,1,156,0,1.86
29,Nova,ai,22,Fri,1,27,build,3,0,73,563,405,19,2,58,8,41,0,0,0.36,0,2,156,0,1.86
29,Nova,ai,22,Fri,1,28,build,3,0,86,579,421,23,1,29,7,62,0,1,0.25,0,3,160,0,1.86
29,Nova,ai,22,Fri,1,29,build,3,0,53,554,406,28,3,87,7,62,0,1,0.3,0,1,159,0,1.86
29,Nova,ai,22,Fri,1,30,build,3,0,85,546,388,23,1,29,10,53,0,1,0.29,0,3,156,0,1.86
29,Nova,ai,22,Fri,1,31,demo,3,0,67,569,393,33,0,0,12,49,0,0,0.69,0,3,156,0,1.86
29,Nova,ai,22,Fri,1,32,demo,3,0,62,578,417,33,3,87,11,59,0,1,0.51,0,2,160,0,1.86
29,Nova,ai,22,Fri,1,33,price,3,0,66,569,427,29,2,78,9,50,0,1,0.01,1,2,155,0,1.86
29,Nova,ai,22,Fri,1,34,cta,3,0,70,569,417,38,7,243,7,61,0,0,0.1,1,2,158,0,1.86
29,Nova,ai,22,Fri,1,35,cta,3,0,79,579,409,37,9,301,9,40,0,0,0.12,1,2,159,0,1.86
29,Nova,ai,22,Fri,1,36,fomo,3,0,68,595,414,24,4,176,12,59,0,0,0.01,0,2,157,1,1.86
29,Nova,ai,22,Fri,1,37,fomo,3,0,45,575,414,20,1,49,11,54,0,0,0.11,0,1,160,2,1.86
29,Nova,ai,22,Fri,1,38,filler,3,0,56,516,380,18,5,185,6,55,0,0,0.03,0,1,159,0,1.86
29,Nova,ai,22,Fri,1,39,filler,3,0,65,486,366,12,2,58,6,45,0,0,0.01,0,2,156,0,1.86
29,Nova,ai,22,Fri,1,40,hook,4,0,65,484,356,12,0,0,6,32,0,0,0.04,0,2,157,0,1.86
29,Nova,ai,22,Fri,1,41,hook,4,0,54,472,335,9,0,0,6,44,0,0,0.07,0,2,160,0,1.86
29,Nova,ai,22,Fri,1,42,build,4,0,71,478,350,16,3,87,14,41,0,1,0.25,0,2,155,0,1.86
29,Nova,ai,22,Fri,1,43,build,4,0,78,487,359,27,4,116,12,49,0,1,0.35,0,2,161,0,1.86
29,Nova,ai,22,Fri,1,44,build,4,0,77,491,346,13,0,0,8,44,0,0,0.25,0,2,156,0,1.86
29,Nova,ai,22,Fri,1,45,demo,4,0,76,511,363,34,1,29,11,40,0,1,0.59,0,3,157,0,1.86
29,Nova,ai,22,Fri,1,46,demo,4,0,65,527,365,26,8,252,9,57,0,1,0.65,0,3,157,0,1.86
29,Nova,ai,22,Fri,1,47,price,4,0,82,549,381,21,4,136,9,45,0,0,0.11,1,1,160,0,1.86
29,Nova,ai,22,Fri,1,48,cta,4,0,55,539,390,27,7,223,7,58,0,0,0.05,0,2,159,0,1.86
29,Nova,ai,22,Fri,1,49,cta,4,0,60,531,382,30,1,29,7,62,0,0,0.05,0,1,156,0,1.86
29,Nova,ai,22,Fri,1,50,fomo,4,0,63,534,383,16,0,0,10,45,0,0,0.1,0,1,158,1,1.86
29,Nova,ai,22,Fri,1,51,fomo,4,0,64,541,399,30,4,176,15,38,0,1,0.02,0,2,160,2,1.86
29,Nova,ai,22,Fri,1,52,filler,4,0,77,520,364,12,0,0,8,45,0,0,0.14,0,1,160,0,1.86
29,Nova,ai,22,Fri,1,53,hook,5,0,59,509,363,15,0,0,8,44,0,0,0.09,0,1,157,0,1.86
29,Nova,ai,22,Fri,1,54,hook,5,0,72,518,370,11,0,0,5,53,0,0,0.1,0,2,160,0,1.86
29,Nova,ai,22,Fri,1,55,build,5,0,67,518,381,18,2,58,10,42,0,1,0.3,0,3,157,0,1.86
29,Nova,ai,22,Fri,1,56,build,5,0,48,502,358,15,0,0,6,44,0,1,0.36,0,1,157,0,1.86
29,Nova,ai,22,Fri,1,57,demo,5,0,57,507,362,35,4,136,8,50,0,1,0.74,0,2,157,0,1.86
29,Nova,ai,22,Fri,1,58,demo,5,0,74,527,381,29,2,78,11,38,0,1,0.76,0,1,157,0,1.86
29,Nova,ai,22,Fri,1,59,price,5,0,75,538,387,20,3,87,6,37,0,0,0.04,1,1,155,0,1.86
29,Nova,ai,22,Fri,1,60,cta,5,0,60,526,369,26,2,58,6,56,0,0,0.07,0,3,157,0,1.86
29,Nova,ai,22,Fri,1,61,fomo,5,0,54,524,376,21,1,29,12,44,0,0,0.12,0,2,156,1,1.86
29,Nova,ai,22,Fri,1,62,fomo,5,0,59,531,386,28,6,174,9,50,0,1,0.1,0,1,157,2,1.86
29,Nova,ai,22,Fri,1,63,filler,5,0,49,472,352,9,0,0,1,41,0,0,0.01,0,3,159,0,1.86
29,Nova,ai,22,Fri,1,64,dead,5,0,61,425,308,3,0,0,3,37,0,0,0.1,0,2,157,0,1.86
29,Nova,ai,22,Fri,1,65,hook,6,0,65,437,294,14,1,49,7,49,0,0,0.05,0,1,160,0,1.86
29,Nova,ai,22,Fri,1,66,hook,6,0,70,461,336,12,1,29,9,63,0,0,0.11,0,2,158,0,1.86
29,Nova,ai,22,Fri,1,67,build,6,0,61,459,327,11,2,58,10,35,0,0,0.25,0,2,161,0,1.86
29,Nova,ai,22,Fri,1,68,build,6,0,56,442,326,17,1,49,7,57,0,1,0.26,0,3,157,0,1.86
29,Nova,ai,22,Fri,1,69,build,6,0,69,452,328,16,1,49,10,40,0,1,0.33,0,3,158,0,1.86
29,Nova,ai,22,Fri,1,70,demo,6,0,56,464,327,27,2,58,7,48,0,1,0.47,0,3,160,0,1.86
29,Nova,ai,22,Fri,1,71,demo,6,0,52,461,331,25,3,107,12,47,0,0,0.68,0,1,156,0,1.86
29,Nova,ai,22,Fri,1,72,demo,6,0,60,473,352,38,1,29,6,45,0,1,0.75,0,3,160,0,1.86
29,Nova,ai,22,Fri,1,73,price,6,0,62,464,343,24,5,145,4,39,0,1,0.14,1,3,160,0,1.86
29,Nova,ai,22,Fri,1,74,cta,6,0,66,471,330,31,4,116,3,39,0,1,0.09,1,2,156,0,1.86
29,Nova,ai,22,Fri,1,75,cta,6,0,72,471,348,31,3,107,5,43,0,0,0.1,1,3,156,0,1.86
29,Nova,ai,22,Fri,1,76,fomo,6,0,62,483,352,22,1,29,8,48,0,0,0.1,0,2,160,1,1.86
29,Nova,ai,22,Fri,1,77,fomo,6,0,54,480,347,25,4,156,11,40,0,0,0.08,0,2,160,2,1.86
29,Nova,ai,22,Fri,1,78,filler,6,0,50,429,308,6,0,0,9,38,0,0,0.05,0,3,156,0,1.86
29,Nova,ai,22,Fri,1,79,filler,6,0,49,392,291,7,1,29,2,32,0,0,0.02,0,2,159,0,1.86
29,Nova,ai,22,Fri,1,80,hook,7,0,58,397,295,7,1,49,6,36,0,1,0.09,0,2,159,0,1.86
29,Nova,ai,22,Fri,1,81,hook,7,0,80,411,294,9,1,29,7,34,0,0,0.01,0,2,157,0,1.86
29,Nova,ai,22,Fri,1,82,build,7,0,62,410,284,11,1,29,7,24,0,1,0.16,0,3,155,0,1.86
29,Nova,ai,22,Fri,1,83,build,7,0,69,421,306,15,2,98,6,35,0,1,0.15,0,3,158,0,1.86
29,Nova,ai,22,Fri,1,84,build,7,0,74,422,292,18,1,29,6,31,0,1,0.23,1,2,157,0,1.86
29,Nova,ai,22,Fri,1,85,build,7,0,60,423,309,28,2,98,10,51,0,1,0.27,0,2,157,0,1.86
29,Nova,ai,22,Fri,1,86,demo,7,0,48,428,326,25,4,116,2,42,0,1,0.79,0,3,156,0,1.86
29,Nova,ai,22,Fri,1,87,demo,7,0,52,427,312,24,3,87,6,35,0,1,0.75,0,1,158,0,1.86
29,Nova,ai,22,Fri,1,88,price,7,0,56,430,328,18,0,0,7,44,0,0,0.12,1,2,161,0,1.86
29,Nova,ai,22,Fri,1,89,cta,7,0,61,431,291,28,5,145,9,34,0,1,0.1,1,2,160,0,1.86
29,Nova,ai,22,Fri,1,90,fomo,7,0,64,451,331,25,3,87,9,40,0,1,0.03,0,1,157,1,1.86
29,Nova,ai,22,Fri,1,91,fomo,7,0,68,475,335,25,1,29,8,37,0,0,0.13,0,1,155,2,1.86
29,Nova,ai,22,Fri,1,92,filler,7,0,52,431,289,8,0,0,2,41,0,0,0.11,0,2,156,0,1.86
29,Nova,ai,22,Fri,1,93,hook,8,0,60,426,295,6,0,0,11,39,0,0,0.02,0,2,156,0,1.86
29,Nova,ai,22,Fri,1,94,build,8,0,53,414,295,14,1,29,7,41,0,0,0.27,0,2,159,0,1.86
29,Nova,ai,22,Fri,1,95,build,8,0,68,424,313,23,2,58,4,38,0,1,0.19,0,1,156,0,1.86
29,Nova,ai,22,Fri,1,96,demo,8,0,78,466,337,31,2,78,17,29,0,1,0.47,0,3,157,0,1.86
29,Nova,ai,22,Fri,1,97,demo,8,0,66,465,351,27,2,78,8,38,0,1,0.64,0,3,156,0,1.86
29,Nova,ai,22,Fri,1,98,demo,8,0,71,478,330,27,6,194,5,48,0,1,0.46,0,1,159,0,1.86
29,Nova,ai,22,Fri,1,99,price,8,0,64,483,333,32,2,58,5,33,0,1,0.13,1,1,157,0,1.86
29,Nova,ai,22,Fri,1,100,cta,8,0,66,481,339,18,2,58,10,49,0,0,0.09,1,1,157,0,1.86
29,Nova,ai,22,Fri,1,101,fomo,8,0,53,479,346,17,1,29,3,54,0,0,0.06,0,3,156,1,1.86
29,Nova,ai,22,Fri,1,102,fomo,8,0,56,477,348,17,2,58,7,40,0,0,0.1,0,2,160,2,1.86
29,Nova,ai,22,Fri,1,103,filler,8,0,52,423,307,8,0,0,6,29,0,0,0.12,0,1,160,0,1.86
29,Nova,ai,22,Fri,1,104,hook,9,0,63,431,308,7,0,0,7,43,0,0,0.07,0,3,157,0,1.86
29,Nova,ai,22,Fri,1,105,build,9,0,51,420,302,18,4,116,14,34,0,0,0.31,0,2,157,0,1.86
29,Nova,ai,22,Fri,1,106,build,9,0,66,408,278,12,1,29,13,30,0,1,0.23,0,1,160,0,1.86
29,Nova,ai,22,Fri,1,107,build,9,0,48,394,265,9,1,29,5,30,0,0,0.32,0,3,156,0,1.86
29,Nova,ai,22,Fri,1,108,demo,9,0,67,412,291,26,1,29,9,29,0,1,0.81,0,2,157,0,1.86
29,Nova,ai,22,Fri,1,109,demo,9,0,55,426,305,27,2,58,7,43,0,1,0.81,0,2,159,0,1.86
29,Nova,ai,22,Fri,1,110,demo,9,0,56,426,317,37,2,58,7,44,0,1,0.6,0,3,158,0,1.86
29,Nova,ai,22,Fri,1,111,price,9,0,44,413,304,25,3,107,11,38,0,0,0.06,1,3,159,0,1.86
29,Nova,ai,22,Fri,1,112,cta,9,0,47,409,288,27,5,145,3,38,0,1,0.08,1,2,156,0,1.86
29,Nova,ai,22,Fri,1,113,fomo,9,0,67,430,302,16,1,29,7,44,0,0,0.06,0,1,159,1,1.86
29,Nova,ai,22,Fri,1,114,fomo,9,0,62,444,333,26,0,0,10,34,0,0,0.04,0,3,156,2,1.86
29,Nova,ai,22,Fri,1,115,filler,9,0,49,404,279,5,0,0,4,33,0,0,0.07,0,1,159,0,1.86
29,Nova,ai,22,Fri,1,116,filler,9,0,44,360,257,7,0,0,1,33,0,0,0.07,0,2,158,0,1.86
29,Nova,ai,22,Fri,1,117,hook,10,0,47,361,262,12,0,0,3,29,0,1,0.14,0,2,160,0,1.86
29,Nova,ai,22,Fri,1,118,hook,10,0,48,359,260,5,0,0,6,31,0,0,0.11,0,3,159,0,1.86
29,Nova,ai,22,Fri,1,119,build,10,0,59,353,249,19,1,29,6,38,0,1,0.34,0,2,159,0,1.86
29,Nova,ai,22,Fri,1,120,build,10,0,57,354,257,13,0,0,5,26,0,0,0.18,1,2,161,0,1.86
30,Priya,human,18,Sat,1,1,hook,1,1,83,83,61,4,0,0,2,13,0,0,0.14,1,5,137,0,1
30,Priya,human,18,Sat,1,2,hook,1,1,86,160,118,0,0,0,8,43,0,0,0.14,0,6,153,0,1
30,Priya,human,18,Sat,1,3,hook,1,1,72,215,157,5,0,0,13,45,0,0,0.07,0,6,162,0,1
30,Priya,human,18,Sat,1,4,hook,1,1,76,277,204,8,0,0,11,56,0,0,0.04,0,6,138,0,1
30,Priya,human,18,Sat,1,5,hook,1,1,85,333,245,7,0,0,19,80,0,0,0.05,0,5,127,0,1
30,Priya,human,18,Sat,1,6,hook,1,1,74,375,276,11,0,0,13,79,0,1,0.01,0,4,143,0,1
30,Priya,human,18,Sat,1,7,demo,1,0,68,414,295,23,4,116,12,33,0,1,0.52,0,3,173,0,1
30,Priya,human,18,Sat,1,8,demo,1,0,64,437,317,26,1,29,5,41,0,1,0.71,0,2,173,0,1
30,Priya,human,18,Sat,1,9,demo,1,0,68,457,321,31,2,58,9,58,0,1,0.65,0,2,143,0,1
30,Priya,human,18,Sat,1,10,demo,1,0,64,481,354,29,3,87,11,51,0,0,0.73,0,3,149,0,1
30,Priya,human,18,Sat,1,11,price,1,0,106,536,373,23,3,87,9,50,0,0,0.03,1,6,163,0,1.95
30,Priya,human,18,Sat,1,12,cta,1,0,116,591,447,35,6,174,7,53,0,0,0.07,1,5,130,0,1.95
30,Priya,human,18,Sat,1,13,fomo,1,0,112,668,478,34,5,165,9,62,0,0,0.03,0,4,168,1,1.95
30,Priya,human,18,Sat,1,14,fomo,1,0,133,751,537,38,8,232,7,72,0,0,0.12,0,6,132,2,1.95
30,Priya,human,18,Sat,1,15,qna,1,0,132,818,593,32,5,165,29,86,6,1,0.14,0,5,164,0,1.95
30,Priya,human,18,Sat,1,16,qna,1,0,112,884,613,32,4,116,32,108,6,0,0.02,0,5,184,0,1.95
30,Priya,human,18,Sat,1,17,qna,1,0,118,939,670,25,2,78,48,113,6,0,0.12,0,7,154,0,1.95
30,Priya,human,18,Sat,1,18,qna,1,0,104,985,719,27,2,58,47,95,6,0,0.06,0,4,132,0,1.95
30,Priya,human,18,Sat,1,19,filler,1,0,113,931,659,17,0,0,13,96,0,0,0.1,0,2,185,0,1.95
30,Priya,human,18,Sat,1,20,hook,2,0,118,972,707,19,0,0,18,95,0,0,0.1,0,6,187,0,1.95
30,Priya,human,18,Sat,1,21,hook,2,0,100,958,688,32,1,49,14,96,0,1,0.13,0,7,173,0,1.95
30,Priya,human,18,Sat,1,22,build,2,0,114,976,686,26,4,136,16,75,0,0,0.29,0,4,120,0,1.95
30,Priya,human,18,Sat,1,23,build,2,0,130,1012,752,56,2,58,20,95,0,1,0.33,0,6,133,0,1.95
30,Priya,human,18,Sat,1,24,build,2,0,118,1029,770,55,7,243,13,103,0,1,0.37,0,6,151,0,1.95
30,Priya,human,18,Sat,1,25,demo,2,0,129,1090,778,79,11,419,25,113,0,1,0.74,0,3,134,0,1.95
30,Priya,human,18,Sat,1,26,demo,2,0,124,1109,792,84,6,174,16,94,0,1,0.75,0,5,143,0,1.95
30,Priya,human,18,Sat,1,27,demo,2,0,110,1108,826,63,4,136,17,109,0,0,0.53,0,7,153,0,1.95
30,Priya,human,18,Sat,1,28,demo,2,0,109,1113,798,79,7,203,19,108,0,1,0.8,0,4,161,0,1.95
30,Priya,human,18,Sat,1,29,demo,2,0,115,1130,822,77,9,281,10,104,0,1,0.71,0,2,158,0,1.95
30,Priya,human,18,Sat,1,30,price,2,0,119,1145,830,53,2,78,28,107,0,0,0.13,1,3,188,0,1.95
30,Priya,human,18,Sat,1,31,cta,2,0,124,1129,813,86,14,466,14,119,0,1,0.07,1,4,157,0,1.95
30,Priya,human,18,Sat,1,32,fomo,2,0,104,1103,798,63,8,272,31,102,0,0,0.07,0,2,171,1,1.95
30,Priya,human,18,Sat,1,33,fomo,2,0,122,1135,818,44,7,283,16,98,0,0,0.04,0,5,122,2,1.95
30,Priya,human,18,Sat,1,34,qna,2,0,107,1161,799,43,5,145,29,137,6,0,0.09,1,2,177,0,1.95
30,Priya,human,18,Sat,1,35,qna,2,0,107,1183,879,37,4,116,41,133,6,0,0.13,0,6,128,0,1.95
30,Priya,human,18,Sat,1,36,qna,2,0,123,1213,857,31,5,185,39,139,6,0,0.1,0,2,173,0,1.95
30,Priya,human,18,Sat,1,37,hook,3,0,126,1218,886,26,1,29,18,117,0,0,0.01,0,7,188,0,1.95
30,Priya,human,18,Sat,1,38,hook,3,0,118,1209,870,33,4,136,20,109,0,0,0.13,0,6,134,0,1.95
30,Priya,human,18,Sat,1,39,build,3,0,110,1194,845,49,1,49,15,98,0,1,0.3,0,2,123,0,1.95
30,Priya,human,18,Sat,1,40,build,3,0,125,1205,870,41,5,145,26,101,0,0,0.24,0,6,160,0,1.95
30,Priya,human,18,Sat,1,41,build,3,0,109,1164,836,42,5,145,14,111,0,0,0.23,0,3,146,0,1.95
30,Priya,human,18,Sat,1,42,demo,3,0,111,1191,858,84,13,497,22,112,0,1,0.84,0,7,178,0,1.95
30,Priya,human,18,Sat,1,43,demo,3,0,110,1214,873,95,15,475,20,103,0,1,0.59,0,3,167,0,1.95
30,Priya,human,18,Sat,1,44,demo,3,0,115,1224,896,94,12,408,18,112,0,1,0.78,0,4,151,0,1.95
30,Priya,human,18,Sat,1,45,demo,3,0,106,1212,891,72,10,370,27,110,0,1,0.57,0,6,184,0,1.95
30,Priya,human,18,Sat,1,46,price,3,0,107,1193,858,73,9,301,13,116,0,0,0.1,0,6,145,0,1.95
30,Priya,human,18,Sat,1,47,cta,3,0,108,1190,889,78,10,290,18,104,0,0,0.1,0,3,123,0,1.95
30,Priya,human,18,Sat,1,48,cta,3,0,96,1157,823,76,3,107,30,77,0,1,0.11,0,6,135,0,1.95
30,Priya,human,18,Sat,1,49,fomo,3,0,109,1173,851,54,7,223,25,93,0,0,0.14,0,3,178,1,1.95
30,Priya,human,18,Sat,1,50,fomo,3,0,106,1184,852,46,9,321,18,117,0,0,0.09,0,5,122,2,1.95
30,Priya,human,18,Sat,1,51,qna,3,0,118,1212,870,31,2,58,49,123,6,0,0.04,0,6,180,0,1.95
30,Priya,human,18,Sat,1,52,qna,3,0,101,1232,897,32,3,87,54,130,6,0,0.04,0,2,158,0,1.95
30,Priya,human,18,Sat,1,53,qna,3,0,107,1255,902,27,5,165,53,169,6,0,0.05,0,6,165,0,1.95
30,Priya,human,18,Sat,1,54,qna,3,0,99,1251,924,36,4,136,39,159,6,0,0.02,0,6,160,0,1.95
30,Priya,human,18,Sat,1,55,hook,4,0,120,1254,906,27,3,107,27,111,0,0,0.09,0,3,148,0,1.95
30,Priya,human,18,Sat,1,56,build,4,0,113,1248,913,79,8,252,22,123,0,1,0.26,1,3,176,0,1.95
30,Priya,human,18,Sat,1,57,build,4,0,99,1207,878,44,5,165,14,107,0,0,0.19,0,4,150,0,1.95
30,Priya,human,18,Sat,1,58,build,4,0,114,1178,842,56,10,330,22,110,0,1,0.38,0,4,151,0,1.95
30,Priya,human,18,Sat,1,59,build,4,0,113,1162,833,64,6,174,21,116,0,1,0.25,0,4,132,0,1.95
30,Priya,human,18,Sat,1,60,demo,4,0,103,1178,891,82,9,341,27,119,0,1,0.74,0,6,169,0,1.95
30,Priya,human,18,Sat,1,61,demo,4,0,108,1199,857,68,10,310,20,119,0,1,0.67,0,6,151,0,1.95
30,Priya,human,18,Sat,1,62,demo,4,0,97,1193,859,72,18,602,34,113,0,1,0.58,0,5,173,0,1.95
30,Priya,human,18,Sat,1,63,demo,4,0,104,1198,861,72,9,281,12,123,0,1,0.52,0,6,145,0,1.95
30,Priya,human,18,Sat,1,64,demo,4,0,95,1188,862,87,8,292,28,97,0,1,0.81,0,3,121,0,1.95
30,Priya,human,18,Sat,1,65,price,4,0,94,1159,830,64,7,243,15,103,0,1,0.03,1,6,180,0,1.95
30,Priya,human,18,Sat,1,66,cta,4,0,94,1119,780,76,16,524,13,83,0,0,0.01,1,3,125,0,1.95
30,Priya,human,18,Sat,1,67,fomo,4,0,101,1125,803,42,3,127,26,94,0,0,0.15,0,5,150,1,1.95
30,Priya,human,18,Sat,1,68,fomo,4,0,100,1136,823,51,12,348,24,102,0,0,0.13,0,5,174,2,1.95
30,Priya,human,18,Sat,1,69,qna,4,0,106,1149,832,38,5,205,46,144,6,0,0,0,7,179,0,1.95
30,Priya,human,18,Sat,1,70,qna,4,0,105,1172,844,39,3,127,42,155,6,1,0.1,0,3,132,0,1.95
30,Priya,human,18,Sat,1,71,hook,5,0,121,1161,826,35,4,116,22,97,0,1,0.02,0,6,124,0,1.95
30,Priya,human,18,Sat,1,72,hook,5,0,118,1169,848,33,3,147,19,98,0,0,0.02,0,4,182,0,1.95
30,Priya,human,18,Sat,1,73,build,5,0,88,1127,817,39,4,136,23,94,0,1,0.23,0,5,144,0,1.95
30,Priya,human,18,Sat,1,74,build,5,0,110,1110,804,40,3,87,19,99,0,0,0.21,0,7,182,0,1.95
30,Priya,human,18,Sat,1,75,demo,5,0,109,1125,797,71,4,156,23,108,0,1,0.66,0,3,170,0,1.95
30,Priya,human,18,Sat,1,76,demo,5,0,100,1124,832,86,8,232,15,95,0,1,0.54,0,4,155,0,1.95
30,Priya,human,18,Sat,1,77,demo,5,0,94,1138,819,89,13,437,15,104,0,1,0.47,1,4,171,0,1.95
30,Priya,human,18,Sat,1,78,demo,5,0,94,1124,793,84,9,281,23,104,0,1,0.66,0,3,183,0,1.95
30,Priya,human,18,Sat,1,79,demo,5,0,102,1120,807,69,4,156,19,94,0,1,0.52,0,3,149,0,1.95
30,Priya,human,18,Sat,1,80,price,5,0,94,1096,805,48,4,156,15,94,0,0,0.04,0,5,164,0,1.95
30,Priya,human,18,Sat,1,81,cta,5,0,99,1065,779,66,9,301,8,96,0,1,0.11,0,6,172,0,1.95
30,Priya,human,18,Sat,1,82,cta,5,0,96,1053,748,65,12,448,16,71,0,0,0.13,1,3,181,0,1.95
30,Priya,human,18,Sat,1,83,fomo,5,0,80,1042,748,33,6,194,21,100,0,0,0.01,0,4,182,1,1.95
30,Priya,human,18,Sat,1,84,fomo,5,0,105,1067,757,49,7,283,18,109,0,1,0.14,0,5,179,2,1.95
30,Priya,human,18,Sat,1,85,qna,5,0,100,1112,802,43,2,58,43,132,6,0,0.13,0,3,148,0,1.95
30,Priya,human,18,Sat,1,86,qna,5,0,96,1122,838,30,5,145,40,121,6,0,0.03,0,5,171,0,1.95
30,Priya,human,18,Sat,1,87,dead,5,0,102,1011,731,19,0,0,6,93,0,0,0.02,0,6,20,0,1.95
30,Priya,human,18,Sat,1,88,hook,6,0,96,1007,729,25,1,29,19,109,0,0,0.14,0,6,129,0,1.95
30,Priya,human,18,Sat,1,89,build,6,0,111,1015,742,46,4,136,12,75,0,1,0.17,0,4,164,0,1.95
30,Priya,human,18,Sat,1,90,build,6,0,102,1011,740,38,4,136,18,101,0,0,0.15,0,4,136,0,1.95
30,Priya,human,18,Sat,1,91,build,6,0,117,1016,738,41,2,78,14,97,0,0,0.39,0,2,163,0,1.95
30,Priya,human,18,Sat,1,92,build,6,0,108,1025,749,51,4,136,22,84,0,1,0.26,0,6,172,0,1.95
30,Priya,human,18,Sat,1,93,demo,6,0,99,1024,745,73,7,243,28,82,0,1,0.64,0,3,167,0,1.95
30,Priya,human,18,Sat,1,94,demo,6,0,104,1043,759,81,5,185,17,88,0,1,0.83,0,4,162,0,1.95
30,Priya,human,18,Sat,1,95,demo,6,0,101,1062,782,68,10,330,23,92,0,0,0.61,0,4,129,0,1.95
30,Priya,human,18,Sat,1,96,demo,6,0,111,1082,792,71,4,136,18,123,0,1,0.6,0,6,143,0,1.95
30,Priya,human,18,Sat,1,97,price,6,0,102,1071,787,65,7,283,12,112,0,1,0.08,1,4,131,0,1.95
30,Priya,human,18,Sat,1,98,cta,6,0,98,1037,745,55,11,379,12,81,0,0,0.03,0,6,126,0,1.95
30,Priya,human,18,Sat,1,99,cta,6,0,97,1014,731,85,9,321,22,101,0,1,0.13,1,3,187,0,1.95
30,Priya,human,18,Sat,1,100,fomo,6,0,104,1039,747,42,7,263,21,74,0,0,0.12,0,4,125,1,1.95
30,Priya,human,18,Sat,1,101,fomo,6,0,93,1040,738,45,6,214,14,101,0,0,0.14,0,3,150,2,1.95
30,Priya,human,18,Sat,1,102,qna,6,0,88,1044,752,33,4,156,41,105,6,0,0.02,0,6,183,0,1.95
30,Priya,human,18,Sat,1,103,qna,6,0,101,1070,755,30,2,78,44,144,6,0,0.07,0,2,154,0,1.95
30,Priya,human,18,Sat,1,104,qna,6,0,99,1088,776,39,4,136,37,136,6,1,0.11,0,2,154,0,1.95
30,Priya,human,18,Sat,1,105,qna,6,0,96,1113,824,33,1,29,50,122,6,0,0.12,0,6,171,0,1.95
30,Priya,human,18,Sat,1,106,hook,7,0,90,1081,775,57,6,214,24,109,0,1,0.12,0,5,132,0,1.95
30,Priya,human,18,Sat,1,107,build,7,0,79,1050,767,37,4,136,24,101,0,0,0.34,0,2,150,0,1.95
30,Priya,human,18,Sat,1,108,build,7,0,103,1046,742,57,3,87,18,87,0,1,0.35,0,4,176,0,1.95
30,Priya,human,18,Sat,1,109,demo,7,0,82,1014,721,85,6,194,15,92,0,1,0.74,1,5,165,0,1.95
30,Priya,human,18,Sat,1,110,demo,7,0,93,1014,720,72,8,272,20,110,0,1,0.76,0,5,175,0,1.95
30,Priya,human,18,Sat,1,111,demo,7,0,93,1011,727,81,9,301,18,84,0,1,0.84,0,4,170,0,1.95
30,Priya,human,18,Sat,1,112,demo,7,0,86,1015,736,52,4,156,14,88,0,1,0.45,0,3,182,0,1.95
30,Priya,human,18,Sat,1,113,price,7,0,80,995,728,42,6,194,23,90,0,0,0.11,1,3,184,0,1.95
30,Priya,human,18,Sat,1,114,cta,7,0,115,1018,743,71,12,368,14,89,0,1,0.02,0,4,136,0,1.95
30,Priya,human,18,Sat,1,115,fomo,7,0,88,1028,746,54,8,252,18,109,0,0,0.11,0,3,154,1,1.95
30,Priya,human,18,Sat,1,116,fomo,7,0,94,1045,742,42,4,116,19,96,0,0,0.1,0,2,160,2,1.95
30,Priya,human,18,Sat,1,117,qna,7,0,105,1076,786,33,3,107,42,118,6,0,0.08,0,3,143,0,1.95
30,Priya,human,18,Sat,1,118,qna,7,0,97,1088,779,40,4,176,38,139,6,0,0.05,0,2,125,0,1.95
30,Priya,human,18,Sat,1,119,qna,7,0,97,1092,799,50,5,185,38,134,6,1,0.04,0,2,188,0,1.95
30,Priya,human,18,Sat,1,120,qna,7,0,91,1096,798,27,4,136,37,129,6,0,0.08,0,6,132,0,1.95
31,Priya,human,20,Sun,0,1,hook,1,0,62,62,44,2,0,0,1,1,0,1,0,0,3,160,0,1
31,Priya,human,20,Sun,0,2,build,1,0,63,122,83,3,1,29,0,12,0,1,0.17,0,5,150,0,1
31,Priya,human,20,Sun,0,3,build,1,0,67,177,130,6,0,0,5,20,0,0,0.22,0,5,173,0,1
31,Priya,human,20,Sun,0,4,demo,1,0,64,222,163,17,2,58,3,13,0,1,0.57,0,7,125,0,1
31,Priya,human,20,Sun,0,5,demo,1,0,67,270,186,8,1,29,5,21,0,1,0.48,0,5,135,0,1
31,Priya,human,20,Sun,0,6,demo,1,0,57,313,230,17,5,185,7,38,0,1,0.62,0,5,175,0,1
31,Priya,human,20,Sun,0,7,price,1,0,59,351,249,24,6,214,8,28,0,1,0.04,1,6,161,0,1
31,Priya,human,20,Sun,0,8,cta,1,0,56,370,266,30,5,145,12,35,0,1,0.04,1,5,146,0,1
31,Priya,human,20,Sun,0,9,cta,1,0,49,366,246,22,5,145,5,36,0,0,0.05,1,4,183,0,1
31,Priya,human,20,Sun,0,10,fomo,1,0,59,406,295,22,2,58,7,35,0,0,0.08,1,6,171,1,1
31,Priya,human,20,Sun,0,11,fomo,1,0,78,450,337,21,2,78,15,30,0,0,0.12,0,4,149,2,1.32
31,Priya,human,20,Sun,0,12,qna,1,0,89,507,371,16,1,49,14,51,6,0,0,0,7,147,0,1.32
31,Priya,human,20,Sun,0,13,qna,1,0,82,551,397,17,2,58,22,68,6,0,0.03,0,5,143,0,1.32
31,Priya,human,20,Sun,0,14,qna,1,0,75,589,429,26,3,87,16,76,6,0,0.01,0,5,189,0,1.32
31,Priya,human,20,Sun,0,15,qna,1,0,66,616,438,22,4,116,18,73,6,1,0.06,0,6,169,0,1.32
31,Priya,human,20,Sun,0,16,dead,1,0,90,596,443,13,2,58,5,45,0,0,0.08,0,2,20,0,1.32
31,Priya,human,20,Sun,0,17,hook,2,0,83,624,449,16,0,0,10,58,0,0,0.07,0,3,129,0,1.32
31,Priya,human,20,Sun,0,18,hook,2,0,84,647,452,16,2,58,13,72,0,0,0.12,0,3,155,0,1.32
31,Priya,human,20,Sun,0,19,build,2,0,74,661,456,25,2,58,12,57,0,1,0.31,1,3,135,0,1.32
31,Priya,human,20,Sun,0,20,build,2,0,73,669,471,33,2,58,21,58,0,1,0.27,0,3,124,0,1.32
31,Priya,human,20,Sun,0,21,build,2,0,61,671,474,30,3,107,8,48,0,0,0.38,0,4,125,0,1.32
31,Priya,human,20,Sun,0,22,demo,2,0,81,702,510,55,7,223,17,78,0,1,0.52,0,3,153,0,1.32
31,Priya,human,20,Sun,0,23,demo,2,0,76,707,518,48,6,214,13,59,0,1,0.7,0,5,147,0,1.32
31,Priya,human,20,Sun,0,24,demo,2,0,72,713,526,40,4,136,11,58,0,1,0.84,0,3,156,0,1.32
31,Priya,human,20,Sun,0,25,demo,2,0,68,705,496,48,3,107,12,71,0,1,0.79,0,4,143,0,1.32
31,Priya,human,20,Sun,0,26,demo,2,0,72,722,534,45,5,185,20,62,0,1,0.51,0,6,121,0,1.32
31,Priya,human,20,Sun,0,27,price,2,0,83,746,536,52,8,252,10,63,0,1,0.07,1,2,120,0,1.32
31,Priya,human,20,Sun,0,28,cta,2,0,77,737,544,42,8,312,18,51,0,0,0.07,0,6,151,0,1.32
31,Priya,human,20,Sun,0,29,cta,2,0,71,736,510,48,11,399,13,63,0,1,0.06,1,5,168,0,1.32
31,Priya,human,20,Sun,0,30,fomo,2,0,81,749,539,30,4,116,11,63,0,0,0.08,0,4,159,1,1.32
31,Priya,human,20,Sun,0,31,fomo,2,0,77,778,572,42,10,390,7,67,0,1,0.09,0,3,121,2,1.32
31,Priya,human,20,Sun,0,32,qna,2,0,65,797,582,17,4,116,36,103,6,0,0.06,0,4,161,0,1.32
31,Priya,human,20,Sun,0,33,qna,2,0,55,806,582,31,6,234,38,79,6,0,0,0,3,173,0,1.32
31,Priya,human,20,Sun,0,34,qna,2,0,64,811,583,27,2,58,30,104,6,0,0.13,0,4,179,0,1.32
31,Priya,human,20,Sun,0,35,hook,3,0,80,820,601,23,2,58,14,55,0,0,0.07,0,5,171,0,1.32
31,Priya,human,20,Sun,0,36,build,3,0,60,780,583,42,8,232,21,82,0,1,0.29,1,5,171,0,1.32
31,Priya,human,20,Sun,0,37,build,3,0,60,745,544,50,5,145,12,53,0,1,0.3,0,4,128,0,1.32
31,Priya,human,20,Sun,0,38,build,3,0,76,756,547,43,7,203,13,55,0,1,0.22,0,5,167,0,1.32
31,Priya,human,20,Sun,0,39,demo,3,0,85,772,561,56,6,174,12,64,0,1,0.83,0,5,148,0,1.32
31,Priya,human,20,Sun,0,40,demo,3,0,81,770,541,43,7,223,11,82,0,1,0.53,0,4,168,0,1.32
31,Priya,human,20,Sun,0,41,demo,3,0,81,791,570,69,7,243,16,67,0,1,0.85,0,3,138,0,1.32
31,Priya,human,20,Sun,0,42,price,3,0,77,803,567,42,5,185,17,87,0,0,0.09,1,4,178,0,1.32
31,Priya,human,20,Sun,0,43,cta,3,0,59,769,554,60,15,535,15,54,0,1,0.06,1,7,181,0,1.32
31,Priya,human,20,Sun,0,44,cta,3,0,76,758,576,42,5,145,14,63,0,0,0.14,1,2,126,0,1.32
31,Priya,human,20,Sun,0,45,fomo,3,0,79,784,558,52,10,350,21,57,0,1,0.15,1,3,151,1,1.32
31,Priya,human,20,Sun,0,46,fomo,3,0,79,789,558,42,6,194,18,62,0,0,0.1,0,5,146,2,1.32
31,Priya,human,20,Sun,0,47,qna,3,0,61,800,593,28,3,87,28,96,6,1,0.02,0,5,154,0,1.32
31,Priya,human,20,Sun,0,48,qna,3,0,82,836,624,18,2,58,31,107,6,0,0.06,0,5,134,0,1.32
31,Priya,human,20,Sun,0,49,qna,3,0,68,846,596,33,4,136,31,100,6,1,0.07,0,5,126,0,1.32
31,Priya,human,20,Sun,0,50,hook,4,0,70,837,594,29,6,234,9,83,0,0,0.03,0,3,182,0,1.32
31,Priya,human,20,Sun,0,51,hook,4,0,81,828,597,26,2,58,13,79,0,0,0.07,0,6,132,0,1.32
31,Priya,human,20,Sun,0,52,build,4,0,77,811,578,46,7,223,13,74,0,1,0.18,1,4,165,0,1.32
31,Priya,human,20,Sun,0,53,build,4,0,69,784,572,36,5,145,17,63,0,1,0.16,0,3,169,0,1.32
31,Priya,human,20,Sun,0,54,build,4,0,66,753,549,45,8,252,13,52,0,1,0.18,0,6,153,0,1.32
31,Priya,human,20,Sun,0,55,demo,4,0,54,742,534,48,5,185,11,81,0,1,0.74,0,4,133,0,1.32
31,Priya,human,20,Sun,0,56,demo,4,0,78,768,536,56,9,281,12,87,0,1,0.64,0,3,148,0,1.32
31,Priya,human,20,Sun,0,57,demo,4,0,83,793,576,68,4,136,16,68,0,1,0.69,0,5,158,0,1.32
31,Priya,human,20,Sun,0,58,price,4,0,51,770,553,46,10,410,13,62,0,1,0.08,1,5,125,0,1.32
31,Priya,human,20,Sun,0,59,cta,4,0,68,748,549,60,18,622,12,66,0,1,0.09,1,6,164,0,1.32
31,Priya,human,20,Sun,0,60,fomo,4,0,67,758,555,27,2,58,17,86,0,0,0.07,0,4,181,1,1.32
31,Priya,human,20,Sun,0,61,fomo,4,0,75,765,544,33,3,107,14,73,0,0,0.1,0,3,179,2,1.32
31,Priya,human,20,Sun,0,62,qna,4,0,86,798,594,27,3,87,22,95,6,0,0.09,0,6,161,0,1.32
31,Priya,human,20,Sun,0,63,qna,4,0,76,809,580,27,4,116,26,105,6,0,0.11,0,4,142,0,1.32
31,Priya,human,20,Sun,0,64,hook,5,0,78,808,571,16,1,49,8,69,0,0,0.14,0,3,177,0,1.32
31,Priya,human,20,Sun,0,65,hook,5,0,66,789,595,18,1,49,12,66,0,0,0.02,0,5,173,0,1.32
31,Priya,human,20,Sun,0,66,build,5,0,58,763,541,33,2,58,8,58,0,0,0.31,1,3,169,0,1.32
31,Priya,human,20,Sun,0,67,build,5,0,60,753,533,35,4,156,11,80,0,0,0.22,0,4,179,0,1.32
31,Priya,human,20,Sun,0,68,build,5,0,62,727,509,36,5,205,8,69,0,1,0.37,0,3,121,0,1.32
31,Priya,human,20,Sun,0,69,demo,5,0,65,727,520,51,11,359,16,72,0,1,0.46,0,3,124,0,1.32
31,Priya,human,20,Sun,0,70,demo,5,0,71,745,525,40,6,194,14,66,0,1,0.84,0,7,152,0,1.32
31,Priya,human,20,Sun,0,71,demo,5,0,55,739,536,59,8,252,14,72,0,1,0.46,0,3,178,0,1.32
31,Priya,human,20,Sun,0,72,demo,5,0,60,739,518,47,8,252,9,72,0,1,0.51,0,3,186,0,1.32
31,Priya,human,20,Sun,0,73,price,5,0,68,732,529,50,12,428,18,63,0,0,0.1,0,3,188,0,1.32
31,Priya,human,20,Sun,0,74,cta,5,0,60,704,519,53,8,272,12,69,0,1,0.08,1,2,156,0,1.32
31,Priya,human,20,Sun,0,75,cta,5,0,49,681,483,40,12,368,11,69,0,0,0.02,1,5,162,0,1.32
31,Priya,human,20,Sun,0,76,fomo,5,0,63,680,485,33,4,156,17,49,0,0,0.15,0,7,187,1,1.32
31,Priya,human,20,Sun,0,77,fomo,5,0,62,682,488,26,5,165,14,64,0,0,0,0,4,174,2,1.32
31,Priya,human,20,Sun,0,78,qna,5,0,70,705,506,20,3,107,21,85,6,0,0.06,1,6,123,0,1.32
31,Priya,human,20,Sun,0,79,qna,5,0,69,716,496,28,2,58,24,95,6,0,0.08,0,6,165,0,1.32
31,Priya,human,20,Sun,0,80,qna,5,0,66,733,514,22,1,29,32,80,6,0,0.08,1,7,155,0,1.32
31,Priya,human,20,Sun,0,81,hook,6,0,71,727,527,24,4,136,14,67,0,0,0.14,0,3,136,0,1.32
31,Priya,human,20,Sun,0,82,hook,6,0,52,708,527,24,2,98,8,63,0,0,0.08,0,4,124,0,1.32
31,Priya,human,20,Sun,0,83,build,6,0,63,684,475,33,4,136,7,62,0,1,0.26,0,3,176,0,1.32
31,Priya,human,20,Sun,0,84,build,6,0,62,659,473,34,3,87,10,66,0,1,0.2,0,4,154,0,1.32
31,Priya,human,20,Sun,0,85,build,6,0,75,666,491,35,4,116,9,54,0,1,0.36,0,7,182,0,1.32
31,Priya,human,20,Sun,0,86,demo,6,0,65,667,477,50,3,107,12,62,0,1,0.71,0,5,133,0,1.32
31,Priya,human,20,Sun,0,87,demo,6,0,70,681,483,48,3,87,8,64,0,1,0.75,0,7,175,0,1.32
31,Priya,human,20,Sun,0,88,demo,6,0,74,681,489,43,8,272,16,67,0,1,0.72,0,4,183,0,1.32
31,Priya,human,20,Sun,0,89,price,6,0,58,667,474,37,7,263,16,56,0,1,0.04,0,6,136,0,1.32
31,Priya,human,20,Sun,0,90,cta,6,0,81,684,506,50,7,263,11,55,0,0,0.05,1,4,171,0,1.32
31,Priya,human,20,Sun,0,91,cta,6,0,68,688,488,52,13,397,13,70,0,1,0.04,0,5,188,0,1.32
31,Priya,human,20,Sun,0,92,fomo,6,0,57,694,489,31,5,185,11,66,0,0,0.11,0,4,166,1,1.32
31,Priya,human,20,Sun,0,93,fomo,6,0,66,699,489,38,6,194,16,62,0,1,0,0,6,133,2,1.32
31,Priya,human,20,Sun,0,94,qna,6,0,55,699,489,15,0,0,22,79,6,0,0.15,0,6,168,0,1.32
31,Priya,human,20,Sun,0,95,qna,6,0,56,706,500,32,3,127,26,97,6,0,0.12,0,7,160,0,1.32
31,Priya,human,20,Sun,0,96,qna,6,0,66,722,540,20,3,87,23,88,6,0,0.12,0,3,181,0,1.32
31,Priya,human,20,Sun,0,97,qna,6,0,58,732,527,37,7,243,33,89,6,1,0.01,0,3,139,0,1.32
31,Priya,human,20,Sun,0,98,hook,7,0,62,714,520,24,2,78,13,66,0,0,0.08,0,7,130,0,1.32
31,Priya,human,20,Sun,0,99,build,7,0,72,706,517,29,2,58,14,57,0,1,0.32,0,4,185,0,1.32
31,Priya,human,20,Sun,0,100,build,7,0,68,688,485,32,2,58,8,42,0,1,0.27,0,4,179,0,1.32
31,Priya,human,20,Sun,0,101,demo,7,0,47,672,481,40,7,223,15,68,0,1,0.84,0,6,148,0,1.32
31,Priya,human,20,Sun,0,102,demo,7,0,58,669,486,53,7,223,15,53,0,1,0.68,0,2,124,0,1.32
31,Priya,human,20,Sun,0,103,demo,7,0,58,682,487,47,5,185,12,53,0,1,0.74,0,5,164,0,1.32
31,Priya,human,20,Sun,0,104,demo,7,0,62,675,502,46,4,156,11,65,0,1,0.83,0,5,155,0,1.32
31,Priya,human,20,Sun,0,105,price,7,0,79,674,475,33,10,330,8,69,0,1,0.09,1,3,159,0,1.32
31,Priya,human,20,Sun,0,106,cta,7,0,65,653,483,62,9,321,12,57,0,0,0.13,1,4,142,0,1.32
31,Priya,human,20,Sun,0,107,fomo,7,0,55,661,476,25,2,58,14,54,0,0,0.12,0,7,143,1,1.32
31,Priya,human,20,Sun,0,108,qna,7,0,60,666,473,24,4,136,21,80,6,0,0.06,0,3,162,0,1.32
31,Priya,human,20,Sun,0,109,qna,7,0,74,706,517,29,3,107,26,83,6,0,0.11,0,2,178,0,1.32
31,Priya,human,20,Sun,0,110,qna,7,0,65,715,505,29,4,136,19,96,6,0,0.13,0,5,160,0,1.32
31,Priya,human,20,Sun,0,111,filler,7,0,56,658,465,17,0,0,2,48,0,0,0.09,1,6,122,0,1.32
31,Priya,human,20,Sun,0,112,hook,8,0,63,652,483,16,0,0,5,45,0,0,0.13,0,5,121,0,1.32
31,Priya,human,20,Sun,0,113,hook,8,0,67,656,461,18,1,49,10,54,0,1,0.05,0,4,189,0,1.32
31,Priya,human,20,Sun,0,114,build,8,0,50,636,460,25,1,49,13,63,0,1,0.26,0,3,158,0,1.32
31,Priya,human,20,Sun,0,115,build,8,0,62,623,461,28,0,0,10,45,0,0,0.29,0,3,170,0,1.32
31,Priya,human,20,Sun,0,116,demo,8,0,51,613,448,49,5,165,11,50,0,1,0.57,0,4,127,0,1.32
31,Priya,human,20,Sun,0,117,demo,8,0,68,620,447,46,8,232,17,61,0,1,0.79,0,2,181,0,1.32
31,Priya,human,20,Sun,0,118,demo,8,0,65,629,465,52,4,136,18,55,0,1,0.79,0,4,181,0,1.32
31,Priya,human,20,Sun,0,119,price,8,0,57,614,439,23,6,234,8,54,0,0,0.06,1,4,183,0,1.32
31,Priya,human,20,Sun,0,120,cta,8,0,55,610,433,37,2,58,8,50,0,0,0.03,1,4,185,0,1.32
32,Ren,human,20,Thu,0,1,hook,1,0,76,76,53,2,0,0,2,9,0,1,0.01,0,5,150,0,1
32,Ren,human,20,Thu,0,2,hook,1,0,68,134,99,5,1,29,3,13,0,1,0.1,0,3,130,0,1
32,Ren,human,20,Thu,0,3,build,1,0,70,189,133,5,1,49,2,16,0,1,0.36,0,6,168,0,1
32,Ren,human,20,Thu,0,4,build,1,0,79,247,183,9,0,0,3,19,0,1,0.22,0,3,149,0,1
32,Ren,human,20,Thu,0,5,build,1,0,58,272,188,18,2,78,4,21,0,1,0.36,1,3,174,0,1
32,Ren,human,20,Thu,0,6,demo,1,0,84,325,233,23,5,165,7,24,0,1,0.54,0,4,135,0,1
32,Ren,human,20,Thu,0,7,demo,1,0,64,355,250,17,3,147,7,30,0,1,0.66,0,3,187,0,1
32,Ren,human,20,Thu,0,8,demo,1,0,52,378,287,30,1,49,8,49,0,1,0.68,1,6,169,0,1
32,Ren,human,20,Thu,0,9,price,1,0,70,413,297,18,4,116,9,31,0,0,0.1,0,3,157,0,1
32,Ren,human,20,Thu,0,10,cta,1,0,64,432,316,25,5,185,8,45,0,1,0.09,0,7,142,0,1
32,Ren,human,20,Thu,0,11,fomo,1,0,61,464,330,21,2,58,13,43,0,0,0.01,0,6,144,1,1.26
32,Ren,human,20,Thu,0,12,fomo,1,0,73,492,354,16,2,58,10,44,0,0,0.15,0,2,147,2,1.26
32,Ren,human,20,Thu,0,13,fomo,1,0,67,515,358,24,6,194,18,44,0,0,0.11,0,2,149,3,1.26
32,Ren,human,20,Thu,0,14,fomo,1,0,68,539,384,28,1,29,14,49,0,1,0.13,0,7,157,4,1.26
32,Ren,human,20,Thu,0,15,fomo,1,0,84,568,408,20,1,29,9,51,0,0,0.01,0,4,189,5,1.26
32,Ren,human,20,Thu,0,16,fomo,1,0,86,608,439,21,3,87,11,48,0,0,0,0,3,128,6,1.26
32,Ren,human,20,Thu,0,17,qna,1,0,80,636,444,23,1,49,29,57,6,0,0.15,0,3,141,0,1.26
32,Ren,human,20,Thu,0,18,hook,2,0,94,670,465,17,1,49,13,72,0,0,0.04,0,6,168,0,1.26
32,Ren,human,20,Thu,0,19,build,2,0,80,679,489,26,3,107,9,56,0,1,0.15,0,6,129,0,1.26
32,Ren,human,20,Thu,0,20,build,2,0,81,709,493,36,3,107,15,67,0,1,0.17,0,3,172,0,1.26
32,Ren,human,20,Thu,0,21,demo,2,0,97,742,533,48,2,58,9,63,0,1,0.57,0,5,148,0,1.26
32,Ren,human,20,Thu,0,22,demo,2,0,83,771,535,54,6,214,8,69,0,1,0.62,0,5,149,0,1.26
32,Ren,human,20,Thu,0,23,price,2,0,71,759,553,51,11,399,11,53,0,1,0.11,1,6,132,0,1.26
32,Ren,human,20,Thu,0,24,cta,2,0,76,758,543,57,15,555,11,54,0,1,0.11,1,6,126,0,1.26
32,Ren,human,20,Thu,0,25,fomo,2,0,73,773,553,30,6,234,18,71,0,0,0.11,0,5,158,1,1.26
32,Ren,human,20,Thu,0,26,fomo,2,0,91,802,582,34,9,301,13,69,0,0,0.04,1,3,185,2,1.26
32,Ren,human,20,Thu,0,27,fomo,2,0,81,827,564,25,3,87,22,75,0,0,0.03,0,2,177,3,1.26
32,Ren,human,20,Thu,0,28,fomo,2,0,90,850,616,43,4,116,18,64,0,0,0.08,0,5,170,4,1.26
32,Ren,human,20,Thu,0,29,fomo,2,0,84,862,615,28,4,116,19,76,0,0,0.03,0,4,125,5,1.26
32,Ren,human,20,Thu,0,30,fomo,2,0,81,866,624,25,3,87,22,72,0,0,0.05,0,4,139,6,1.26
32,Ren,human,20,Thu,0,31,qna,2,0,65,873,628,25,6,194,27,95,6,0,0.06,0,4,164,0,1.26
32,Ren,human,20,Thu,0,32,filler,2,0,77,794,582,18,1,29,3,61,0,0,0.05,0,3,145,0,1.26
32,Ren,human,20,Thu,0,33,hook,3,0,84,797,613,21,2,58,16,65,0,0,0.14,0,6,165,0,1.26
32,Ren,human,20,Thu,0,34,hook,3,0,83,811,592,25,2,78,18,84,0,0,0.11,0,4,125,0,1.26
32,Ren,human,20,Thu,0,35,build,3,0,72,811,588,40,2,58,9,81,0,0,0.23,1,5,168,0,1.26
32,Ren,human,20,Thu,0,36,build,3,0,70,793,579,46,8,232,12,61,0,1,0.38,0,6,136,0,1.26
32,Ren,human,20,Thu,0,37,build,3,0,87,783,551,29,3,107,15,68,0,0,0.17,0,7,184,0,1.26
32,Ren,human,20,Thu,0,38,demo,3,0,91,809,575,53,6,214,16,71,0,1,0.46,0,3,135,0,1.26
32,Ren,human,20,Thu,0,39,demo,3,0,85,827,611,55,9,281,11,85,0,1,0.8,0,4,175,0,1.26
32,Ren,human,20,Thu,0,40,price,3,0,78,814,574,46,6,174,11,77,0,1,0.06,1,6,164,0,1.26
32,Ren,human,20,Thu,0,41,cta,3,0,99,834,625,64,14,466,15,71,0,1,0.13,1,4,122,0,1.26
32,Ren,human,20,Thu,0,42,fomo,3,0,85,856,615,47,6,194,16,65,0,1,0.13,0,4,167,1,1.26
32,Ren,human,20,Thu,0,43,fomo,3,0,82,864,599,45,8,252,20,70,0,0,0.06,0,6,179,2,1.26
32,Ren,human,20,Thu,0,44,fomo,3,0,92,889,638,46,5,165,15,96,0,0,0.13,1,4,182,3,1.26
32,Ren,human,20,Thu,0,45,fomo,3,0,77,889,628,36,1,29,15,87,0,0,0.12,0,5,144,4,1.26
32,Ren,human,20,Thu,0,46,fomo,3,0,95,888,646,37,2,58,17,94,0,0,0.05,0,3,178,5,1.26
32,Ren,human,20,Thu,0,47,fomo,3,0,68,887,644,48,2,58,19,62,0,1,0.03,0,3,160,6,1.26
32,Ren,human,20,Thu,0,48,qna,3,0,89,914,646,31,3,107,32,117,6,0,0.06,0,4,168,0,1.26
32,Ren,human,20,Thu,0,49,qna,3,0,72,926,664,23,2,78,40,115,6,0,0.14,0,3,185,0,1.26
32,Ren,human,20,Thu,0,50,hook,4,0,78,908,661,12,0,0,15,73,0,0,0.01,0,6,132,0,1.26
32,Ren,human,20,Thu,0,51,build,4,0,102,902,652,40,3,107,17,75,0,1,0.33,0,3,128,0,1.26
32,Ren,human,20,Thu,0,52,build,4,0,74,879,630,36,2,58,9,67,0,1,0.35,0,6,148,0,1.26
32,Ren,human,20,Thu,0,53,build,4,0,79,848,616,64,8,252,15,77,0,1,0.17,1,2,164,0,1.26
32,Ren,human,20,Thu,0,54,build,4,0,79,808,561,35,2,58,15,80,0,1,0.3,0,2,141,0,1.26
32,Ren,human,20,Thu,0,55,demo,4,0,82,814,600,62,7,223,16,85,0,1,0.7,1,5,167,0,1.26
32,Ren,human,20,Thu,0,56,demo,4,0,76,812,589,64,10,330,13,61,0,1,0.52,0,4,188,0,1.26
32,Ren,human,20,Thu,0,57,demo,4,0,75,800,566,55,8,272,13,58,0,1,0.48,0,3,186,0,1.26
32,Ren,human,20,Thu,0,58,price,4,0,84,802,571,33,7,223,13,81,0,0,0.12,0,6,173,0,1.26
32,Ren,human,20,Thu,0,59,cta,4,0,77,791,548,58,13,477,14,68,0,0,0.04,1,3,124,0,1.26
32,Ren,human,20,Thu,0,60,cta,4,0,81,778,544,53,8,312,14,69,0,1,0.05,1,6,147,0,1.26
32,Ren,human,20,Thu,0,61,fomo,4,0,76,791,587,34,5,145,15,65,0,0,0.06,0,5,163,1,1.26
32,Ren,human,20,Thu,0,62,fomo,4,0,77,795,567,47,6,214,20,64,0,1,0.03,1,6,172,2,1.26
32,Ren,human,20,Thu,0,63,fomo,4,0,83,816,585,45,1,29,17,60,0,0,0.09,1,4,140,3,1.26
32,Ren,human,20,Thu,0,64,fomo,4,0,54,799,563,39,2,78,12,68,0,0,0.04,1,4,138,4,1.26
32,Ren,human,20,Thu,0,65,fomo,4,0,75,818,581,40,5,165,18,74,0,0,0.05,0,4,165,5,1.26
32,Ren,human,20,Thu,0,66,fomo,4,0,93,843,614,48,3,87,19,81,0,0,0.07,0,5,186,6,1.26
32,Ren,human,20,Thu,0,67,qna,4,0,76,853,613,33,6,194,33,108,6,0,0.1,0,5,123,0,1.26
32,Ren,human,20,Thu,0,68,qna,4,0,80,870,627,30,5,165,33,115,6,0,0.12,1,6,175,0,1.26
32,Ren,human,20,Thu,0,69,hook,5,0,77,856,587,15,0,0,9,82,0,0,0.09,0,4,187,0,1.26
32,Ren,human,20,Thu,0,70,build,5,0,76,842,594,31,3,127,15,71,0,0,0.37,0,3,184,0,1.26
32,Ren,human,20,Thu,0,71,build,5,0,64,810,573,45,7,243,12,58,0,1,0.3,0,5,150,0,1.26
32,Ren,human,20,Thu,0,72,demo,5,0,90,837,580,56,8,272,23,77,0,1,0.79,0,3,124,0,1.26
32,Ren,human,20,Thu,0,73,demo,5,0,61,821,579,61,5,205,19,85,0,1,0.85,0,4,121,0,1.26
32,Ren,human,20,Thu,0,74,price,5,0,76,807,594,47,7,243,13,71,0,1,0.09,1,6,153,0,1.26
32,Ren,human,20,Thu,0,75,cta,5,0,81,803,573,44,6,234,16,67,0,1,0.03,0,3,164,0,1.26
32,Ren,human,20,Thu,0,76,cta,5,0,72,787,546,58,11,359,9,73,0,1,0.1,1,4,143,0,1.26
32,Ren,human,20,Thu,0,77,fomo,5,0,73,804,595,39,6,174,20,72,0,0,0.06,0,3,161,1,1.26
32,Ren,human,20,Thu,0,78,fomo,5,0,66,817,601,41,7,243,15,82,0,0,0.01,0,3,171,2,1.26
32,Ren,human,20,Thu,0,79,fomo,5,0,77,807,575,41,4,136,21,77,0,1,0.11,0,6,161,3,1.26
32,Ren,human,20,Thu,0,80,fomo,5,0,73,820,582,29,2,78,23,76,0,0,0.1,0,6,139,4,1.26
32,Ren,human,20,Thu,0,81,fomo,5,0,81,833,617,47,6,194,15,87,0,0,0.14,1,3,147,5,1.26
32,Ren,human,20,Thu,0,82,fomo,5,0,88,855,591,34,2,98,19,79,0,0,0.05,0,4,189,6,1.26
32,Ren,human,20,Thu,0,83,qna,5,0,76,856,608,35,3,107,27,116,6,0,0.04,1,6,124,0,1.26
32,Ren,human,20,Thu,0,84,qna,5,0,78,876,615,32,3,87,25,119,6,0,0.09,0,4,139,0,1.26
32,Ren,human,20,Thu,0,85,hook,6,0,63,855,598,30,3,107,20,93,0,1,0.07,0,3,126,0,1.26
32,Ren,human,20,Thu,0,86,build,6,0,63,850,611,29,6,254,11,76,0,0,0.17,0,4,143,0,1.26
32,Ren,human,20,Thu,0,87,build,6,0,59,806,557,41,8,232,13,66,0,1,0.27,0,5,155,0,1.26
32,Ren,human,20,Thu,0,88,demo,6,0,65,808,590,44,3,87,19,73,0,0,0.75,0,3,184,0,1.26
32,Ren,human,20,Thu,0,89,demo,6,0,69,806,562,41,9,301,14,66,0,1,0.81,0,4,123,0,1.26
32,Ren,human,20,Thu,0,90,price,6,0,68,787,561,52,5,165,10,70,0,1,0.11,1,7,153,0,1.26
32,Ren,human,20,Thu,0,91,cta,6,0,56,760,547,50,12,468,12,85,0,0,0.04,0,4,133,0,1.26
32,Ren,human,20,Thu,0,92,cta,6,0,77,742,531,54,8,272,15,68,0,1,0.07,1,7,120,0,1.26
32,Ren,human,20,Thu,0,93,fomo,6,0,82,759,561,46,8,252,12,64,0,0,0.07,1,5,172,1,1.26
32,Ren,human,20,Thu,0,94,fomo,6,0,59,765,523,34,8,292,19,44,0,1,0.08,0,3,143,2,1.26
32,Ren,human,20,Thu,0,95,fomo,6,0,73,774,551,36,7,203,17,70,0,0,0.08,0,3,164,3,1.26
32,Ren,human,20,Thu,0,96,fomo,6,0,77,809,573,37,3,87,15,69,0,0,0,0,5,161,4,1.26
32,Ren,human,20,Thu,0,97,fomo,6,0,59,804,590,38,8,252,15,78,0,0,0.08,0,7,167,5,1.26
32,Ren,human,20,Thu,0,98,fomo,6,0,52,789,568,39,6,194,17,63,0,0,0.11,0,5,163,6,1.26
32,Ren,human,20,Thu,0,99,qna,6,0,70,787,561,32,2,58,37,78,6,0,0.05,0,2,128,0,1.26
32,Ren,human,20,Thu,0,100,qna,6,0,76,799,566,16,1,29,37,99,6,0,0.05,0,3,159,0,1.26
32,Ren,human,20,Thu,0,101,hook,7,0,65,790,583,18,1,49,14,73,0,0,0.07,1,7,162,0,1.26
32,Ren,human,20,Thu,0,102,hook,7,0,62,783,574,20,0,0,19,84,0,0,0.01,0,6,122,0,1.26
32,Ren,human,20,Thu,0,103,build,7,0,66,770,551,21,4,156,15,54,0,0,0.38,0,6,159,0,1.26
32,Ren,human,20,Thu,0,104,build,7,0,65,746,556,21,0,0,16,79,0,0,0.3,0,2,138,0,1.26
32,Ren,human,20,Thu,0,105,build,7,0,62,724,539,28,1,49,10,71,0,0,0.29,0,6,148,0,1.26
32,Ren,human,20,Thu,0,106,demo,7,0,69,721,519,64,5,145,7,58,0,1,0.6,0,4,169,0,1.26
32,Ren,human,20,Thu,0,107,demo,7,0,74,727,508,47,7,223,12,70,0,1,0.8,0,6,143,0,1.26
32,Ren,human,20,Thu,0,108,price,7,0,63,736,526,43,9,301,9,61,0,0,0.02,1,2,120,0,1.26
32,Ren,human,20,Thu,0,109,cta,7,0,76,739,508,51,9,321,19,60,0,0,0.06,1,5,167,0,1.26
32,Ren,human,20,Thu,0,110,cta,7,0,80,727,532,42,13,477,7,57,0,0,0.09,1,4,147,0,1.26
32,Ren,human,20,Thu,0,111,fomo,7,0,65,725,517,24,5,165,16,63,0,0,0.14,0,4,173,1,1.26
32,Ren,human,20,Thu,0,112,fomo,7,0,78,736,535,24,5,165,14,70,0,1,0.12,0,6,187,2,1.26
32,Ren,human,20,Thu,0,113,fomo,7,0,70,751,541,21,3,87,22,74,0,0,0.08,0,6,189,3,1.26
32,Ren,human,20,Thu,0,114,fomo,7,0,67,757,528,31,4,116,24,55,0,0,0.12,0,6,135,4,1.26
32,Ren,human,20,Thu,0,115,fomo,7,0,56,746,547,27,5,145,14,69,0,0,0.04,0,6,181,5,1.26
32,Ren,human,20,Thu,0,116,fomo,7,0,67,742,521,30,7,243,10,69,0,0,0.08,0,5,136,6,1.26
32,Ren,human,20,Thu,0,117,qna,7,0,72,753,531,30,2,58,20,76,6,1,0.04,0,5,121,0,1.26
32,Ren,human,20,Thu,0,118,filler,7,0,70,729,513,15,0,0,13,57,0,0,0.09,0,4,170,0,1.26
32,Ren,human,20,Thu,0,119,hook,8,0,59,716,517,18,1,49,13,67,0,0,0.09,0,4,181,0,1.26
32,Ren,human,20,Thu,0,120,build,8,0,64,698,494,33,4,176,4,74,0,1,0.2,0,7,142,0,1.26
33,Ren,human,19,Wed,0,1,hook,1,0,82,82,56,0,0,0,0,7,0,0,0.02,0,6,132,0,1
33,Ren,human,19,Wed,0,2,build,1,0,63,129,93,7,2,58,2,10,0,1,0.27,0,4,123,0,1
33,Ren,human,19,Wed,0,3,build,1,0,59,169,120,9,3,107,2,15,0,1,0.38,0,7,160,0,1
33,Ren,human,19,Wed,0,4,demo,1,0,60,216,160,16,0,0,2,23,0,1,0.62,0,4,179,0,1
33,Ren,human,19,Wed,0,5,demo,1,0,62,262,192,15,0,0,5,24,0,1,0.58,0,7,167,0,1
33,Ren,human,19,Wed,0,6,price,1,0,84,322,232,17,6,234,4,33,0,0,0.13,0,3,158,0,1
33,Ren,human,19,Wed,0,7,cta,1,0,53,344,235,23,5,145,5,27,0,1,0.03,0,7,122,0,1
33,Ren,human,19,Wed,0,8,fomo,1,0,65,378,264,20,6,174,6,31,0,0,0.02,0,3,138,1,1
33,Ren,human,19,Wed,0,9,fomo,1,0,63,418,307,25,3,87,9,25,0,0,0,0,3,186,2,1
33,Ren,human,19,Wed,0,10,fomo,1,0,60,445,312,14,1,29,10,40,0,0,0.06,0,6,132,3,1
33,Ren,human,19,Wed,0,11,fomo,1,0,89,498,331,20,2,58,9,47,0,0,0.01,0,3,174,4,1.22
33,Ren,human,19,Wed,0,12,fomo,1,0,71,523,392,30,4,116,11,49,0,0,0,0,2,144,5,1.22
33,Ren,human,19,Wed,0,13,fomo,1,0,64,540,393,28,2,78,8,47,0,0,0.07,0,3,162,6,1.22
33,Ren,human,19,Wed,0,14,qna,1,0,77,575,416,13,0,0,20,66,6,0,0.02,0,6,172,0,1.22
33,Ren,human,19,Wed,0,15,qna,1,0,74,620,440,23,2,58,20,79,6,0,0.12,0,3,123,0,1.22
33,Ren,human,19,Wed,0,16,hook,2,0,77,643,438,13,0,0,13,66,0,0,0.09,0,4,153,0,1.22
33,Ren,human,19,Wed,0,17,build,2,0,76,658,480,28,2,58,8,63,0,0,0.39,1,4,130,0,1.22
33,Ren,human,19,Wed,0,18,build,2,0,68,644,459,37,2,58,10,60,0,1,0.21,0,2,181,0,1.22
33,Ren,human,19,Wed,0,19,build,2,0,70,636,460,29,0,0,12,58,0,1,0.38,0,6,190,0,1.22
33,Ren,human,19,Wed,0,20,build,2,0,59,618,438,29,3,107,9,45,0,1,0.24,0,3,133,0,1.22
33,Ren,human,19,Wed,0,21,demo,2,0,76,640,478,54,6,234,9,45,0,1,0.75,0,6,148,0,1.22
33,Ren,human,19,Wed,0,22,demo,2,0,66,657,459,50,4,136,11,47,0,1,0.83,0,5,146,0,1.22
33,Ren,human,19,Wed,0,23,price,2,0,78,664,486,32,3,87,15,63,0,0,0.06,0,5,125,0,1.22
33,Ren,human,19,Wed,0,24,cta,2,0,87,686,493,60,11,359,18,56,0,1,0.01,1,4,156,0,1.22
33,Ren,human,19,Wed,0,25,cta,2,0,91,708,510,57,7,263,15,61,0,1,0.02,1,2,173,0,1.22
33,Ren,human,19,Wed,0,26,fomo,2,0,81,722,506,43,6,194,12,59,0,0,0.02,1,5,149,1,1.22
33,Ren,human,19,Wed,0,27,fomo,2,0,75,730,539,33,7,203,11,63,0,0,0.08,0,2,171,2,1.22
33,Ren,human,19,Wed,0,28,fomo,2,0,90,770,548,33,2,58,17,66,0,0,0.14,0,5,185,3,1.22
33,Ren,human,19,Wed,0,29,fomo,2,0,67,781,577,41,3,87,17,78,0,0,0.05,0,4,135,4,1.22
33,Ren,human,19,Wed,0,30,fomo,2,0,71,795,590,45,5,145,18,59,0,0,0.13,1,2,127,5,1.22
33,Ren,human,19,Wed,0,31,fomo,2,0,80,807,582,42,3,107,13,72,0,1,0.13,0,2,181,6,1.22
33,Ren,human,19,Wed,0,32,qna,2,0,68,826,592,20,3,87,22,98,6,0,0.11,0,3,167,0,1.22
33,Ren,human,19,Wed,0,33,filler,2,0,47,734,525,13,1,29,14,77,0,0,0.11,0,3,185,0,1.22
33,Ren,human,19,Wed,0,34,hook,3,0,67,725,529,30,2,58,10,65,0,0,0.06,0,6,140,0,1.22
33,Ren,human,19,Wed,0,35,build,3,0,81,719,524,23,6,174,6,59,0,0,0.37,0,5,184,0,1.22
33,Ren,human,19,Wed,0,36,build,3,0,65,706,535,38,2,78,14,62,0,0,0.16,0,6,121,0,1.22
33,Ren,human,19,Wed,0,37,demo,3,0,77,710,520,53,8,252,16,68,0,1,0.78,1,4,132,0,1.22
33,Ren,human,19,Wed,0,38,demo,3,0,71,707,503,40,2,78,10,62,0,1,0.61,0,4,181,0,1.22
33,Ren,human,19,Wed,0,39,price,3,0,78,718,499,35,7,203,10,67,0,0,0.07,1,4,177,0,1.22
33,Ren,human,19,Wed,0,40,cta,3,0,86,729,519,59,10,310,12,56,0,1,0.1,1,6,129,0,1.22
33,Ren,human,19,Wed,0,41,fomo,3,0,78,753,542,41,9,301,20,62,0,1,0.03,0,6,147,1,1.22
33,Ren,human,19,Wed,0,42,fomo,3,0,76,771,560,28,7,243,22,60,0,0,0.08,0,7,147,2,1.22
33,Ren,human,19,Wed,0,43,fomo,3,0,73,769,548,34,5,165,10,75,0,0,0.05,0,4,145,3,1.22
33,Ren,human,19,Wed,0,44,fomo,3,0,56,769,549,32,3,107,12,49,0,0,0.05,0,6,158,4,1.22
33,Ren,human,19,Wed,0,45,fomo,3,0,69,773,555,28,2,78,18,60,0,0,0.01,0,6,148,5,1.22
33,Ren,human,19,Wed,0,46,fomo,3,0,70,785,564,32,1,29,12,81,0,0,0.08,0,4,133,6,1.22
33,Ren,human,19,Wed,0,47,fomo,3,0,60,790,596,31,3,87,16,76,0,0,0.06,1,5,128,7,1.22
33,Ren,human,19,Wed,0,48,qna,3,0,74,814,574,30,1,29,35,100,6,0,0.05,1,2,173,0,1.22
33,Ren,human,19,Wed,0,49,hook,4,0,82,804,571,15,0,0,15,69,0,0,0.04,0,2,134,0,1.22
33,Ren,human,19,Wed,0,50,build,4,0,82,801,567,27,2,78,13,71,0,0,0.38,0,2,162,0,1.22
33,Ren,human,19,Wed,0,51,build,4,0,66,771,555,30,5,185,4,84,0,1,0.31,0,4,176,0,1.22
33,Ren,human,19,Wed,0,52,build,4,0,88,769,551,26,3,107,16,67,0,1,0.22,0,4,177,0,1.22
33,Ren,human,19,Wed,0,53,demo,4,0,63,768,570,40,5,145,16,92,0,1,0.51,0,4,174,0,1.22
33,Ren,human,19,Wed,0,54,demo,4,0,69,781,548,44,6,194,23,63,0,0,0.56,0,5,129,0,1.22
33,Ren,human,19,Wed,0,55,demo,4,0,77,798,575,62,5,165,12,82,0,1,0.84,0,7,184,0,1.22
33,Ren,human,19,Wed,0,56,price,4,0,71,784,543,23,3,107,12,70,0,0,0.1,1,4,144,0,1.22
33,Ren,human,19,Wed,0,57,cta,4,0,72,767,549,39,13,417,17,69,0,0,0.03,1,3,181,0,1.22
33,Ren,human,19,Wed,0,58,fomo,4,0,61,770,543,35,4,136,14,67,0,0,0.06,0,5,179,1,1.22
33,Ren,human,19,Wed,0,59,fomo,4,0,76,787,551,24,4,136,16,66,0,0,0.05,0,6,142,2,1.22
33,Ren,human,19,Wed,0,60,fomo,4,0,63,781,557,23,0,0,13,81,0,0,0.03,0,6,147,3,1.22
33,Ren,human,19,Wed,0,61,fomo,4,0,75,810,589,40,4,116,15,80,0,0,0.12,0,5,160,4,1.22
33,Ren,human,19,Wed,0,62,fomo,4,0,65,809,580,28,3,107,9,71,0,0,0.01,0,6,188,5,1.22
33,Ren,human,19,Wed,0,63,fomo,4,0,59,798,579,34,4,176,19,74,0,0,0.03,0,5,164,6,1.22
33,Ren,human,19,Wed,0,64,qna,4,0,65,801,584,29,2,58,33,95,6,1,0.12,0,4,158,0,1.22
33,Ren,human,19,Wed,0,65,hook,5,0,76,803,582,20,1,29,12,75,0,0,0.01,0,3,130,0,1.22
33,Ren,human,19,Wed,0,66,build,5,0,63,770,551,32,3,87,11,73,0,1,0.32,0,2,143,0,1.22
33,Ren,human,19,Wed,0,67,build,5,0,57,728,538,34,5,145,11,74,0,1,0.33,0,3,189,0,1.22
33,Ren,human,19,Wed,0,68,demo,5,0,64,728,522,51,8,272,17,64,0,1,0.73,0,6,121,0,1.22
33,Ren,human,19,Wed,0,69,demo,5,0,73,731,544,50,4,116,13,57,0,1,0.81,0,2,178,0,1.22
33,Ren,human,19,Wed,0,70,demo,5,0,55,719,522,41,8,272,9,73,0,1,0.64,1,6,120,0,1.22
33,Ren,human,19,Wed,0,71,price,5,0,58,713,515,44,10,330,10,45,0,0,0.15,1,4,160,0,1.22
33,Ren,human,19,Wed,0,72,cta,5,0,77,701,518,35,10,290,10,66,0,1,0.06,0,4,159,0,1.22
33,Ren,human,19,Wed,0,73,fomo,5,0,54,696,496,26,3,87,11,59,0,0,0.06,0,7,152,1,1.22
33,Ren,human,19,Wed,0,74,fomo,5,0,74,717,519,30,6,214,15,60,0,0,0.06,0,5,149,2,1.22
33,Ren,human,19,Wed,0,75,fomo,5,0,66,722,539,24,2,78,13,82,0,0,0.13,0,4,133,3,1.22
33,Ren,human,19,Wed,0,76,fomo,5,0,70,724,514,31,3,87,13,74,0,0,0.02,0,5,133,4,1.22
33,Ren,human,19,Wed,0,77,fomo,5,0,51,730,532,34,0,0,15,80,0,0,0.13,0,2,151,5,1.22
33,Ren,human,19,Wed,0,78,fomo,5,0,71,732,531,31,2,58,12,70,0,0,0.11,0,3,165,6,1.22
33,Ren,human,19,Wed,0,79,qna,5,0,71,747,538,24,3,87,24,83,6,1,0.08,0,6,177,0,1.22
33,Ren,human,19,Wed,0,80,hook,6,0,73,765,558,23,0,0,23,83,0,0,0.11,0,5,122,0,1.22
33,Ren,human,19,Wed,0,81,hook,6,0,67,758,527,27,3,107,15,80,0,0,0.01,1,6,146,0,1.22
33,Ren,human,19,Wed,0,82,build,6,0,67,749,541,32,5,165,14,64,0,0,0.31,0,3,164,0,1.22
33,Ren,human,19,Wed,0,83,build,6,0,50,712,521,26,1,49,7,60,0,0,0.39,0,5,174,0,1.22
33,Ren,human,19,Wed,0,84,build,6,0,62,692,511,30,2,58,20,67,0,0,0.27,0,4,171,0,1.22
33,Ren,human,19,Wed,0,85,demo,6,0,69,708,510,32,8,252,9,60,0,0,0.62,0,6,124,0,1.22
33,Ren,human,19,Wed,0,86,demo,6,0,66,703,486,35,6,174,16,60,0,1,0.5,0,2,178,0,1.22
33,Ren,human,19,Wed,0,87,demo,6,0,73,717,527,40,8,252,10,56,0,1,0.75,0,6,140,0,1.22
33,Ren,human,19,Wed,0,88,price,6,0,61,706,504,32,5,145,13,70,0,0,0.11,1,6,187,0,1.22
33,Ren,human,19,Wed,0,89,cta,6,0,58,689,508,43,9,321,8,65,0,0,0.03,1,5,178,0,1.22
33,Ren,human,19,Wed,0,90,fomo,6,0,74,703,513,27,3,107,10,59,0,0,0.14,0,5,187,1,1.22
33,Ren,human,19,Wed,0,91,fomo,6,0,54,714,501,26,5,165,16,57,0,0,0.06,0,4,150,2,1.22
33,Ren,human,19,Wed,0,92,fomo,6,0,60,720,530,35,2,78,14,65,0,0,0.09,0,3,153,3,1.22
33,Ren,human,19,Wed,0,93,fomo,6,0,65,727,513,29,1,29,12,61,0,0,0.13,0,6,157,4,1.22
33,Ren,human,19,Wed,0,94,fomo,6,0,63,724,530,41,1,29,10,81,0,0,0.13,0,5,171,5,1.22
33,Ren,human,19,Wed,0,95,fomo,6,0,57,719,522,41,5,185,10,69,0,0,0.1,0,3,127,6,1.22
33,Ren,human,19,Wed,0,96,qna,6,0,66,740,545,33,4,136,23,110,6,0,0.09,0,3,171,0,1.22
33,Ren,human,19,Wed,0,97,filler,6,0,69,678,490,11,1,29,6,76,0,0,0.14,0,6,140,0,1.22
33,Ren,human,19,Wed,0,98,hook,7,0,61,654,467,17,3,127,13,52,0,1,0.13,0,6,129,0,1.22
33,Ren,human,19,Wed,0,99,hook,7,0,51,647,452,20,0,0,10,63,0,0,0.04,1,4,123,0,1.22
33,Ren,human,19,Wed,0,100,build,7,0,54,641,467,22,2,78,14,51,0,0,0.4,0,2,145,0,1.22
33,Ren,human,19,Wed,0,101,build,7,0,59,617,453,30,0,0,11,55,0,1,0.39,0,3,183,0,1.22
33,Ren,human,19,Wed,0,102,build,7,0,71,625,440,25,2,58,10,64,0,1,0.34,0,4,174,0,1.22
33,Ren,human,19,Wed,0,103,demo,7,0,64,624,468,54,10,290,9,50,0,1,0.78,0,5,168,0,1.22
33,Ren,human,19,Wed,0,104,demo,7,0,58,611,437,32,4,116,12,63,0,0,0.74,0,3,138,0,1.22
33,Ren,human,19,Wed,0,105,demo,7,0,63,623,438,44,6,214,12,59,0,1,0.72,1,5,136,0,1.22
33,Ren,human,19,Wed,0,106,price,7,0,55,625,433,30,8,252,9,65,0,1,0.09,1,6,165,0,1.22
33,Ren,human,19,Wed,0,107,cta,7,0,74,631,455,61,12,388,9,54,0,1,0.03,1,6,186,0,1.22
33,Ren,human,19,Wed,0,108,cta,7,0,53,616,450,40,10,350,8,54,0,0,0.1,1,5,128,0,1.22
33,Ren,human,19,Wed,0,109,fomo,7,0,66,629,454,28,4,116,18,57,0,0,0.08,0,6,157,1,1.22
33,Ren,human,19,Wed,0,110,fomo,7,0,58,625,437,26,2,78,14,48,0,0,0.07,0,2,145,2,1.22
33,Ren,human,19,Wed,0,111,fomo,7,0,58,629,453,31,1,29,11,51,0,1,0.02,0,5,181,3,1.22
33,Ren,human,19,Wed,0,112,fomo,7,0,64,647,473,28,1,29,11,47,0,0,0.03,0,2,179,4,1.22
33,Ren,human,19,Wed,0,113,fomo,7,0,54,651,461,30,3,107,14,57,0,0,0.05,0,3,121,5,1.22
33,Ren,human,19,Wed,0,114,fomo,7,0,60,648,443,29,2,58,10,65,0,0,0.09,1,4,183,6,1.22
33,Ren,human,19,Wed,0,115,qna,7,0,56,655,461,21,3,107,28,87,6,0,0.02,0,4,160,0,1.22
33,Ren,human,19,Wed,0,116,qna,7,0,67,673,505,15,2,58,30,82,6,0,0.1,0,4,121,0,1.22
33,Ren,human,19,Wed,0,117,hook,8,0,55,651,458,23,3,107,7,53,0,1,0.1,0,2,164,0,1.22
33,Ren,human,19,Wed,0,118,hook,8,0,64,646,480,22,2,58,18,49,0,0,0.14,0,4,158,0,1.22
33,Ren,human,19,Wed,0,119,build,8,0,66,629,442,30,2,78,16,65,0,1,0.4,0,4,162,0,1.22
33,Ren,human,19,Wed,0,120,build,8,0,58,613,437,34,9,281,8,58,0,1,0.37,0,4,154,0,1.22
34,Ren,human,21,Mon,0,1,hook,1,0,83,83,60,2,0,0,2,12,0,0,0.11,0,5,168,0,1
34,Ren,human,21,Mon,0,2,hook,1,0,82,152,104,0,0,0,0,16,0,0,0.04,0,5,160,0,1
34,Ren,human,21,Mon,0,3,build,1,0,70,206,148,8,0,0,2,12,0,0,0.16,0,6,174,0,1
34,Ren,human,21,Mon,0,4,build,1,0,88,272,191,10,2,78,2,25,0,0,0.3,0,6,132,0,1
34,Ren,human,21,Mon,0,5,build,1,0,74,312,220,21,4,136,5,28,0,1,0.38,1,4,131,0,1
34,Ren,human,21,Mon,0,6,demo,1,0,59,339,240,20,2,78,5,27,0,1,0.76,0,2,187,0,1
34,Ren,human,21,Mon,0,7,demo,1,0,80,384,276,29,6,194,11,42,0,1,0.85,0,3,189,0,1
34,Ren,human,21,Mon,0,8,price,1,0,71,427,299,22,2,78,13,45,0,0,0.15,1,7,128,0,1
34,Ren,human,21,Mon,0,9,cta,1,0,56,440,323,29,8,272,7,42,0,1,0.02,1,4,181,0,1
34,Ren,human,21,Mon,0,10,cta,1,0,69,461,345,39,8,272,7,40,0,1,0.08,0,5,123,0,1
34,Ren,human,21,Mon,0,11,fomo,1,0,87,510,371,29,7,243,11,47,0,0,0.07,0,4,177,1,1.29
34,Ren,human,21,Mon,0,12,fomo,1,0,95,562,404,33,5,145,12,47,0,0,0.12,0,5,186,2,1.29
34,Ren,human,21,Mon,0,13,fomo,1,0,101,611,464,34,4,116,8,49,0,1,0.13,0,3,190,3,1.29
34,Ren,human,21,Mon,0,14,fomo,1,0,108,659,461,35,4,156,15,59,0,0,0.13,1,3,142,4,1.29
34,Ren,human,21,Mon,0,15,fomo,1,0,98,714,510,40,8,252,18,69,0,1,0.06,0,6,147,5,1.29
34,Ren,human,21,Mon,0,16,fomo,1,0,82,742,556,31,2,58,13,72,0,0,0.12,0,5,187,6,1.29
34,Ren,human,21,Mon,0,17,qna,1,0,104,794,571,24,3,107,21,94,6,0,0.05,0,6,143,0,1.29
34,Ren,human,21,Mon,0,18,filler,1,0,111,780,547,22,0,0,3,65,0,1,0.03,1,6,189,0,1.29
34,Ren,human,21,Mon,0,19,dead,1,0,94,722,532,11,0,0,1,75,0,0,0.06,0,2,20,0,1.29
34,Ren,human,21,Mon,0,20,hook,2,0,98,758,550,19,2,58,16,60,0,0,0.05,0,3,166,0,1.29
34,Ren,human,21,Mon,0,21,build,2,0,94,771,553,28,2,78,12,77,0,0,0.2,0,2,188,0,1.29
34,Ren,human,21,Mon,0,22,build,2,0,108,794,562,30,3,127,11,77,0,0,0.21,0,2,172,0,1.29
34,Ren,human,21,Mon,0,23,build,2,0,96,790,564,45,7,243,7,74,0,1,0.24,0,3,154,0,1.29
34,Ren,human,21,Mon,0,24,demo,2,0,83,799,567,60,7,203,10,57,0,1,0.72,0,3,129,0,1.29
34,Ren,human,21,Mon,0,25,demo,2,0,99,841,611,66,9,361,16,87,0,1,0.48,0,3,149,0,1.29
34,Ren,human,21,Mon,0,26,demo,2,0,111,877,625,57,13,437,18,89,0,1,0.82,0,2,188,0,1.29
34,Ren,human,21,Mon,0,27,price,2,0,114,895,669,48,6,174,24,71,0,1,0.14,0,4,139,0,1.29
34,Ren,human,21,Mon,0,28,cta,2,0,85,867,631,58,12,408,19,62,0,1,0.07,1,2,151,0,1.29
34,Ren,human,21,Mon,0,29,cta,2,0,103,880,610,58,9,341,13,82,0,1,0.12,1,4,137,0,1.29
34,Ren,human,21,Mon,0,30,fomo,2,0,97,898,633,42,6,174,30,87,0,0,0.15,0,4,148,1,1.29
34,Ren,human,21,Mon,0,31,fomo,2,0,78,894,637,33,4,116,22,81,0,0,0.12,1,6,147,2,1.29
34,Ren,human,21,Mon,0,32,fomo,2,0,86,916,684,44,5,185,20,61,0,0,0.1,1,5,185,3,1.29
34,Ren,human,21,Mon,0,33,fomo,2,0,106,945,666,54,5,165,15,74,0,1,0.02,1,4,140,4,1.29
34,Ren,human,21,Mon,0,34,fomo,2,0,91,950,715,46,4,136,18,86,0,0,0.14,0,4,151,5,1.29
34,Ren,human,21,Mon,0,35,fomo,2,0,105,990,727,57,10,330,19,92,0,0,0,0,4,186,6,1.29
34,Ren,human,21,Mon,0,36,qna,2,0,106,1014,732,29,2,78,35,125,6,0,0.1,0,5,171,0,1.29
34,Ren,human,21,Mon,0,37,hook,3,0,90,999,706,21,1,29,13,88,0,0,0.08,0,4,155,0,1.29
34,Ren,human,21,Mon,0,38,build,3,0,101,998,706,42,2,58,13,84,0,0,0.19,0,7,144,0,1.29
34,Ren,human,21,Mon,0,39,build,3,0,93,992,724,29,2,58,22,101,0,0,0.29,0,3,166,0,1.29
34,Ren,human,21,Mon,0,40,demo,3,0,95,1007,728,66,10,370,20,99,0,1,0.6,0,6,148,0,1.29
34,Ren,human,21,Mon,0,41,demo,3,0,92,1012,716,70,9,341,21,96,0,1,0.71,1,5,175,0,1.29
34,Ren,human,21,Mon,0,42,price,3,0,102,1016,736,56,10,330,20,98,0,0,0.04,1,5,155,0,1.29
34,Ren,human,21,Mon,0,43,cta,3,0,96,985,703,64,14,426,16,87,0,0,0.02,0,5,150,0,1.29
34,Ren,human,21,Mon,0,44,fomo,3,0,93,1007,756,49,9,281,20,98,0,0,0.05,0,2,188,1,1.29
34,Ren,human,21,Mon,0,45,fomo,3,0,83,995,740,49,9,301,21,93,0,1,0.05,0,3,143,2,1.29
34,Ren,human,21,Mon,0,46,fomo,3,0,103,1005,729,55,7,203,14,97,0,1,0.09,0,6,180,3,1.29
34,Ren,human,21,Mon,0,47,fomo,3,0,84,994,704,46,5,165,16,94,0,0,0.06,0,5,177,4,1.29
34,Ren,human,21,Mon,0,48,fomo,3,0,78,980,715,44,5,205,22,94,0,0,0.06,0,3,178,5,1.29
34,Ren,human,21,Mon,0,49,fomo,3,0,106,1016,748,48,4,136,26,86,0,0,0.01,1,6,138,6,1.29
34,Ren,human,21,Mon,0,50,qna,3,0,96,1029,738,40,2,58,36,110,6,1,0.06,0,3,140,0,1.29
34,Ren,human,21,Mon,0,51,hook,4,0,90,1040,750,27,1,29,16,91,0,0,0.07,0,7,187,0,1.29
34,Ren,human,21,Mon,0,52,hook,4,0,101,1042,739,27,5,165,21,106,0,0,0.11,0,3,161,0,1.29
34,Ren,human,21,Mon,0,53,build,4,0,82,1014,729,46,3,107,18,90,0,1,0.39,0,3,149,0,1.29
34,Ren,human,21,Mon,0,54,build,4,0,85,992,724,37,4,136,16,101,0,0,0.19,0,2,127,0,1.29
34,Ren,human,21,Mon,0,55,build,4,0,87,969,697,38,6,174,25,106,0,0,0.4,0,3,182,0,1.29
34,Ren,human,21,Mon,0,56,demo,4,0,78,970,695,72,13,397,13,96,0,1,0.71,0,4,179,0,1.29
34,Ren,human,21,Mon,0,57,demo,4,0,84,982,696,58,9,301,17,93,0,1,0.68,0,7,122,0,1.29
34,Ren,human,21,Mon,0,58,demo,4,0,80,991,717,66,12,408,18,78,0,1,0.76,0,5,171,0,1.29
34,Ren,human,21,Mon,0,59,price,4,0,80,965,690,60,6,194,17,82,0,1,0.15,1,4,134,0,1.29
34,Ren,human,21,Mon,0,60,cta,4,0,74,921,643,55,8,272,14,75,0,0,0.01,1,4,129,0,1.29
34,Ren,human,21,Mon,0,61,fomo,4,0,74,930,632,40,5,185,15,85,0,1,0.08,0,4,179,1,1.29
34,Ren,human,21,Mon,0,62,fomo,4,0,83,938,678,40,4,116,16,87,0,0,0.04,0,6,145,2,1.29
34,Ren,human,21,Mon,0,63,fomo,4,0,79,948,678,44,7,263,13,106,0,0,0.13,0,5,184,3,1.29
34,Ren,human,21,Mon,0,64,fomo,4,0,111,990,692,38,3,107,28,89,0,0,0.15,1,4,150,4,1.29
34,Ren,human,21,Mon,0,65,fomo,4,0,77,999,726,58,4,136,20,71,0,0,0.02,0,4,183,5,1.29
34,Ren,human,21,Mon,0,66,fomo,4,0,95,1016,742,53,4,116,25,95,0,0,0.08,0,5,169,6,1.29
34,Ren,human,21,Mon,0,67,qna,4,0,101,1049,781,37,4,136,33,118,6,0,0.06,0,6,172,0,1.29
34,Ren,human,21,Mon,0,68,hook,5,0,93,1024,708,33,4,176,22,102,0,1,0,0,3,157,0,1.29
34,Ren,human,21,Mon,0,69,build,5,0,70,981,715,43,3,107,18,110,0,1,0.2,0,5,131,0,1.29
34,Ren,human,21,Mon,0,70,build,5,0,90,980,722,38,4,156,14,83,0,0,0.25,0,6,153,0,1.29
34,Ren,human,21,Mon,0,71,build,5,0,86,960,690,44,1,49,13,87,0,1,0.31,0,5,126,0,1.29
34,Ren,human,21,Mon,0,72,demo,5,0,78,963,691,66,11,339,24,91,0,1,0.67,0,3,177,0,1.29
34,Ren,human,21,Mon,0,73,demo,5,0,77,940,675,51,3,107,14,99,0,1,0.48,0,7,126,0,1.29
34,Ren,human,21,Mon,0,74,demo,5,0,91,945,675,69,14,506,21,80,0,1,0.58,1,6,145,0,1.29
34,Ren,human,21,Mon,0,75,price,5,0,79,925,636,59,7,223,17,83,0,0,0.03,1,4,142,0,1.29
34,Ren,human,21,Mon,0,76,cta,5,0,101,931,690,60,9,301,15,101,0,0,0.09,1,4,171,0,1.29
34,Ren,human,21,Mon,0,77,fomo,5,0,85,929,680,45,9,321,27,70,0,0,0.06,0,4,146,1,1.29
34,Ren,human,21,Mon,0,78,fomo,5,0,88,946,665,27,3,87,22,90,0,0,0.06,0,6,125,2,1.29
34,Ren,human,21,Mon,0,79,fomo,5,0,86,934,676,40,3,107,18,83,0,0,0.1,0,3,154,3,1.29
34,Ren,human,21,Mon,0,80,fomo,5,0,79,952,671,43,4,156,28,84,0,0,0.06,0,3,184,4,1.29
34,Ren,human,21,Mon,0,81,fomo,5,0,73,953,704,49,4,116,16,79,0,0,0.15,0,7,151,5,1.29
34,Ren,human,21,Mon,0,82,fomo,5,0,96,969,704,37,5,165,24,96,0,0,0.13,0,5,181,6,1.29
34,Ren,human,21,Mon,0,83,qna,5,0,90,999,735,26,3,87,38,121,6,0,0.1,0,5,160,0,1.29
34,Ren,human,21,Mon,0,84,qna,5,0,93,1015,728,33,4,116,40,131,6,0,0.06,0,3,128,0,1.29
34,Ren,human,21,Mon,0,85,hook,6,0,80,992,726,27,0,0,24,102,0,0,0.08,0,5,134,0,1.29
34,Ren,human,21,Mon,0,86,hook,6,0,72,959,659,31,2,78,10,70,0,1,0.13,0,3,175,0,1.29
34,Ren,human,21,Mon,0,87,build,6,0,88,936,676,48,4,116,18,92,0,1,0.34,0,4,184,0,1.29
34,Ren,human,21,Mon,0,88,build,6,0,109,937,680,41,5,165,15,90,0,0,0.34,0,4,178,0,1.29
34,Ren,human,21,Mon,0,89,build,6,0,81,897,653,47,8,272,13,90,0,1,0.21,0,6,188,0,1.29
34,Ren,human,21,Mon,0,90,demo,6,0,75,903,642,74,9,301,21,83,0,1,0.67,1,3,177,0,1.29
34,Ren,human,21,Mon,0,91,demo,6,0,83,907,635,64,5,165,21,73,0,1,0.52,0,7,183,0,1.29
34,Ren,human,21,Mon,0,92,demo,6,0,81,896,671,74,8,252,22,95,0,1,0.7,0,4,189,0,1.29
34,Ren,human,21,Mon,0,93,price,6,0,80,886,645,59,7,223,20,86,0,0,0.08,1,6,164,0,1.29
34,Ren,human,21,Mon,0,94,cta,6,0,80,874,625,59,14,506,15,51,0,0,0.1,1,4,147,0,1.29
34,Ren,human,21,Mon,0,95,cta,6,0,81,860,625,53,11,379,15,90,0,1,0.11,1,6,135,0,1.29
34,Ren,human,21,Mon,0,96,fomo,6,0,77,869,616,34,8,232,13,94,0,0,0.11,0,4,128,1,1.29
34,Ren,human,21,Mon,0,97,fomo,6,0,86,875,651,32,6,214,18,69,0,0,0.1,0,5,147,2,1.29
34,Ren,human,21,Mon,0,98,fomo,6,0,66,866,639,44,2,78,19,80,0,0,0.03,0,6,141,3,1.29
34,Ren,human,21,Mon,0,99,fomo,6,0,72,866,609,32,4,116,20,89,0,0,0.01,0,5,161,4,1.29
34,Ren,human,21,Mon,0,100,fomo,6,0,76,868,622,54,4,116,23,79,0,1,0.12,0,3,126,5,1.29
34,Ren,human,21,Mon,0,101,fomo,6,0,82,878,638,36,7,243,16,75,0,0,0.03,0,5,145,6,1.29
34,Ren,human,21,Mon,0,102,qna,6,0,72,887,642,24,1,49,37,95,6,0,0.02,0,3,134,0,1.29
34,Ren,human,21,Mon,0,103,qna,6,0,67,885,664,24,2,58,19,110,6,0,0.08,0,4,121,0,1.29
34,Ren,human,21,Mon,0,104,hook,7,0,76,875,616,26,5,165,22,82,0,0,0.14,0,2,188,0,1.29
34,Ren,human,21,Mon,0,105,hook,7,0,81,863,623,27,2,58,9,84,0,0,0.14,0,3,186,0,1.29
34,Ren,human,21,Mon,0,106,build,7,0,86,843,615,33,1,29,13,86,0,1,0.29,0,6,176,0,1.29
34,Ren,human,21,Mon,0,107,build,7,0,83,843,598,40,7,223,12,75,0,1,0.19,0,6,140,0,1.29
34,Ren,human,21,Mon,0,108,build,7,0,78,834,621,34,4,136,10,82,0,1,0.3,0,5,133,0,1.29
34,Ren,human,21,Mon,0,109,demo,7,0,67,822,593,80,9,301,12,71,0,1,0.78,1,4,131,0,1.29
34,Ren,human,21,Mon,0,110,demo,7,0,78,825,606,71,11,359,17,78,0,1,0.64,0,6,159,0,1.29
34,Ren,human,21,Mon,0,111,demo,7,0,76,829,593,61,6,174,21,82,0,1,0.72,0,4,139,0,1.29
34,Ren,human,21,Mon,0,112,price,7,0,81,834,594,30,2,58,7,74,0,0,0.12,0,7,152,0,1.29
34,Ren,human,21,Mon,0,113,cta,7,0,81,824,580,62,15,495,16,92,0,1,0.04,1,6,152,0,1.29
34,Ren,human,21,Mon,0,114,fomo,7,0,78,826,597,41,5,145,15,78,0,0,0.1,0,6,127,1,1.29
34,Ren,human,21,Mon,0,115,fomo,7,0,68,843,587,44,8,252,31,69,0,0,0.04,0,2,153,2,1.29
34,Ren,human,21,Mon,0,116,fomo,7,0,78,852,610,56,7,263,15,71,0,0,0.01,1,7,176,3,1.29
34,Ren,human,21,Mon,0,117,fomo,7,0,77,867,645,41,2,58,11,81,0,0,0.13,0,6,173,4,1.29
34,Ren,human,21,Mon,0,118,qna,7,0,88,891,636,28,3,87,34,93,6,0,0.1,0,5,140,0,1.29
34,Ren,human,21,Mon,0,119,filler,7,0,77,873,596,9,0,0,8,82,0,0,0.08,0,5,131,0,1.29
34,Ren,human,21,Mon,0,120,hook,8,0,75,871,631,28,2,58,18,85,0,0,0.08,1,3,190,0,1.29
35,Maya,human,21,Sun,0,1,hook,1,0,76,76,56,3,0,0,1,11,0,0,0.02,0,4,135,0,1
35,Maya,human,21,Sun,0,2,hook,1,0,64,131,90,6,0,0,0,8,0,0,0.01,0,4,148,0,1
35,Maya,human,21,Sun,0,3,build,1,0,66,183,143,5,1,29,2,23,0,0,0.39,0,6,161,0,1
35,Maya,human,21,Sun,0,4,build,1,0,75,231,167,13,1,29,3,14,0,1,0.24,0,3,148,0,1
35,Maya,human,21,Sun,0,5,demo,1,0,75,289,202,12,1,29,6,20,0,1,0.81,0,4,152,0,1
35,Maya,human,21,Sun,0,6,demo,1,0,69,332,234,25,2,58,9,41,0,1,0.72,0,6,130,0,1
35,Maya,human,21,Sun,0,7,demo,1,0,86,390,283,18,3,87,6,35,0,1,0.6,0,7,125,0,1
35,Maya,human,21,Sun,0,8,price,1,0,68,419,302,21,2,78,6,36,0,1,0.1,1,6,140,0,1
35,Maya,human,21,Sun,0,9,cta,1,0,82,454,334,41,9,321,7,41,0,1,0.13,1,4,165,0,1
35,Maya,human,21,Sun,0,10,cta,1,0,76,479,355,34,4,156,11,33,0,1,0.14,1,4,170,0,1
35,Maya,human,21,Sun,0,11,fomo,1,0,89,531,374,23,8,232,11,51,0,1,0.02,0,4,151,1,1.21
35,Maya,human,21,Sun,0,12,qna,1,0,97,590,406,22,3,107,22,75,6,1,0.15,0,2,129,0,1.21
35,Maya,human,21,Sun,0,13,qna,1,0,87,632,459,22,5,165,22,75,6,0,0,0,6,173,0,1.21
35,Maya,human,21,Sun,0,14,hook,2,0,90,666,486,22,5,185,10,52,0,0,0.14,0,6,168,0,1.21
35,Maya,human,21,Sun,0,15,build,2,0,77,668,454,33,1,29,8,59,0,0,0.19,0,4,170,0,1.21
35,Maya,human,21,Sun,0,16,build,2,0,84,683,499,37,3,87,12,79,0,1,0.24,1,6,164,0,1.21
35,Maya,human,21,Sun,0,17,build,2,0,97,705,517,35,3,87,16,45,0,1,0.17,0,6,144,0,1.21
35,Maya,human,21,Sun,0,18,demo,2,0,91,736,517,43,5,165,13,61,0,1,0.5,0,6,125,0,1.21
35,Maya,human,21,Sun,0,19,demo,2,0,91,767,566,30,3,107,15,56,0,0,0.51,0,6,174,0,1.21
35,Maya,human,21,Sun,0,20,demo,2,0,92,779,563,52,11,379,13,71,0,1,0.65,0,4,147,0,1.21
35,Maya,human,21,Sun,0,21,demo,2,0,94,793,549,48,8,292,17,82,0,1,0.82,0,6,140,0,1.21
35,Maya,human,21,Sun,0,22,price,2,0,99,819,590,52,12,388,11,73,0,1,0.1,1,6,145,0,1.21
35,Maya,human,21,Sun,0,23,cta,2,0,84,816,583,68,10,330,14,82,0,1,0.14,1,6,132,0,1.21
35,Maya,human,21,Sun,0,24,fomo,2,0,86,834,615,36,4,136,15,92,0,0,0.06,0,7,129,1,1.21
35,Maya,human,21,Sun,0,25,fomo,2,0,97,866,600,29,3,107,22,78,0,0,0.05,0,6,184,2,1.21
35,Maya,human,21,Sun,0,26,qna,2,0,91,889,632,27,4,176,33,103,6,0,0.11,0,5,175,0,1.21
35,Maya,human,21,Sun,0,27,qna,2,0,85,913,679,33,4,116,30,101,6,0,0.12,0,6,132,0,1.21
35,Maya,human,21,Sun,0,28,qna,2,0,92,937,679,24,4,176,24,122,6,0,0.05,0,5,170,0,1.21
35,Maya,human,21,Sun,0,29,filler,2,0,72,870,616,14,2,78,13,85,0,0,0.12,0,6,185,0,1.21
35,Maya,human,21,Sun,0,30,hook,3,0,81,869,624,31,3,107,20,76,0,1,0.08,0,6,140,0,1.21
35,Maya,human,21,Sun,0,31,build,3,0,94,871,644,24,4,136,17,67,0,0,0.21,0,3,125,0,1.21
35,Maya,human,21,Sun,0,32,build,3,0,98,871,638,49,9,281,17,75,0,1,0.28,1,4,140,0,1.21
35,Maya,human,21,Sun,0,33,build,3,0,85,860,614,40,2,58,15,73,0,1,0.15,0,6,151,0,1.21
35,Maya,human,21,Sun,0,34,build,3,0,99,867,638,53,6,194,16,71,0,1,0.31,0,2,153,0,1.21
35,Maya,human,21,Sun,0,35,demo,3,0,88,871,624,52,9,301,12,73,0,0,0.48,0,2,177,0,1.21
35,Maya,human,21,Sun,0,36,demo,3,0,69,859,627,66,10,370,18,96,0,1,0.73,0,6,124,0,1.21
35,Maya,human,21,Sun,0,37,demo,3,0,88,875,638,61,6,214,29,72,0,1,0.63,0,5,140,0,1.21
35,Maya,human,21,Sun,0,38,price,3,0,83,863,639,47,8,232,9,79,0,0,0.12,1,5,182,0,1.21
35,Maya,human,21,Sun,0,39,cta,3,0,81,851,607,63,12,408,19,72,0,1,0.14,1,6,152,0,1.21
35,Maya,human,21,Sun,0,40,fomo,3,0,94,892,634,52,7,203,11,83,0,1,0.09,0,4,150,1,1.21
35,Maya,human,21,Sun,0,41,qna,3,0,79,898,638,22,2,58,28,112,6,0,0.06,0,3,179,0,1.21
35,Maya,human,21,Sun,0,42,qna,3,0,81,921,699,31,4,156,22,115,6,0,0.1,0,5,181,0,1.21
35,Maya,human,21,Sun,0,43,filler,3,0,90,876,647,16,3,127,10,77,0,0,0.12,0,4,158,0,1.21
35,Maya,human,21,Sun,0,44,hook,4,0,84,891,620,32,2,58,18,82,0,1,0.14,0,7,152,0,1.21
35,Maya,human,21,Sun,0,45,hook,4,0,76,875,647,23,0,0,17,81,0,0,0.04,0,7,165,0,1.21
35,Maya,human,21,Sun,0,46,build,4,0,83,860,629,49,7,223,14,80,0,1,0.28,0,6,132,0,1.21
35,Maya,human,21,Sun,0,47,build,4,0,84,846,597,37,4,136,14,80,0,1,0.27,0,3,156,0,1.21
35,Maya,human,21,Sun,0,48,build,4,0,79,832,626,46,2,78,11,77,0,1,0.37,0,4,166,0,1.21
35,Maya,human,21,Sun,0,49,build,4,0,77,810,582,31,2,58,12,85,0,1,0.19,1,2,178,0,1.21
35,Maya,human,21,Sun,0,50,demo,4,0,80,802,573,63,9,301,12,74,0,1,0.59,0,4,133,0,1.21
35,Maya,human,21,Sun,0,51,demo,4,0,78,813,585,49,7,223,18,79,0,1,0.74,0,3,180,0,1.21
35,Maya,human,21,Sun,0,52,demo,4,0,87,826,614,70,9,301,14,83,0,1,0.59,0,5,168,0,1.21
35,Maya,human,21,Sun,0,53,demo,4,0,80,831,601,68,11,359,16,56,0,1,0.84,0,4,155,0,1.21
35,Maya,human,21,Sun,0,54,demo,4,0,78,834,591,48,7,243,15,83,0,1,0.48,0,4,170,0,1.21
35,Maya,human,21,Sun,0,55,price,4,0,85,833,620,48,9,321,18,77,0,1,0.04,1,2,125,0,1.21
35,Maya,human,21,Sun,0,56,cta,4,0,82,827,587,60,11,359,15,81,0,1,0.02,0,4,186,0,1.21
35,Maya,human,21,Sun,0,57,fomo,4,0,83,841,591,30,3,87,11,61,0,0,0.15,0,3,126,1,1.21
35,Maya,human,21,Sun,0,58,qna,4,0,78,862,605,28,1,29,31,109,6,0,0.1,0,4,173,0,1.21
35,Maya,human,21,Sun,0,59,qna,4,0,79,874,661,45,1,29,28,109,6,0,0.13,1,4,179,0,1.21
35,Maya,human,21,Sun,0,60,qna,4,0,89,878,645,30,5,185,33,100,6,0,0.13,0,7,124,0,1.21
35,Maya,human,21,Sun,0,61,filler,4,0,86,831,586,25,3,87,7,71,0,0,0.05,0,7,136,0,1.21
35,Maya,human,21,Sun,0,62,hook,5,0,81,829,592,23,2,78,21,72,0,0,0.04,1,3,154,0,1.21
35,Maya,human,21,Sun,0,63,hook,5,0,79,822,574,20,3,87,21,72,0,0,0.05,0,7,182,0,1.21
35,Maya,human,21,Sun,0,64,build,5,0,96,830,607,46,7,223,9,94,0,1,0.29,1,6,141,0,1.21
35,Maya,human,21,Sun,0,65,build,5,0,80,814,621,67,12,388,12,75,0,1,0.36,1,7,144,0,1.21
35,Maya,human,21,Sun,0,66,build,5,0,67,807,558,29,3,107,15,82,0,0,0.25,0,6,144,0,1.21
35,Maya,human,21,Sun,0,67,demo,5,0,78,822,604,49,9,281,14,89,0,1,0.55,0,5,187,0,1.21
35,Maya,human,21,Sun,0,68,demo,5,0,108,864,624,64,8,292,19,80,0,1,0.83,0,4,166,0,1.21
35,Maya,human,21,Sun,0,69,demo,5,0,73,851,613,64,3,87,12,74,0,1,0.67,0,2,171,0,1.21
35,Maya,human,21,Sun,0,70,demo,5,0,62,830,602,60,7,243,14,76,0,1,0.75,0,3,152,0,1.21
35,Maya,human,21,Sun,0,71,price,5,0,77,824,605,42,7,223,12,69,0,0,0.07,1,6,143,0,1.21
35,Maya,human,21,Sun,0,72,cta,5,0,76,817,587,54,11,359,12,56,0,0,0.14,1,4,154,0,1.21
35,Maya,human,21,Sun,0,73,fomo,5,0,93,846,618,32,5,205,18,71,0,0,0.02,0,6,172,1,1.21
35,Maya,human,21,Sun,0,74,qna,5,0,74,842,592,29,2,58,29,90,6,0,0.08,1,4,138,0,1.21
35,Maya,human,21,Sun,0,75,hook,6,0,67,830,600,27,3,87,11,86,0,0,0.14,0,5,171,0,1.21
35,Maya,human,21,Sun,0,76,hook,6,0,69,813,593,22,3,87,10,67,0,0,0.14,0,3,121,0,1.21
35,Maya,human,21,Sun,0,77,build,6,0,71,798,579,41,8,252,21,67,0,1,0.29,0,5,164,0,1.21
35,Maya,human,21,Sun,0,78,build,6,0,78,768,556,26,2,58,14,74,0,1,0.39,0,6,147,0,1.21
35,Maya,human,21,Sun,0,79,build,6,0,75,778,559,30,6,214,16,70,0,0,0.38,1,4,179,0,1.21
35,Maya,human,21,Sun,0,80,demo,6,0,81,793,604,46,8,312,21,60,0,0,0.65,0,3,180,0,1.21
35,Maya,human,21,Sun,0,81,demo,6,0,73,797,574,51,9,361,17,70,0,1,0.75,0,2,133,0,1.21
35,Maya,human,21,Sun,0,82,demo,6,0,80,814,603,59,7,243,17,63,0,1,0.59,0,4,165,0,1.21
35,Maya,human,21,Sun,0,83,price,6,0,60,789,555,36,6,194,15,64,0,0,0.09,0,4,166,0,1.21
35,Maya,human,21,Sun,0,84,cta,6,0,79,791,553,50,11,359,17,65,0,0,0.13,0,3,136,0,1.21
35,Maya,human,21,Sun,0,85,cta,6,0,58,768,559,50,13,417,17,69,0,0,0.12,1,6,165,0,1.21
35,Maya,human,21,Sun,0,86,fomo,6,0,89,794,578,32,5,145,10,55,0,0,0.07,0,5,160,1,1.21
35,Maya,human,21,Sun,0,87,qna,6,0,70,813,586,28,7,243,32,94,6,0,0,0,7,136,0,1.21
35,Maya,human,21,Sun,0,88,filler,6,0,83,783,571,22,3,87,14,64,0,0,0.15,1,4,186,0,1.21
35,Maya,human,21,Sun,0,89,hook,7,0,55,771,553,18,1,49,14,68,0,0,0.09,0,4,145,0,1.21
35,Maya,human,21,Sun,0,90,build,7,0,59,749,542,24,2,58,8,78,0,0,0.32,0,3,153,0,1.21
35,Maya,human,21,Sun,0,91,build,7,0,72,745,538,43,3,127,11,62,0,1,0.19,0,3,127,0,1.21
35,Maya,human,21,Sun,0,92,build,7,0,86,749,532,22,3,87,9,76,0,0,0.23,0,2,153,0,1.21
35,Maya,human,21,Sun,0,93,demo,7,0,69,747,547,51,6,194,16,53,0,1,0.45,0,6,173,0,1.21
35,Maya,human,21,Sun,0,94,demo,7,0,84,753,551,47,7,243,10,75,0,0,0.74,0,6,171,0,1.21
35,Maya,human,21,Sun,0,95,demo,7,0,54,724,538,56,6,214,14,65,0,1,0.54,0,6,181,0,1.21
35,Maya,human,21,Sun,0,96,demo,7,0,75,735,544,53,10,310,20,74,0,1,0.58,0,2,147,0,1.21
35,Maya,human,21,Sun,0,97,price,7,0,82,749,560,50,11,379,14,55,0,1,0.14,1,6,138,0,1.21
35,Maya,human,21,Sun,0,98,cta,7,0,65,726,511,54,11,359,11,62,0,1,0.02,1,4,155,0,1.21
35,Maya,human,21,Sun,0,99,fomo,7,0,62,737,538,36,7,223,13,56,0,0,0.14,0,5,178,1,1.21
35,Maya,human,21,Sun,0,100,qna,7,0,62,742,533,22,3,127,18,96,6,0,0.05,0,2,146,0,1.21
35,Maya,human,21,Sun,0,101,qna,7,0,66,757,527,22,2,78,34,96,6,0,0.03,0,2,147,0,1.21
35,Maya,human,21,Sun,0,102,hook,8,0,70,748,540,27,3,107,20,68,0,0,0.13,1,4,159,0,1.21
35,Maya,human,21,Sun,0,103,hook,8,0,65,739,538,16,2,58,16,80,0,0,0.02,0,3,180,0,1.21
35,Maya,human,21,Sun,0,104,build,8,0,75,750,535,20,2,98,11,71,0,0,0.19,0,3,136,0,1.21
35,Maya,human,21,Sun,0,105,build,8,0,76,735,525,31,4,116,11,67,0,1,0.38,0,3,130,0,1.21
35,Maya,human,21,Sun,0,106,build,8,0,62,712,509,27,1,29,25,61,0,0,0.23,0,5,123,0,1.21
35,Maya,human,21,Sun,0,107,demo,8,0,61,714,513,49,3,87,7,61,0,1,0.77,0,5,167,0,1.21
35,Maya,human,21,Sun,0,108,demo,8,0,64,722,519,40,6,214,10,66,0,1,0.6,0,3,153,0,1.21
35,Maya,human,21,Sun,0,109,demo,8,0,80,743,545,43,4,136,13,66,0,1,0.52,0,3,136,0,1.21
35,Maya,human,21,Sun,0,110,demo,8,0,72,742,544,52,4,116,15,80,0,1,0.83,0,2,165,0,1.21
35,Maya,human,21,Sun,0,111,price,8,0,76,739,526,38,9,261,21,65,0,0,0.01,1,4,165,0,1.21
35,Maya,human,21,Sun,0,112,cta,8,0,79,731,519,59,7,223,9,73,0,1,0.13,1,6,173,0,1.21
35,Maya,human,21,Sun,0,113,cta,8,0,71,721,523,60,13,477,10,59,0,1,0.05,0,4,152,0,1.21
35,Maya,human,21,Sun,0,114,fomo,8,0,66,734,550,37,5,185,13,51,0,0,0.12,0,3,127,1,1.21
35,Maya,human,21,Sun,0,115,qna,8,0,63,737,534,13,1,29,26,100,6,0,0,0,6,131,0,1.21
35,Maya,human,21,Sun,0,116,hook,9,0,68,724,541,19,1,29,15,70,0,0,0.1,0,5,163,0,1.21
35,Maya,human,21,Sun,0,117,hook,9,0,57,713,538,23,5,185,12,58,0,0,0.09,0,6,149,0,1.21
35,Maya,human,21,Sun,0,118,build,9,0,66,704,497,28,4,136,12,73,0,1,0.37,0,6,141,0,1.21
35,Maya,human,21,Sun,0,119,build,9,0,65,680,488,37,4,116,14,64,0,0,0.34,0,5,155,0,1.21
35,Maya,human,21,Sun,0,120,build,9,0,56,668,477,26,2,58,12,64,0,0,0.21,0,2,187,0,1.21
36,Jules,human,19,Sat,1,1,hook,1,1,70,70,56,1,1,29,3,24,0,1,0.04,0,4,130,0,1
36,Jules,human,19,Sat,1,2,hook,1,1,74,137,105,2,0,0,12,42,0,0,0.08,0,4,120,0,1
36,Jules,human,19,Sat,1,3,hook,1,1,96,226,157,8,0,0,14,47,0,1,0.09,0,5,156,0,1
36,Jules,human,19,Sat,1,4,hook,1,1,75,279,202,6,3,87,18,62,0,0,0.12,0,6,190,0,1
36,Jules,human,19,Sat,1,5,hook,1,1,75,326,237,6,0,0,15,78,0,0,0.05,0,3,159,0,1
36,Jules,human,19,Sat,1,6,hook,1,1,75,369,260,10,0,0,10,98,0,0,0.05,0,2,165,0,1
36,Jules,human,19,Sat,1,7,demo,1,0,57,399,271,31,1,49,10,29,0,1,0.6,0,4,158,0,1
36,Jules,human,19,Sat,1,8,demo,1,0,55,424,299,28,4,156,7,23,0,1,0.5,0,5,184,0,1
36,Jules,human,19,Sat,1,9,price,1,0,76,463,326,34,8,252,8,36,0,0,0.06,1,6,137,0,1
36,Jules,human,19,Sat,1,10,cta,1,0,59,479,363,35,8,232,8,45,0,1,0.13,1,6,179,0,1
36,Jules,human,19,Sat,1,11,cta,1,0,104,526,387,55,15,515,6,43,0,1,0.03,1,6,189,0,1.97
36,Jules,human,19,Sat,1,12,fomo,1,0,111,589,414,17,5,185,5,58,0,0,0.02,0,5,140,1,1.97
36,Jules,human,19,Sat,1,13,fomo,1,0,82,617,431,34,5,145,17,51,0,0,0.06,0,4,186,2,1.97
36,Jules,human,19,Sat,1,14,qna,1,0,108,677,502,15,0,0,24,85,6,0,0.04,0,6,142,0,1.97
36,Jules,human,19,Sat,1,15,qna,1,0,98,726,520,24,2,58,37,91,6,0,0.02,0,3,134,0,1.97
36,Jules,human,19,Sat,1,16,hook,2,0,107,759,567,14,2,98,17,79,0,0,0.12,0,4,184,0,1.97
36,Jules,human,19,Sat,1,17,build,2,0,97,767,555,45,2,78,17,62,0,1,0.28,0,3,142,0,1.97
36,Jules,human,19,Sat,1,18,build,2,0,121,798,563,35,3,107,17,70,0,1,0.37,0,4,169,0,1.97
36,Jules,human,19,Sat,1,19,demo,2,0,115,840,629,61,7,203,17,87,0,1,0.65,0,5,182,0,1.97
36,Jules,human,19,Sat,1,20,demo,2,0,102,884,642,50,7,223,15,64,0,0,0.79,0,5,126,0,1.97
36,Jules,human,19,Sat,1,21,price,2,0,123,925,668,57,8,272,13,76,0,0,0.13,1,2,139,0,1.97
36,Jules,human,19,Sat,1,22,cta,2,0,109,925,666,73,3,107,17,87,0,0,0.05,1,6,141,0,1.97
36,Jules,human,19,Sat,1,23,cta,2,0,128,965,703,64,15,475,21,84,0,1,0.13,1,3,178,0,1.97
36,Jules,human,19,Sat,1,24,fomo,2,0,103,984,710,38,4,136,23,113,0,0,0.12,0,4,177,1,1.97
36,Jules,human,19,Sat,1,25,fomo,2,0,115,1021,747,52,6,214,26,110,0,0,0.01,0,3,159,2,1.97
36,Jules,human,19,Sat,1,26,qna,2,0,108,1061,775,31,4,116,40,127,6,0,0.11,0,5,175,0,1.97
36,Jules,human,19,Sat,1,27,qna,2,0,100,1091,793,42,2,78,43,136,6,1,0.04,0,6,165,0,1.97
36,Jules,human,19,Sat,1,28,hook,3,0,109,1069,773,32,6,194,17,91,0,0,0.13,0,3,139,0,1.97
36,Jules,human,19,Sat,1,29,build,3,0,120,1073,760,37,4,116,27,97,0,0,0.29,0,5,155,0,1.97
36,Jules,human,19,Sat,1,30,build,3,0,125,1095,787,64,11,399,28,102,0,1,0.28,0,3,122,0,1.97
36,Jules,human,19,Sat,1,31,demo,3,0,94,1084,785,68,4,136,17,104,0,1,0.56,0,2,168,0,1.97
36,Jules,human,19,Sat,1,32,demo,3,0,110,1101,798,79,8,252,25,97,0,0,0.65,1,6,139,0,1.97
36,Jules,human,19,Sat,1,33,demo,3,0,97,1100,778,76,7,243,23,98,0,1,0.68,0,3,184,0,1.97
36,Jules,human,19,Sat,1,34,demo,3,0,97,1107,795,83,8,252,17,87,0,1,0.55,0,6,184,0,1.97
36,Jules,human,19,Sat,1,35,price,3,0,100,1077,765,69,4,116,16,92,0,1,0.05,1,4,143,0,1.97
36,Jules,human,19,Sat,1,36,cta,3,0,102,1068,773,52,10,350,16,90,0,0,0,1,4,178,0,1.97
36,Jules,human,19,Sat,1,37,cta,3,0,97,1049,748,86,13,417,19,88,0,1,0.13,1,6,186,0,1.97
36,Jules,human,19,Sat,1,38,fomo,3,0,112,1080,810,61,10,350,22,110,0,0,0.09,0,6,178,1,1.97
36,Jules,human,19,Sat,1,39,fomo,3,0,98,1100,808,54,7,203,21,105,0,1,0.03,0,4,130,2,1.97
36,Jules,human,19,Sat,1,40,qna,3,0,116,1140,824,27,1,29,48,104,6,0,0.07,0,4,145,0,1.97
36,Jules,human,19,Sat,1,41,qna,3,0,111,1175,853,30,3,107,44,122,6,0,0.01,1,7,126,0,1.97
36,Jules,human,19,Sat,1,42,filler,3,0,97,1080,782,24,2,78,15,97,0,0,0.15,1,5,137,0,1.97
36,Jules,human,19,Sat,1,43,hook,4,0,105,1077,786,31,3,87,24,109,0,0,0.01,1,4,177,0,1.97
36,Jules,human,19,Sat,1,44,build,4,0,88,1045,772,44,5,185,21,82,0,1,0.36,0,4,153,0,1.97
36,Jules,human,19,Sat,1,45,build,4,0,88,1022,746,45,3,127,20,85,0,1,0.27,0,4,159,0,1.97
36,Jules,human,19,Sat,1,46,build,4,0,116,1024,764,40,3,107,15,119,0,0,0.17,0,7,151,0,1.97
36,Jules,human,19,Sat,1,47,build,4,0,105,1016,754,44,7,243,17,84,0,1,0.17,0,2,157,0,1.97
36,Jules,human,19,Sat,1,48,demo,4,0,112,1030,756,78,15,495,19,103,0,1,0.72,0,5,179,0,1.97
36,Jules,human,19,Sat,1,49,demo,4,0,95,1026,743,77,12,368,23,87,0,1,0.84,0,6,141,0,1.97
36,Jules,human,19,Sat,1,50,demo,4,0,96,1042,749,74,8,232,21,99,0,1,0.46,1,5,174,0,1.97
36,Jules,human,19,Sat,1,51,price,4,0,87,1024,747,66,7,283,22,94,0,1,0.09,1,3,161,0,1.97
36,Jules,human,19,Sat,1,52,cta,4,0,97,1032,717,52,6,214,15,97,0,0,0.07,1,7,188,0,1.97
36,Jules,human,19,Sat,1,53,fomo,4,0,93,1058,776,50,11,399,22,95,0,0,0.06,0,2,129,1,1.97
36,Jules,human,19,Sat,1,54,fomo,4,0,98,1063,754,47,4,116,21,100,0,0,0.07,0,6,162,2,1.97
36,Jules,human,19,Sat,1,55,qna,4,0,91,1071,756,30,2,58,46,147,6,0,0.08,0,2,128,0,1.97
36,Jules,human,19,Sat,1,56,qna,4,0,89,1084,783,32,5,165,42,132,6,0,0.07,0,5,138,0,1.97
36,Jules,human,19,Sat,1,57,qna,4,0,98,1108,800,25,3,107,37,113,6,0,0.05,0,5,168,0,1.97
36,Jules,human,19,Sat,1,58,hook,5,0,96,1105,765,33,4,136,15,100,0,1,0.13,0,5,146,0,1.97
36,Jules,human,19,Sat,1,59,hook,5,0,96,1086,803,32,1,49,30,93,0,0,0.02,0,5,127,0,1.97
36,Jules,human,19,Sat,1,60,build,5,0,88,1047,743,55,6,194,20,98,0,1,0.16,0,6,166,0,1.97
36,Jules,human,19,Sat,1,61,build,5,0,86,1005,724,39,3,107,14,86,0,0,0.35,0,6,134,0,1.97
36,Jules,human,19,Sat,1,62,demo,5,0,106,1028,748,67,6,174,19,100,0,1,0.68,0,5,128,0,1.97
36,Jules,human,19,Sat,1,63,demo,5,0,117,1051,758,74,8,252,21,92,0,1,0.76,0,5,174,0,1.97
36,Jules,human,19,Sat,1,64,demo,5,0,72,1035,756,55,7,223,12,93,0,0,0.48,0,6,121,0,1.97
36,Jules,human,19,Sat,1,65,demo,5,0,90,1030,724,83,10,350,17,93,0,1,0.7,0,2,154,0,1.97
36,Jules,human,19,Sat,1,66,price,5,0,101,1038,743,80,10,310,19,98,0,1,0.14,1,7,153,0,1.97
36,Jules,human,19,Sat,1,67,cta,5,0,102,1029,725,60,3,87,16,82,0,0,0.08,1,6,183,0,1.97
36,Jules,human,19,Sat,1,68,cta,5,0,85,991,685,83,8,272,16,94,0,1,0.05,1,2,176,0,1.97
36,Jules,human,19,Sat,1,69,fomo,5,0,91,988,727,35,6,174,23,68,0,0,0.03,0,3,185,1,1.97
36,Jules,human,19,Sat,1,70,fomo,5,0,92,993,702,46,3,87,21,96,0,0,0.02,0,3,120,2,1.97
36,Jules,human,19,Sat,1,71,fomo,5,0,83,991,714,41,6,214,25,93,0,0,0.08,0,4,173,3,1.97
36,Jules,human,19,Sat,1,72,qna,5,0,85,996,704,25,1,29,35,95,6,0,0.01,0,3,125,0,1.97
36,Jules,human,19,Sat,1,73,qna,5,0,79,1008,730,35,2,58,35,155,6,0,0.02,0,3,136,0,1.97
36,Jules,human,19,Sat,1,74,filler,5,0,98,959,718,9,0,0,15,92,0,0,0.06,0,3,156,0,1.97
36,Jules,human,19,Sat,1,75,dead,5,0,90,881,637,10,0,0,5,88,0,0,0.1,0,5,20,0,1.97
36,Jules,human,19,Sat,1,76,hook,6,0,104,894,641,21,1,29,11,76,0,0,0.05,0,5,184,0,1.97
36,Jules,human,19,Sat,1,77,build,6,0,90,869,639,37,4,116,14,79,0,1,0.34,1,5,144,0,1.97
36,Jules,human,19,Sat,1,78,build,6,0,93,857,643,42,5,185,14,73,0,1,0.19,0,5,174,0,1.97
36,Jules,human,19,Sat,1,79,demo,6,0,102,876,627,71,6,214,18,76,0,1,0.79,0,2,146,0,1.97
36,Jules,human,19,Sat,1,80,demo,6,0,96,899,648,51,3,87,22,90,0,1,0.55,0,4,180,0,1.97
36,Jules,human,19,Sat,1,81,price,6,0,88,905,620,56,6,214,17,76,0,1,0.09,1,5,172,0,1.97
36,Jules,human,19,Sat,1,82,cta,6,0,98,909,645,60,10,290,19,79,0,0,0.1,1,2,172,0,1.97
36,Jules,human,19,Sat,1,83,fomo,6,0,79,915,654,33,6,214,15,92,0,0,0.11,0,3,153,1,1.97
36,Jules,human,19,Sat,1,84,fomo,6,0,86,919,632,47,8,272,18,66,0,0,0.08,0,3,187,2,1.97
36,Jules,human,19,Sat,1,85,qna,6,0,103,952,699,31,4,136,38,98,6,0,0.08,0,7,137,0,1.97
36,Jules,human,19,Sat,1,86,dead,6,0,82,871,630,15,0,0,7,77,0,0,0.12,0,5,20,0,1.97
36,Jules,human,19,Sat,1,87,hook,7,0,73,856,598,26,3,87,19,70,0,0,0.05,1,4,122,0,1.97
36,Jules,human,19,Sat,1,88,build,7,0,76,830,598,39,8,272,15,83,0,0,0.32,0,5,183,0,1.97
36,Jules,human,19,Sat,1,89,build,7,0,98,826,606,36,4,116,7,94,0,1,0.26,0,2,152,0,1.97
36,Jules,human,19,Sat,1,90,build,7,0,93,836,626,39,4,116,13,73,0,1,0.33,0,3,188,0,1.97
36,Jules,human,19,Sat,1,91,demo,7,0,89,850,603,54,5,145,16,73,0,0,0.69,0,6,142,0,1.97
36,Jules,human,19,Sat,1,92,demo,7,0,69,856,609,59,4,136,14,73,0,1,0.79,0,6,162,0,1.97
36,Jules,human,19,Sat,1,93,demo,7,0,95,885,645,76,7,203,21,97,0,1,0.45,0,6,120,0,1.97
36,Jules,human,19,Sat,1,94,price,7,0,85,870,641,34,6,194,21,77,0,0,0.05,0,5,162,0,1.97
36,Jules,human,19,Sat,1,95,cta,7,0,69,850,618,71,10,370,12,83,0,1,0.01,1,7,155,0,1.97
36,Jules,human,19,Sat,1,96,fomo,7,0,85,863,621,46,7,203,14,75,0,0,0.13,0,7,143,1,1.97
36,Jules,human,19,Sat,1,97,fomo,7,0,100,891,630,32,2,78,24,69,0,0,0.03,0,7,169,2,1.97
36,Jules,human,19,Sat,1,98,qna,7,0,101,923,673,36,5,165,40,115,6,0,0.01,0,6,121,0,1.97
36,Jules,human,19,Sat,1,99,qna,7,0,96,965,691,27,3,107,29,87,6,1,0.09,0,4,142,0,1.97
36,Jules,human,19,Sat,1,100,hook,8,0,90,950,705,27,4,156,25,89,0,0,0.08,0,5,145,0,1.97
36,Jules,human,19,Sat,1,101,hook,8,0,91,947,676,25,1,29,28,66,0,0,0.02,0,4,156,0,1.97
36,Jules,human,19,Sat,1,102,build,8,0,93,922,674,43,6,194,20,91,0,0,0.29,0,2,159,0,1.97
36,Jules,human,19,Sat,1,103,build,8,0,59,897,654,38,1,29,11,81,0,1,0.25,0,4,189,0,1.97
36,Jules,human,19,Sat,1,104,build,8,0,92,887,625,32,3,127,12,94,0,0,0.39,0,2,126,0,1.97
36,Jules,human,19,Sat,1,105,build,8,0,79,858,605,50,5,165,10,68,0,1,0.22,0,7,145,0,1.97
36,Jules,human,19,Sat,1,106,demo,8,0,81,862,616,61,13,417,23,69,0,1,0.53,0,7,180,0,1.97
36,Jules,human,19,Sat,1,107,demo,8,0,77,865,635,58,6,174,21,80,0,1,0.81,0,2,168,0,1.97
36,Jules,human,19,Sat,1,108,demo,8,0,91,874,639,62,9,301,9,82,0,1,0.55,1,4,126,0,1.97
36,Jules,human,19,Sat,1,109,price,8,0,73,853,637,57,9,261,16,91,0,0,0.06,1,6,127,0,1.97
36,Jules,human,19,Sat,1,110,cta,8,0,89,844,589,71,11,399,13,87,0,1,0.08,1,7,125,0,1.97
36,Jules,human,19,Sat,1,111,cta,8,0,74,824,601,59,7,223,11,81,0,1,0.08,1,7,174,0,1.97
36,Jules,human,19,Sat,1,112,fomo,8,0,96,850,592,43,5,145,20,70,0,0,0.15,1,4,140,1,1.97
36,Jules,human,19,Sat,1,113,fomo,8,0,72,864,610,31,5,165,18,87,0,0,0.07,0,6,152,2,1.97
36,Jules,human,19,Sat,1,114,qna,8,0,97,907,642,25,4,136,30,91,6,0,0.11,0,5,179,0,1.97
36,Jules,human,19,Sat,1,115,qna,8,0,106,953,672,17,2,78,38,95,6,0,0.13,0,5,137,0,1.97
36,Jules,human,19,Sat,1,116,dead,8,0,102,854,601,10,0,0,8,77,0,0,0.11,1,7,20,0,1.97
36,Jules,human,19,Sat,1,117,hook,9,0,96,857,626,16,1,49,14,76,0,0,0.1,0,3,156,0,1.97
36,Jules,human,19,Sat,1,118,build,9,0,70,844,616,33,1,29,8,76,0,1,0.25,0,6,130,0,1.97
36,Jules,human,19,Sat,1,119,build,9,0,83,849,602,44,5,165,20,74,0,1,0.21,0,5,129,0,1.97
36,Jules,human,19,Sat,1,120,build,9,0,85,837,607,33,3,87,12,78,0,1,0.34,0,5,154,0,1.97
37,Nova,ai,17,Thu,0,1,hook,1,0,49,49,31,1,0,0,0,7,0,0,0.01,0,2,158,0,1
37,Nova,ai,17,Thu,0,2,hook,1,0,49,93,61,3,0,0,1,5,0,0,0.02,0,2,161,0,1
37,Nova,ai,17,Thu,0,3,build,1,0,46,125,98,4,0,0,4,18,0,0,0.15,0,2,160,0,1
37,Nova,ai,17,Thu,0,4,build,1,0,45,160,127,5,0,0,1,14,0,1,0.36,0,3,158,0,1
37,Nova,ai,17,Thu,0,5,build,1,0,35,171,130,4,0,0,5,17,0,1,0.25,0,1,157,0,1
37,Nova,ai,17,Thu,0,6,build,1,0,32,186,131,8,2,58,4,15,0,1,0.37,0,3,158,0,1
37,Nova,ai,17,Thu,0,7,demo,1,0,40,210,147,16,1,29,3,19,0,1,0.47,1,2,155,0,1
37,Nova,ai,17,Thu,0,8,demo,1,0,43,235,176,15,2,58,2,13,0,1,0.59,0,2,155,0,1
37,Nova,ai,17,Thu,0,9,demo,1,0,52,274,182,19,1,29,2,29,0,1,0.54,0,2,160,0,1
37,Nova,ai,17,Thu,0,10,demo,1,0,43,289,202,11,2,58,7,35,0,0,0.54,0,1,159,0,1
37,Nova,ai,17,Thu,0,11,price,1,0,56,315,240,19,3,127,9,30,0,1,0.15,0,2,158,0,1.28
37,Nova,ai,17,Thu,0,12,cta,1,0,55,337,232,20,3,107,4,24,0,1,0.12,1,2,156,0,1.28
37,Nova,ai,17,Thu,0,13,cta,1,0,43,343,240,25,2,58,4,28,0,1,0.14,1,2,155,0,1.28
37,Nova,ai,17,Thu,0,14,fomo,1,0,55,362,264,15,1,29,8,28,0,0,0.13,0,2,161,1,1.28
37,Nova,ai,17,Thu,0,15,fomo,1,0,48,368,256,17,4,116,6,44,0,0,0.11,0,1,157,2,1.28
37,Nova,ai,17,Thu,0,16,filler,1,0,46,340,247,6,0,0,1,21,0,0,0,0,2,160,0,1.28
37,Nova,ai,17,Thu,0,17,hook,2,0,52,345,249,10,0,0,2,29,0,1,0.14,0,1,156,0,1.28
37,Nova,ai,17,Thu,0,18,build,2,0,57,362,258,8,2,58,5,36,0,0,0.24,0,2,159,0,1.28
37,Nova,ai,17,Thu,0,19,build,2,0,57,372,275,17,0,0,5,30,0,0,0.39,0,1,156,0,1.28
37,Nova,ai,17,Thu,0,20,build,2,0,50,382,293,12,0,0,6,35,0,0,0.15,0,2,159,0,1.28
37,Nova,ai,17,Thu,0,21,demo,2,0,51,393,286,24,2,58,6,43,0,1,0.66,0,2,158,0,1.28
37,Nova,ai,17,Thu,0,22,demo,2,0,58,409,298,26,3,87,6,43,0,1,0.81,0,2,160,0,1.28
37,Nova,ai,17,Thu,0,23,demo,2,0,55,437,321,29,3,107,6,40,0,1,0.73,0,2,160,0,1.28
37,Nova,ai,17,Thu,0,24,demo,2,0,58,459,339,10,2,78,13,42,0,1,0.46,0,3,158,0,1.28
37,Nova,ai,17,Thu,0,25,price,2,0,60,476,370,38,4,176,6,40,0,1,0.09,0,1,160,0,1.28
37,Nova,ai,17,Thu,0,26,cta,2,0,56,476,348,29,8,292,3,41,0,1,0.14,1,2,159,0,1.28
37,Nova,ai,17,Thu,0,27,cta,2,0,61,474,336,23,2,58,14,51,0,0,0.08,1,1,157,0,1.28
37,Nova,ai,17,Thu,0,28,fomo,2,0,63,489,335,26,1,29,14,31,0,0,0.12,0,3,161,1,1.28
37,Nova,ai,17,Thu,0,29,fomo,2,0,53,491,356,17,3,107,10,47,0,0,0.09,0,2,160,2,1.28
37,Nova,ai,17,Thu,0,30,filler,2,0,50,462,343,3,0,0,7,41,0,1,0.08,1,3,156,0,1.28
37,Nova,ai,17,Thu,0,31,hook,3,0,43,466,338,12,2,58,9,41,0,0,0.13,0,3,157,0,1.28
37,Nova,ai,17,Thu,0,32,build,3,0,53,447,314,20,1,49,8,36,0,1,0.25,0,2,160,0,1.28
37,Nova,ai,17,Thu,0,33,build,3,0,44,421,313,18,2,78,5,29,0,1,0.2,0,2,157,0,1.28
37,Nova,ai,17,Thu,0,34,build,3,0,52,411,291,17,2,58,6,38,0,0,0.39,0,1,159,0,1.28
37,Nova,ai,17,Thu,0,35,build,3,0,32,387,286,17,0,0,7,40,0,0,0.2,0,2,161,0,1.28
37,Nova,ai,17,Thu,0,36,demo,3,0,55,398,270,27,1,29,6,33,0,1,0.73,0,1,157,0,1.28
37,Nova,ai,17,Thu,0,37,demo,3,0,47,406,300,20,0,0,6,48,0,1,0.7,0,1,158,0,1.28
37,Nova,ai,17,Thu,0,38,demo,3,0,53,415,302,18,3,87,13,29,0,1,0.59,0,2,159,0,1.28
37,Nova,ai,17,Thu,0,39,price,3,0,52,411,291,24,3,87,6,36,0,1,0.06,1,2,155,0,1.28
37,Nova,ai,17,Thu,0,40,cta,3,0,53,400,282,31,2,58,7,32,0,0,0.01,1,2,157,0,1.28
37,Nova,ai,17,Thu,0,41,fomo,3,0,44,395,268,20,5,145,12,41,0,0,0.1,0,3,157,1,1.28
37,Nova,ai,17,Thu,0,42,fomo,3,0,52,405,285,17,2,58,13,32,0,1,0.07,0,1,158,2,1.28
37,Nova,ai,17,Thu,0,43,filler,3,0,44,393,292,6,0,0,11,38,0,0,0.01,0,2,160,0,1.28
37,Nova,ai,17,Thu,0,44,hook,4,0,49,402,292,11,2,98,4,34,0,0,0.05,1,1,158,0,1.28
37,Nova,ai,17,Thu,0,45,hook,4,0,69,433,309,14,1,29,11,30,0,0,0.14,0,2,158,0,1.28
37,Nova,ai,17,Thu,0,46,build,4,0,48,420,283,15,6,194,5,46,0,1,0.17,0,3,160,0,1.28
37,Nova,ai,17,Thu,0,47,build,4,0,37,392,279,15,3,87,8,26,0,1,0.26,0,2,161,0,1.28
37,Nova,ai,17,Thu,0,48,build,4,0,54,400,291,13,1,29,6,35,0,0,0.21,1,2,159,0,1.28
37,Nova,ai,17,Thu,0,49,demo,4,0,48,415,281,18,3,127,10,35,0,1,0.83,1,1,161,0,1.28
37,Nova,ai,17,Thu,0,50,demo,4,0,41,410,301,30,4,136,9,42,0,1,0.56,0,2,158,0,1.28
37,Nova,ai,17,Thu,0,51,price,4,0,45,399,290,17,6,274,8,40,0,0,0.01,1,3,158,0,1.28
37,Nova,ai,17,Thu,0,52,cta,4,0,45,378,282,31,6,174,9,35,0,1,0.06,0,1,157,0,1.28
37,Nova,ai,17,Thu,0,53,cta,4,0,59,380,285,21,4,136,8,41,0,0,0.07,0,3,159,0,1.28
37,Nova,ai,17,Thu,0,54,fomo,4,0,46,387,285,20,3,87,6,32,0,0,0.1,0,1,159,1,1.28
37,Nova,ai,17,Thu,0,55,fomo,4,0,42,392,289,15,2,78,9,27,0,0,0.05,0,3,158,2,1.28
37,Nova,ai,17,Thu,0,56,filler,4,0,50,352,260,7,0,0,2,34,0,0,0.04,0,2,160,0,1.28
37,Nova,ai,17,Thu,0,57,filler,4,0,53,338,230,4,0,0,4,36,0,0,0.09,0,2,161,0,1.28
37,Nova,ai,17,Thu,0,58,hook,5,0,55,352,265,9,0,0,8,34,0,0,0.04,0,3,160,0,1.28
37,Nova,ai,17,Thu,0,59,hook,5,0,51,365,265,7,1,29,4,34,0,0,0.11,0,3,158,0,1.28
37,Nova,ai,17,Thu,0,60,build,5,0,34,352,255,20,2,78,8,25,0,1,0.26,0,3,156,0,1.28
37,Nova,ai,17,Thu,0,61,build,5,0,57,361,260,17,0,0,3,47,0,1,0.26,0,1,158,0,1.28
37,Nova,ai,17,Thu,0,62,build,5,0,55,375,266,17,5,185,5,33,0,0,0.4,0,3,158,0,1.28
37,Nova,ai,17,Thu,0,63,demo,5,0,60,395,269,27,6,234,11,36,0,1,0.69,0,2,161,0,1.28
37,Nova,ai,17,Thu,0,64,demo,5,0,50,393,282,25,2,58,5,25,0,1,0.53,0,2,155,0,1.28
37,Nova,ai,17,Thu,0,65,demo,5,0,51,397,289,22,3,87,8,47,0,1,0.49,0,2,158,0,1.28
37,Nova,ai,17,Thu,0,66,price,5,0,51,399,294,22,1,29,4,30,0,1,0.08,1,1,156,0,1.28
37,Nova,ai,17,Thu,0,67,cta,5,0,46,388,300,16,3,87,2,34,0,1,0.14,1,3,161,0,1.28
37,Nova,ai,17,Thu,0,68,cta,5,0,51,375,271,18,1,49,5,43,0,0,0.02,1,1,156,0,1.28
37,Nova,ai,17,Thu,0,69,fomo,5,0,55,398,296,12,3,107,9,33,0,0,0.08,0,2,160,1,1.28
37,Nova,ai,17,Thu,0,70,fomo,5,0,55,398,295,17,2,58,7,38,0,0,0.05,0,1,158,2,1.28
37,Nova,ai,17,Thu,0,71,filler,5,0,51,384,273,13,1,29,3,33,0,0,0.01,0,1,161,0,1.28
37,Nova,ai,17,Thu,0,72,filler,5,0,44,349,251,2,1,29,4,31,0,0,0.06,0,1,160,0,1.28
37,Nova,ai,17,Thu,0,73,hook,6,0,55,358,267,14,0,0,11,29,0,0,0.07,1,2,158,0,1.28
37,Nova,ai,17,Thu,0,74,hook,6,0,57,358,260,9,1,29,9,36,0,0,0.03,0,2,158,0,1.28
37,Nova,ai,17,Thu,0,75,build,6,0,31,334,233,11,1,29,6,35,0,0,0.33,0,2,159,0,1.28
37,Nova,ai,17,Thu,0,76,build,6,0,43,324,231,7,0,0,6,34,0,1,0.21,0,2,160,0,1.28
37,Nova,ai,17,Thu,0,77,build,6,0,50,335,244,15,3,87,0,26,0,1,0.32,0,2,158,0,1.28
37,Nova,ai,17,Thu,0,78,demo,6,0,51,351,243,17,2,78,11,27,0,1,0.58,0,2,161,0,1.28
37,Nova,ai,17,Thu,0,79,demo,6,0,43,352,255,33,5,145,4,33,0,1,0.61,0,3,160,0,1.28
37,Nova,ai,17,Thu,0,80,price,6,0,41,343,248,21,3,87,3,25,0,0,0.03,1,3,158,0,1.28
37,Nova,ai,17,Thu,0,81,cta,6,0,45,350,256,25,3,87,6,35,0,1,0.15,1,1,158,0,1.28
37,Nova,ai,17,Thu,0,82,fomo,6,0,45,352,253,11,1,49,6,38,0,0,0.12,0,1,157,1,1.28
37,Nova,ai,17,Thu,0,83,fomo,6,0,44,354,248,15,2,78,3,36,0,0,0.06,0,1,158,2,1.28
37,Nova,ai,17,Thu,0,84,filler,6,0,41,323,241,6,0,0,0,28,0,1,0.06,0,1,159,0,1.28
37,Nova,ai,17,Thu,0,85,filler,6,0,52,308,223,7,1,49,5,25,0,0,0,0,2,161,0,1.28
37,Nova,ai,17,Thu,0,86,hook,7,0,37,299,222,5,0,0,4,24,0,0,0.04,0,2,159,0,1.28
37,Nova,ai,17,Thu,0,87,build,7,0,50,311,236,15,2,58,5,30,0,1,0.21,0,1,156,0,1.28
37,Nova,ai,17,Thu,0,88,build,7,0,46,320,225,16,0,0,4,42,0,0,0.24,0,3,159,0,1.28
37,Nova,ai,17,Thu,0,89,build,7,0,52,314,220,7,0,0,6,38,0,1,0.19,0,2,159,0,1.28
37,Nova,ai,17,Thu,0,90,demo,7,0,51,328,227,19,2,58,6,40,0,1,0.56,0,1,156,0,1.28
37,Nova,ai,17,Thu,0,91,demo,7,0,38,322,229,16,2,58,7,32,0,0,0.78,0,2,159,0,1.28
37,Nova,ai,17,Thu,0,92,demo,7,0,39,319,233,22,3,107,6,19,0,1,0.83,0,3,159,0,1.28
37,Nova,ai,17,Thu,0,93,price,7,0,51,324,237,16,2,58,5,21,0,0,0.03,1,2,158,0,1.28
37,Nova,ai,17,Thu,0,94,cta,7,0,49,323,230,16,0,0,4,38,0,0,0.06,1,2,157,0,1.28
37,Nova,ai,17,Thu,0,95,cta,7,0,40,319,225,24,5,165,10,41,0,1,0.04,1,2,155,0,1.28
37,Nova,ai,17,Thu,0,96,fomo,7,0,49,329,213,13,3,87,7,28,0,0,0.15,0,2,156,1,1.28
37,Nova,ai,17,Thu,0,97,fomo,7,0,45,344,265,19,7,203,11,37,0,0,0.12,1,1,157,2,1.28
37,Nova,ai,17,Thu,0,98,filler,7,0,46,323,230,7,0,0,3,27,0,1,0.11,0,2,160,0,1.28
37,Nova,ai,17,Thu,0,99,hook,8,0,48,323,237,8,0,0,4,27,0,1,0.12,0,2,160,0,1.28
37,Nova,ai,17,Thu,0,100,hook,8,0,42,312,235,7,0,0,6,33,0,0,0.13,0,2,161,0,1.28
37,Nova,ai,17,Thu,0,101,build,8,0,40,302,216,20,1,49,6,21,0,1,0.37,0,2,159,0,1.28
37,Nova,ai,17,Thu,0,102,build,8,0,36,288,202,10,0,0,5,29,0,1,0.28,0,2,156,0,1.28
37,Nova,ai,17,Thu,0,103,build,8,0,43,285,214,7,1,29,1,27,0,0,0.34,1,2,157,0,1.28
37,Nova,ai,17,Thu,0,104,demo,8,0,47,303,218,20,3,107,5,28,0,1,0.72,0,3,156,0,1.28
37,Nova,ai,17,Thu,0,105,demo,8,0,46,309,205,18,1,49,7,28,0,1,0.54,0,3,157,0,1.28
37,Nova,ai,17,Thu,0,106,price,8,0,37,315,227,19,3,87,4,30,0,1,0.13,1,3,161,0,1.28
37,Nova,ai,17,Thu,0,107,cta,8,0,33,300,221,25,3,107,3,26,0,0,0.09,1,2,160,0,1.28
37,Nova,ai,17,Thu,0,108,fomo,8,0,43,305,226,12,1,49,6,22,0,0,0.03,0,1,156,1,1.28
37,Nova,ai,17,Thu,0,109,fomo,8,0,38,307,212,16,2,58,3,27,0,0,0.05,0,1,155,2,1.28
37,Nova,ai,17,Thu,0,110,fomo,8,0,48,314,237,19,2,58,5,27,0,0,0.12,0,2,157,3,1.28
37,Nova,ai,17,Thu,0,111,filler,8,0,48,304,211,10,1,29,4,28,0,1,0.04,0,1,159,0,1.28
37,Nova,ai,17,Thu,0,112,filler,8,0,55,297,201,7,0,0,3,29,0,0,0.03,0,2,157,0,1.28
37,Nova,ai,17,Thu,0,113,hook,9,0,59,314,216,10,0,0,8,29,0,0,0.03,0,1,158,0,1.28
37,Nova,ai,17,Thu,0,114,hook,9,0,51,322,231,10,0,0,5,31,0,0,0.15,0,2,157,0,1.28
37,Nova,ai,17,Thu,0,115,build,9,0,43,316,229,7,0,0,8,34,0,0,0.2,0,3,160,0,1.28
37,Nova,ai,17,Thu,0,116,build,9,0,35,308,210,9,2,58,4,38,0,1,0.24,0,1,161,0,1.28
37,Nova,ai,17,Thu,0,117,build,9,0,39,295,222,14,2,78,2,31,0,0,0.4,0,1,156,0,1.28
37,Nova,ai,17,Thu,0,118,build,9,0,47,296,232,20,2,78,3,27,0,1,0.25,0,3,159,0,1.28
37,Nova,ai,17,Thu,0,119,demo,9,0,40,300,203,25,3,107,6,25,0,1,0.48,0,2,157,0,1.28
37,Nova,ai,17,Thu,0,120,demo,9,0,52,315,223,24,3,107,10,36,0,1,0.77,0,2,158,0,1.28
38,Maya,human,19,Sun,0,1,hook,1,0,97,97,67,2,0,0,0,4,0,0,0.04,0,5,177,0,1
38,Maya,human,19,Sun,0,2,hook,1,0,80,168,120,0,0,0,0,16,0,0,0.14,0,4,172,0,1
38,Maya,human,19,Sun,0,3,build,1,0,90,241,173,7,1,49,5,21,0,1,0.18,0,5,164,0,1
38,Maya,human,19,Sun,0,4,build,1,0,96,306,232,17,1,29,4,29,0,1,0.35,0,5,152,0,1
38,Maya,human,19,Sun,0,5,build,1,0,80,361,262,28,1,49,6,22,0,1,0.19,0,3,173,0,1
38,Maya,human,19,Sun,0,6,demo,1,0,86,422,284,29,4,136,8,47,0,1,0.63,0,4,142,0,1
38,Maya,human,19,Sun,0,7,demo,1,0,83,475,333,33,3,127,8,46,0,1,0.59,0,3,184,0,1
38,Maya,human,19,Sun,0,8,demo,1,0,92,521,372,33,2,78,9,50,0,1,0.67,0,3,126,0,1
38,Maya,human,19,Sun,0,9,price,1,0,87,554,379,38,4,136,8,55,0,0,0,1,6,123,0,1
38,Maya,human,19,Sun,0,10,cta,1,0,73,568,393,39,6,194,7,39,0,1,0.06,1,4,121,0,1
38,Maya,human,19,Sun,0,11,fomo,1,0,85,608,457,32,10,310,7,58,0,0,0.09,1,5,142,1,1.24
38,Maya,human,19,Sun,0,12,qna,1,0,93,668,477,23,3,87,22,67,6,1,0.03,0,5,185,0,1.24
38,Maya,human,19,Sun,0,13,filler,1,0,97,645,464,12,1,29,10,51,0,0,0,0,5,169,0,1.24
38,Maya,human,19,Sun,0,14,dead,1,0,83,599,442,2,1,29,2,54,0,0,0.11,0,5,20,0,1.24
38,Maya,human,19,Sun,0,15,hook,2,0,100,648,470,17,0,0,12,58,0,0,0.12,0,3,170,0,1.24
38,Maya,human,19,Sun,0,16,build,2,0,98,687,498,35,6,234,9,64,0,1,0.34,0,7,134,0,1.24
38,Maya,human,19,Sun,0,17,build,2,0,85,706,493,32,5,145,14,62,0,1,0.31,0,4,168,0,1.24
38,Maya,human,19,Sun,0,18,demo,2,0,88,713,501,50,4,116,15,69,0,1,0.85,0,2,182,0,1.24
38,Maya,human,19,Sun,0,19,demo,2,0,96,765,549,70,8,232,13,84,0,1,0.79,0,4,153,0,1.24
38,Maya,human,19,Sun,0,20,demo,2,0,98,797,573,63,5,165,9,68,0,1,0.66,0,2,159,0,1.24
38,Maya,human,19,Sun,0,21,price,2,0,102,832,596,57,12,448,12,82,0,1,0.14,1,4,152,0,1.24
38,Maya,human,19,Sun,0,22,cta,2,0,106,862,622,48,9,281,16,86,0,0,0.07,0,2,136,0,1.24
38,Maya,human,19,Sun,0,23,fomo,2,0,98,896,655,51,5,145,24,80,0,1,0.15,0,6,160,1,1.24
38,Maya,human,19,Sun,0,24,fomo,2,0,88,911,657,46,4,116,17,77,0,0,0.01,0,2,159,2,1.24
38,Maya,human,19,Sun,0,25,qna,2,0,95,948,677,35,9,321,32,111,6,1,0.07,0,2,179,0,1.24
38,Maya,human,19,Sun,0,26,qna,2,0,112,994,708,30,1,29,42,119,6,0,0.02,0,2,168,0,1.24
38,Maya,human,19,Sun,0,27,qna,2,0,87,1006,718,29,6,174,35,124,6,0,0.05,0,7,135,0,1.24
38,Maya,human,19,Sun,0,28,hook,3,0,94,998,711,24,2,58,16,66,0,0,0.12,0,4,129,0,1.24
38,Maya,human,19,Sun,0,29,build,3,0,108,996,749,34,3,87,15,78,0,0,0.36,0,7,120,0,1.24
38,Maya,human,19,Sun,0,30,build,3,0,112,984,709,51,5,145,12,91,0,1,0.19,0,6,135,0,1.24
38,Maya,human,19,Sun,0,31,build,3,0,84,954,681,39,4,116,12,78,0,0,0.17,0,3,156,0,1.24
38,Maya,human,19,Sun,0,32,demo,3,0,104,980,715,70,8,252,18,90,0,1,0.75,0,7,188,0,1.24
38,Maya,human,19,Sun,0,33,demo,3,0,84,981,713,59,8,252,15,109,0,1,0.74,0,2,126,0,1.24
38,Maya,human,19,Sun,0,34,demo,3,0,92,981,690,61,6,194,17,80,0,1,0.69,0,5,121,0,1.24
38,Maya,human,19,Sun,0,35,demo,3,0,102,993,720,69,11,319,14,99,0,1,0.78,0,5,143,0,1.24
38,Maya,human,19,Sun,0,36,demo,3,0,103,1015,716,59,7,223,8,85,0,0,0.65,0,4,174,0,1.24
38,Maya,human,19,Sun,0,37,price,3,0,99,1020,738,56,10,330,22,90,0,0,0.11,0,6,160,0,1.24
38,Maya,human,19,Sun,0,38,cta,3,0,94,1014,716,91,24,836,15,89,0,1,0.04,1,3,161,0,1.24
38,Maya,human,19,Sun,0,39,fomo,3,0,94,1019,744,55,10,330,19,91,0,0,0.02,0,3,187,1,1.24
38,Maya,human,19,Sun,0,40,qna,3,0,95,1045,759,27,5,165,42,128,6,0,0.01,0,2,150,0,1.24
38,Maya,human,19,Sun,0,41,qna,3,0,89,1066,750,37,10,310,37,118,6,0,0.03,0,7,147,0,1.24
38,Maya,human,19,Sun,0,42,filler,3,0,101,984,715,15,0,0,12,109,0,0,0.11,0,5,124,0,1.24
38,Maya,human,19,Sun,0,43,hook,4,0,107,989,720,21,3,107,19,85,0,0,0.01,0,4,183,0,1.24
38,Maya,human,19,Sun,0,44,hook,4,0,92,995,710,33,0,0,18,100,0,0,0.14,0,2,163,0,1.24
38,Maya,human,19,Sun,0,45,build,4,0,84,970,677,30,5,185,22,97,0,0,0.18,0,4,163,0,1.24
38,Maya,human,19,Sun,0,46,build,4,0,89,951,687,45,4,116,21,86,0,1,0.3,0,3,165,0,1.24
38,Maya,human,19,Sun,0,47,build,4,0,92,945,673,50,5,205,15,88,0,1,0.17,0,6,129,0,1.24
38,Maya,human,19,Sun,0,48,build,4,0,90,940,674,47,7,223,18,92,0,1,0.15,0,2,172,0,1.24
38,Maya,human,19,Sun,0,49,demo,4,0,80,942,676,65,10,330,15,97,0,1,0.72,0,3,142,0,1.24
38,Maya,human,19,Sun,0,50,demo,4,0,94,942,674,72,12,408,16,99,0,1,0.64,0,3,124,0,1.24
38,Maya,human,19,Sun,0,51,demo,4,0,81,942,669,71,8,252,25,65,0,1,0.72,0,6,148,0,1.24
38,Maya,human,19,Sun,0,52,demo,4,0,89,954,693,74,12,448,25,79,0,1,0.66,0,4,124,0,1.24
38,Maya,human,19,Sun,0,53,price,4,0,112,960,679,55,4,136,18,82,0,1,0.02,0,5,140,0,1.24
38,Maya,human,19,Sun,0,54,cta,4,0,79,937,688,55,4,116,14,77,0,0,0.07,0,6,173,0,1.24
38,Maya,human,19,Sun,0,55,fomo,4,0,89,945,700,55,12,408,17,100,0,1,0.12,0,7,181,1,1.24
38,Maya,human,19,Sun,0,56,qna,4,0,80,952,720,32,9,301,33,122,6,0,0.06,0,5,153,0,1.24
38,Maya,human,19,Sun,0,57,hook,5,0,94,969,703,35,2,58,12,97,0,1,0.13,0,4,125,0,1.24
38,Maya,human,19,Sun,0,58,build,5,0,89,940,682,38,4,116,22,83,0,1,0.18,0,5,154,0,1.24
38,Maya,human,19,Sun,0,59,build,5,0,106,935,701,47,8,292,19,76,0,1,0.3,0,3,140,0,1.24
38,Maya,human,19,Sun,0,60,build,5,0,100,928,676,35,2,78,19,81,0,0,0.19,0,4,124,0,1.24
38,Maya,human,19,Sun,0,61,build,5,0,104,919,656,48,6,194,20,63,0,1,0.39,0,7,183,0,1.24
38,Maya,human,19,Sun,0,62,demo,5,0,71,902,635,72,10,290,17,92,0,1,0.79,0,7,164,0,1.24
38,Maya,human,19,Sun,0,63,demo,5,0,97,931,679,75,13,457,25,87,0,1,0.55,0,5,159,0,1.24
38,Maya,human,19,Sun,0,64,demo,5,0,87,945,670,61,8,252,21,85,0,1,0.61,0,4,155,0,1.24
38,Maya,human,19,Sun,0,65,price,5,0,86,942,675,69,11,379,14,83,0,1,0.15,1,5,136,0,1.24
38,Maya,human,19,Sun,0,66,cta,5,0,93,936,666,69,13,497,12,75,0,0,0.1,1,6,179,0,1.24
38,Maya,human,19,Sun,0,67,fomo,5,0,82,932,676,45,6,194,22,86,0,0,0.1,0,3,120,1,1.24
38,Maya,human,19,Sun,0,68,qna,5,0,78,952,684,40,3,107,42,93,6,1,0.07,0,7,162,0,1.24
38,Maya,human,19,Sun,0,69,qna,5,0,75,953,699,43,10,350,29,99,6,1,0.03,1,6,130,0,1.24
38,Maya,human,19,Sun,0,70,qna,5,0,88,979,693,37,7,243,35,108,6,0,0.14,1,4,124,0,1.24
38,Maya,human,19,Sun,0,71,dead,5,0,91,877,615,17,3,87,5,79,0,0,0.1,0,5,20,0,1.24
38,Maya,human,19,Sun,0,72,hook,6,0,73,869,635,26,2,58,13,83,0,0,0.05,0,6,145,0,1.24
38,Maya,human,19,Sun,0,73,hook,6,0,79,854,609,18,1,29,18,72,0,0,0.01,0,7,172,0,1.24
38,Maya,human,19,Sun,0,74,build,6,0,90,864,652,43,12,408,11,74,0,1,0.2,0,5,132,0,1.24
38,Maya,human,19,Sun,0,75,build,6,0,82,864,635,45,3,87,16,79,0,1,0.3,0,6,153,0,1.24
38,Maya,human,19,Sun,0,76,demo,6,0,92,884,630,63,10,330,14,66,0,1,0.53,0,7,142,0,1.24
38,Maya,human,19,Sun,0,77,demo,6,0,83,905,659,52,7,263,15,60,0,1,0.62,0,7,124,0,1.24
38,Maya,human,19,Sun,0,78,demo,6,0,103,931,684,60,7,243,20,74,0,1,0.63,0,5,184,0,1.24
38,Maya,human,19,Sun,0,79,price,6,0,93,925,669,54,12,388,13,83,0,0,0.06,1,5,134,0,1.24
38,Maya,human,19,Sun,0,80,cta,6,0,89,924,667,66,8,232,21,78,0,0,0.08,1,7,122,0,1.24
38,Maya,human,19,Sun,0,81,fomo,6,0,78,925,682,36,4,136,16,82,0,0,0.11,0,6,145,1,1.24
38,Maya,human,19,Sun,0,82,qna,6,0,96,965,672,31,2,58,43,122,6,0,0.05,1,5,173,0,1.24
38,Maya,human,19,Sun,0,83,qna,6,0,78,974,700,37,6,174,42,117,6,0,0.1,0,6,160,0,1.24
38,Maya,human,19,Sun,0,84,qna,6,0,100,997,713,32,10,350,35,122,6,1,0.14,0,3,129,0,1.24
38,Maya,human,19,Sun,0,85,dead,6,0,81,875,623,11,1,29,12,89,0,0,0.02,0,5,20,0,1.24
38,Maya,human,19,Sun,0,86,hook,7,0,96,883,665,25,5,145,16,68,0,0,0.01,1,3,140,0,1.24
38,Maya,human,19,Sun,0,87,hook,7,0,91,892,626,18,0,0,17,89,0,0,0.05,0,3,123,0,1.24
38,Maya,human,19,Sun,0,88,build,7,0,86,875,632,39,5,165,11,86,0,1,0.31,0,3,142,0,1.24
38,Maya,human,19,Sun,0,89,build,7,0,80,857,622,46,5,165,13,85,0,0,0.25,0,5,141,0,1.24
38,Maya,human,19,Sun,0,90,demo,7,0,81,865,610,61,9,321,18,71,0,1,0.64,0,6,166,0,1.24
38,Maya,human,19,Sun,0,91,demo,7,0,87,892,634,48,6,194,17,85,0,1,0.58,0,7,161,0,1.24
38,Maya,human,19,Sun,0,92,demo,7,0,90,909,653,59,7,243,13,85,0,1,0.7,0,4,138,0,1.24
38,Maya,human,19,Sun,0,93,demo,7,0,89,930,688,57,4,136,16,80,0,1,0.71,0,3,178,0,1.24
38,Maya,human,19,Sun,0,94,price,7,0,83,924,658,47,2,58,18,58,0,0,0.02,1,5,170,0,1.24
38,Maya,human,19,Sun,0,95,cta,7,0,93,897,639,80,17,513,11,90,0,1,0.12,1,5,179,0,1.24
38,Maya,human,19,Sun,0,96,fomo,7,0,82,906,667,43,8,272,15,88,0,0,0.11,0,6,169,1,1.24
38,Maya,human,19,Sun,0,97,qna,7,0,85,925,652,24,3,107,26,93,6,1,0.02,0,5,151,0,1.24
38,Maya,human,19,Sun,0,98,qna,7,0,93,949,670,36,0,0,38,102,6,0,0.07,0,3,177,0,1.24
38,Maya,human,19,Sun,0,99,qna,7,0,82,958,705,26,6,194,37,120,6,0,0.04,0,2,136,0,1.24
38,Maya,human,19,Sun,0,100,hook,8,0,75,934,698,27,2,78,15,91,0,0,0.08,0,4,153,0,1.24
38,Maya,human,19,Sun,0,101,hook,8,0,87,931,682,34,4,136,17,84,0,1,0.02,1,6,176,0,1.24
38,Maya,human,19,Sun,0,102,build,8,0,69,911,660,23,3,127,13,93,0,0,0.17,0,5,185,0,1.24
38,Maya,human,19,Sun,0,103,build,8,0,91,899,636,35,3,127,15,83,0,1,0.2,0,5,128,0,1.24
38,Maya,human,19,Sun,0,104,build,8,0,95,901,634,35,3,107,8,75,0,0,0.16,1,7,154,0,1.24
38,Maya,human,19,Sun,0,105,build,8,0,77,879,630,46,2,78,14,83,0,1,0.38,0,5,183,0,1.24
38,Maya,human,19,Sun,0,106,demo,8,0,79,884,633,59,4,116,11,78,0,1,0.62,0,6,176,0,1.24
38,Maya,human,19,Sun,0,107,demo,8,0,66,891,660,59,6,234,17,85,0,1,0.46,0,7,153,0,1.24
38,Maya,human,19,Sun,0,108,demo,8,0,90,895,628,59,6,214,15,99,0,1,0.78,0,3,162,0,1.24
38,Maya,human,19,Sun,0,109,price,8,0,84,880,638,58,6,174,17,79,0,0,0.12,1,6,159,0,1.24
38,Maya,human,19,Sun,0,110,cta,8,0,84,860,623,47,13,437,15,92,0,0,0.12,1,7,176,0,1.24
38,Maya,human,19,Sun,0,111,fomo,8,0,69,858,626,41,3,87,18,88,0,0,0.04,1,6,183,1,1.24
38,Maya,human,19,Sun,0,112,qna,8,0,65,866,645,12,2,78,28,100,6,0,0.01,0,5,140,0,1.24
38,Maya,human,19,Sun,0,113,qna,8,0,86,895,643,32,3,87,43,105,6,1,0.13,1,5,164,0,1.24
38,Maya,human,19,Sun,0,114,filler,8,0,85,859,623,16,2,78,10,66,0,0,0.07,0,4,130,0,1.24
38,Maya,human,19,Sun,0,115,hook,9,0,70,844,617,17,1,49,23,70,0,0,0,1,2,174,0,1.24
38,Maya,human,19,Sun,0,116,build,9,0,64,825,581,24,3,87,10,82,0,0,0.17,0,3,129,0,1.24
38,Maya,human,19,Sun,0,117,build,9,0,74,809,585,36,2,78,13,64,0,1,0.37,0,3,183,0,1.24
38,Maya,human,19,Sun,0,118,build,9,0,82,799,559,35,2,58,13,77,0,1,0.18,0,4,150,0,1.24
38,Maya,human,19,Sun,0,119,demo,9,0,90,822,621,57,5,145,13,67,0,1,0.82,0,3,150,0,1.24
38,Maya,human,19,Sun,0,120,demo,9,0,80,839,596,55,11,319,17,72,0,1,0.67,0,7,141,0,1.24
39,Kai,ai,22,Sun,1,1,hook,1,1,61,61,44,5,0,0,2,12,0,0,0.12,0,2,157,0,1
39,Kai,ai,22,Sun,1,2,hook,1,1,69,123,87,5,0,0,4,34,0,0,0.03,0,3,156,0,1
39,Kai,ai,22,Sun,1,3,hook,1,1,64,174,133,5,0,0,8,41,0,0,0.04,0,2,156,0,1
39,Kai,ai,22,Sun,1,4,hook,1,1,65,220,175,5,0,0,7,51,0,0,0.06,0,2,160,0,1
39,Kai,ai,22,Sun,1,5,hook,1,1,64,259,187,5,0,0,14,62,0,0,0.13,0,1,161,0,1
39,Kai,ai,22,Sun,1,6,hook,1,1,70,302,213,8,0,0,7,81,0,0,0.11,0,2,158,0,1
39,Kai,ai,22,Sun,1,7,demo,1,0,53,321,228,20,2,78,6,27,0,1,0.53,0,3,158,0,1
39,Kai,ai,22,Sun,1,8,price,1,0,52,345,252,19,1,29,4,33,0,0,0.11,1,3,157,0,1
39,Kai,ai,22,Sun,1,9,cta,1,0,50,344,227,23,4,136,3,32,0,1,0.01,1,2,156,0,1
39,Kai,ai,22,Sun,1,10,cta,1,0,51,351,264,31,3,87,9,26,0,0,0.02,1,2,157,0,1
39,Kai,ai,22,Sun,1,11,fomo,1,0,95,412,298,11,1,29,13,38,0,0,0.04,0,1,158,1,1.87
39,Kai,ai,22,Sun,1,12,fomo,1,0,96,471,345,28,2,58,8,42,0,1,0.09,1,1,155,2,1.87
39,Kai,ai,22,Sun,1,13,filler,1,0,96,483,361,9,1,29,4,32,0,0,0.06,0,3,156,0,1.87
39,Kai,ai,22,Sun,1,14,dead,1,0,106,478,331,4,0,0,3,39,0,0,0.11,0,2,156,0,1.87
39,Kai,ai,22,Sun,1,15,hook,2,0,97,522,378,19,3,107,10,49,0,1,0.06,0,3,156,0,1.87
39,Kai,ai,22,Sun,1,16,build,2,0,90,550,405,19,2,78,7,52,0,0,0.28,0,1,160,0,1.87
39,Kai,ai,22,Sun,1,17,build,2,0,98,591,434,33,1,49,9,42,0,1,0.23,0,2,157,0,1.87
39,Kai,ai,22,Sun,1,18,build,2,0,91,606,434,33,1,29,3,54,0,1,0.28,0,2,160,0,1.87
39,Kai,ai,22,Sun,1,19,demo,2,0,95,630,444,38,5,165,10,54,0,0,0.85,1,2,156,0,1.87
39,Kai,ai,22,Sun,1,20,demo,2,0,96,659,491,52,6,194,13,52,0,1,0.53,0,1,157,0,1.87
39,Kai,ai,22,Sun,1,21,demo,2,0,105,707,499,47,4,116,10,75,0,1,0.72,0,2,156,0,1.87
39,Kai,ai,22,Sun,1,22,price,2,0,92,706,504,17,3,87,9,69,0,0,0.12,0,2,158,0,1.87
39,Kai,ai,22,Sun,1,23,cta,2,0,72,698,509,39,6,194,10,57,0,1,0.08,1,2,157,0,1.87
39,Kai,ai,22,Sun,1,24,fomo,2,0,70,692,499,27,1,29,11,37,0,0,0.12,0,2,159,1,1.87
39,Kai,ai,22,Sun,1,25,fomo,2,0,99,710,506,36,8,292,19,52,0,0,0.12,0,3,159,2,1.87
39,Kai,ai,22,Sun,1,26,filler,2,0,102,682,475,16,2,58,3,66,0,0,0.01,1,3,155,0,1.87
39,Kai,ai,22,Sun,1,27,filler,2,0,93,638,463,15,5,165,3,52,0,0,0,0,3,155,0,1.87
39,Kai,ai,22,Sun,1,28,hook,3,0,99,665,469,22,2,58,7,58,0,1,0.05,0,1,156,0,1.87
39,Kai,ai,22,Sun,1,29,build,3,0,93,663,466,34,4,136,5,64,0,1,0.39,0,1,160,0,1.87
39,Kai,ai,22,Sun,1,30,build,3,0,90,666,476,22,1,29,12,67,0,0,0.35,0,2,157,0,1.87
39,Kai,ai,22,Sun,1,31,demo,3,0,102,691,508,46,4,116,12,62,0,1,0.49,0,2,157,0,1.87
39,Kai,ai,22,Sun,1,32,demo,3,0,94,694,499,47,1,49,18,60,0,1,0.69,0,2,161,0,1.87
39,Kai,ai,22,Sun,1,33,demo,3,0,72,709,525,46,6,214,21,61,0,1,0.57,0,1,157,0,1.87
39,Kai,ai,22,Sun,1,34,price,3,0,83,706,512,37,4,136,18,55,0,1,0.04,1,2,159,0,1.87
39,Kai,ai,22,Sun,1,35,cta,3,0,70,693,491,53,6,174,14,61,0,0,0.08,1,2,161,0,1.87
39,Kai,ai,22,Sun,1,36,fomo,3,0,94,726,512,29,3,87,14,56,0,0,0.14,0,2,156,1,1.87
39,Kai,ai,22,Sun,1,37,fomo,3,0,95,759,551,24,4,176,15,63,0,0,0.06,0,2,158,2,1.87
39,Kai,ai,22,Sun,1,38,filler,3,0,91,700,503,12,1,49,10,74,0,0,0.06,0,2,161,0,1.87
39,Kai,ai,22,Sun,1,39,hook,4,0,91,707,500,18,1,29,14,61,0,0,0.05,0,3,160,0,1.87
39,Kai,ai,22,Sun,1,40,hook,4,0,75,685,479,11,0,0,13,56,0,0,0.04,0,2,155,0,1.87
39,Kai,ai,22,Sun,1,41,build,4,0,89,681,505,24,0,0,9,65,0,0,0.37,0,1,157,0,1.87
39,Kai,ai,22,Sun,1,42,build,4,0,78,668,473,23,1,29,10,61,0,0,0.22,0,2,157,0,1.87
39,Kai,ai,22,Sun,1,43,demo,4,0,81,681,506,32,3,127,14,71,0,0,0.7,0,2,160,0,1.87
39,Kai,ai,22,Sun,1,44,demo,4,0,80,681,497,35,5,185,13,55,0,1,0.51,0,3,159,0,1.87
39,Kai,ai,22,Sun,1,45,demo,4,0,95,711,526,54,7,223,4,54,0,1,0.81,0,2,159,0,1.87
39,Kai,ai,22,Sun,1,46,price,4,0,86,713,514,39,7,203,14,70,0,0,0.02,1,3,159,0,1.87
39,Kai,ai,22,Sun,1,47,cta,4,0,84,709,509,62,12,408,14,70,0,1,0.1,0,2,159,0,1.87
39,Kai,ai,22,Sun,1,48,cta,4,0,95,708,497,35,6,214,9,64,0,0,0.07,0,3,156,0,1.87
39,Kai,ai,22,Sun,1,49,fomo,4,0,94,730,513,32,4,176,9,52,0,0,0.15,0,3,155,1,1.87
39,Kai,ai,22,Sun,1,50,fomo,4,0,81,728,518,29,4,116,14,75,0,0,0.03,1,2,160,2,1.87
39,Kai,ai,22,Sun,1,51,filler,4,0,74,649,464,18,2,78,7,43,0,0,0.12,0,2,159,0,1.87
39,Kai,ai,22,Sun,1,52,filler,4,0,82,606,440,15,0,0,7,53,0,0,0.08,0,2,157,0,1.87
39,Kai,ai,22,Sun,1,53,hook,5,0,83,611,436,13,0,0,16,45,0,0,0.08,0,3,159,0,1.87
39,Kai,ai,22,Sun,1,54,hook,5,0,81,606,435,16,1,29,7,50,0,0,0.03,0,2,158,0,1.87
39,Kai,ai,22,Sun,1,55,build,5,0,77,601,448,23,1,29,9,61,0,0,0.25,1,1,157,0,1.87
39,Kai,ai,22,Sun,1,56,build,5,0,96,622,452,33,4,136,4,51,0,1,0.24,0,3,159,0,1.87
39,Kai,ai,22,Sun,1,57,build,5,0,84,617,454,34,7,223,4,58,0,1,0.28,0,3,160,0,1.87
39,Kai,ai,22,Sun,1,58,demo,5,0,83,624,437,43,5,165,10,54,0,1,0.8,0,2,157,0,1.87
39,Kai,ai,22,Sun,1,59,demo,5,0,73,628,441,34,7,243,10,54,0,1,0.68,0,2,157,0,1.87
39,Kai,ai,22,Sun,1,60,demo,5,0,67,616,436,31,4,116,7,59,0,1,0.65,0,2,156,0,1.87
39,Kai,ai,22,Sun,1,61,price,5,0,85,639,448,38,3,87,7,60,0,1,0.09,0,3,156,0,1.87
39,Kai,ai,22,Sun,1,62,cta,5,0,96,632,469,44,7,243,9,41,0,0,0.09,0,3,158,0,1.87
39,Kai,ai,22,Sun,1,63,cta,5,0,92,637,449,51,10,330,8,67,0,1,0.11,0,2,160,0,1.87
39,Kai,ai,22,Sun,1,64,fomo,5,0,84,656,492,24,4,116,14,69,0,0,0.12,0,3,158,1,1.87
39,Kai,ai,22,Sun,1,65,fomo,5,0,75,670,469,30,6,194,11,56,0,0,0.04,1,3,159,2,1.87
39,Kai,ai,22,Sun,1,66,filler,5,0,77,620,461,9,0,0,5,62,0,1,0.14,0,3,159,0,1.87
39,Kai,ai,22,Sun,1,67,filler,5,0,80,584,397,13,0,0,8,47,0,0,0.11,0,3,155,0,1.87
39,Kai,ai,22,Sun,1,68,hook,6,0,93,603,435,23,1,49,11,57,0,1,0.06,0,1,156,0,1.87
39,Kai,ai,22,Sun,1,69,hook,6,0,86,612,434,16,0,0,6,57,0,0,0.07,0,2,159,0,1.87
39,Kai,ai,22,Sun,1,70,build,6,0,86,617,447,15,1,29,11,61,0,1,0.31,0,2,159,0,1.87
39,Kai,ai,22,Sun,1,71,build,6,0,82,610,430,26,4,116,7,57,0,0,0.39,0,2,155,0,1.87
39,Kai,ai,22,Sun,1,72,build,6,0,69,579,428,18,2,58,8,61,0,0,0.39,0,2,156,0,1.87
39,Kai,ai,22,Sun,1,73,demo,6,0,78,599,440,40,2,98,11,60,0,1,0.83,1,3,159,0,1.87
39,Kai,ai,22,Sun,1,74,demo,6,0,100,625,448,43,5,145,7,47,0,0,0.5,1,1,155,0,1.87
39,Kai,ai,22,Sun,1,75,demo,6,0,81,632,449,38,5,185,8,56,0,1,0.59,0,3,158,0,1.87
39,Kai,ai,22,Sun,1,76,demo,6,0,92,667,477,53,4,136,6,61,0,1,0.52,0,2,156,0,1.87
39,Kai,ai,22,Sun,1,77,price,6,0,69,655,484,40,3,107,10,62,0,0,0.09,1,2,157,0,1.87
39,Kai,ai,22,Sun,1,78,cta,6,0,90,663,469,28,1,29,9,53,0,0,0.09,0,3,156,0,1.87
39,Kai,ai,22,Sun,1,79,fomo,6,0,78,662,499,31,2,58,11,57,0,0,0.01,0,3,160,1,1.87
39,Kai,ai,22,Sun,1,80,fomo,6,0,77,685,498,25,3,107,9,61,0,0,0.12,0,2,157,2,1.87
39,Kai,ai,22,Sun,1,81,filler,6,0,89,630,450,10,0,0,9,50,0,0,0.08,0,1,158,0,1.87
39,Kai,ai,22,Sun,1,82,filler,6,0,84,584,423,10,0,0,6,47,0,0,0.08,0,3,155,0,1.87
39,Kai,ai,22,Sun,1,83,hook,7,0,73,590,425,12,0,0,12,48,0,1,0.06,0,2,156,0,1.87
39,Kai,ai,22,Sun,1,84,build,7,0,86,605,435,21,2,78,12,47,0,0,0.19,0,3,156,0,1.87
39,Kai,ai,22,Sun,1,85,build,7,0,69,573,426,27,2,98,11,39,0,1,0.19,0,2,156,0,1.87
39,Kai,ai,22,Sun,1,86,build,7,0,88,567,399,25,2,58,8,55,0,0,0.16,0,3,159,0,1.87
39,Kai,ai,22,Sun,1,87,demo,7,0,64,570,417,38,1,29,9,46,0,1,0.47,0,2,160,0,1.87
39,Kai,ai,22,Sun,1,88,demo,7,0,88,601,433,26,3,87,9,54,0,0,0.76,0,1,156,0,1.87
39,Kai,ai,22,Sun,1,89,demo,7,0,79,607,427,37,5,165,8,62,0,1,0.75,0,1,156,0,1.87
39,Kai,ai,22,Sun,1,90,price,7,0,67,586,405,26,4,116,13,49,0,0,0.08,0,2,160,0,1.87
39,Kai,ai,22,Sun,1,91,cta,7,0,81,597,435,29,3,87,13,47,0,0,0.11,0,2,160,0,1.87
39,Kai,ai,22,Sun,1,92,fomo,7,0,79,616,440,24,3,87,9,43,0,0,0.03,0,1,160,1,1.87
39,Kai,ai,22,Sun,1,93,fomo,7,0,82,643,454,26,4,116,13,49,0,1,0.04,0,2,156,2,1.87
39,Kai,ai,22,Sun,1,94,filler,7,0,83,604,433,11,0,0,4,54,0,0,0.06,0,3,155,0,1.87
39,Kai,ai,22,Sun,1,95,hook,8,0,73,600,435,19,2,58,15,44,0,0,0.04,0,2,155,0,1.87
39,Kai,ai,22,Sun,1,96,hook,8,0,86,618,464,13,2,78,12,51,0,1,0.09,0,2,157,0,1.87
39,Kai,ai,22,Sun,1,97,build,8,0,73,594,418,12,1,29,4,43,0,0,0.22,0,3,157,0,1.87
39,Kai,ai,22,Sun,1,98,build,8,0,73,581,426,26,2,78,7,47,0,1,0.37,0,2,159,0,1.87
39,Kai,ai,22,Sun,1,99,demo,8,0,72,585,431,42,6,194,10,51,0,1,0.46,0,2,160,0,1.87
39,Kai,ai,22,Sun,1,100,demo,8,0,74,588,436,47,2,78,6,57,0,1,0.79,0,3,159,0,1.87
39,Kai,ai,22,Sun,1,101,demo,8,0,68,594,437,58,5,145,9,59,0,1,0.66,0,2,157,0,1.87
39,Kai,ai,22,Sun,1,102,price,8,0,73,589,415,29,0,0,11,54,0,0,0.05,1,1,161,0,1.87
39,Kai,ai,22,Sun,1,103,cta,8,0,72,569,397,33,6,174,11,38,0,1,0.11,1,2,161,0,1.87
39,Kai,ai,22,Sun,1,104,cta,8,0,86,568,392,39,7,243,8,39,0,1,0.1,1,3,159,0,1.87
39,Kai,ai,22,Sun,1,105,fomo,8,0,88,589,441,29,5,145,14,47,0,0,0,1,3,158,1,1.87
39,Kai,ai,22,Sun,1,106,fomo,8,0,74,607,423,16,2,78,11,54,0,0,0.06,0,2,158,2,1.87
39,Kai,ai,22,Sun,1,107,filler,8,0,84,566,408,9,1,29,4,54,0,0,0.02,0,2,156,0,1.87
39,Kai,ai,22,Sun,1,108,hook,9,0,85,587,421,10,0,0,17,57,0,0,0.09,0,3,160,0,1.87
39,Kai,ai,22,Sun,1,109,hook,9,0,80,591,404,14,2,78,15,55,0,0,0.1,0,3,161,0,1.87
39,Kai,ai,22,Sun,1,110,build,9,0,69,558,397,18,1,49,7,48,0,0,0.33,0,2,157,0,1.87
39,Kai,ai,22,Sun,1,111,build,9,0,81,564,429,19,1,29,8,58,0,0,0.17,0,1,158,0,1.87
39,Kai,ai,22,Sun,1,112,demo,9,0,58,551,405,42,1,29,8,50,0,1,0.65,0,3,156,0,1.87
39,Kai,ai,22,Sun,1,113,demo,9,0,62,554,406,40,4,136,5,50,0,1,0.62,0,3,157,0,1.87
39,Kai,ai,22,Sun,1,114,price,9,0,71,536,386,26,3,107,9,46,0,0,0.01,1,2,158,0,1.87
39,Kai,ai,22,Sun,1,115,cta,9,0,99,549,392,37,8,232,3,50,0,1,0.03,1,2,157,0,1.87
39,Kai,ai,22,Sun,1,116,cta,9,0,79,532,399,33,8,292,10,45,0,0,0.06,1,3,160,0,1.87
39,Kai,ai,22,Sun,1,117,fomo,9,0,70,547,413,25,2,78,8,66,0,0,0,0,1,157,1,1.87
39,Kai,ai,22,Sun,1,118,filler,9,0,74,520,395,10,1,29,9,48,0,0,0.03,0,3,157,0,1.87
39,Kai,ai,22,Sun,1,119,dead,9,0,65,435,308,6,0,0,3,44,0,0,0.12,0,3,158,0,1.87
39,Kai,ai,22,Sun,1,120,hook,10,0,83,467,337,16,1,29,8,44,0,0,0.03,0,2,159,0,1.87
40,Jules,human,18,Fri,0,1,hook,1,0,31,31,21,1,0,0,0,2,0,0,0.02,0,3,162,0,1
40,Jules,human,18,Fri,0,2,hook,1,0,31,59,50,2,0,0,1,1,0,0,0.13,0,6,147,0,1
40,Jules,human,18,Fri,0,3,build,1,0,38,91,63,1,0,0,3,9,0,1,0.31,0,4,185,0,1
40,Jules,human,18,Fri,0,4,build,1,0,52,136,97,1,0,0,2,10,0,0,0.3,0,3,173,0,1
40,Jules,human,18,Fri,0,5,build,1,0,31,154,113,4,0,0,1,14,0,0,0.38,0,5,164,0,1
40,Jules,human,18,Fri,0,6,demo,1,0,41,184,137,11,1,49,10,14,0,1,0.76,0,3,133,0,1
40,Jules,human,18,Fri,0,7,demo,1,0,45,213,159,16,1,29,4,22,0,1,0.53,0,5,130,0,1
40,Jules,human,18,Fri,0,8,price,1,0,29,218,161,4,1,29,4,16,0,0,0.13,1,4,181,0,1
40,Jules,human,18,Fri,0,9,cta,1,0,36,227,174,22,5,185,7,26,0,1,0.03,1,7,124,0,1
40,Jules,human,18,Fri,0,10,fomo,1,0,46,264,188,19,3,107,7,23,0,1,0.01,0,7,160,1,1
40,Jules,human,18,Fri,0,11,fomo,1,0,51,291,203,10,0,0,4,25,0,0,0.13,0,5,166,2,1.28
40,Jules,human,18,Fri,0,12,qna,1,0,58,318,219,6,0,0,12,28,6,0,0.02,0,5,155,0,1.28
40,Jules,human,18,Fri,0,13,dead,1,0,58,312,234,5,0,0,3,28,0,0,0.14,0,7,20,0,1.28
40,Jules,human,18,Fri,0,14,hook,2,0,53,337,241,2,0,0,6,33,0,0,0,0,3,151,0,1.28
40,Jules,human,18,Fri,0,15,build,2,0,51,356,259,20,2,78,1,33,0,1,0.34,1,3,125,0,1.28
40,Jules,human,18,Fri,0,16,build,2,0,65,381,294,18,2,58,4,32,0,0,0.29,0,5,155,0,1.28
40,Jules,human,18,Fri,0,17,build,2,0,56,395,284,13,2,78,6,22,0,1,0.36,0,3,170,0,1.28
40,Jules,human,18,Fri,0,18,build,2,0,50,403,289,23,2,78,7,38,0,1,0.26,0,2,141,0,1.28
40,Jules,human,18,Fri,0,19,demo,2,0,62,424,311,31,3,87,9,31,0,1,0.77,0,5,145,0,1.28
40,Jules,human,18,Fri,0,20,demo,2,0,45,436,317,33,4,156,6,40,0,0,0.72,0,4,163,0,1.28
40,Jules,human,18,Fri,0,21,demo,2,0,60,451,329,27,5,145,10,32,0,1,0.8,0,5,182,0,1.28
40,Jules,human,18,Fri,0,22,demo,2,0,57,465,338,30,5,165,8,45,0,1,0.58,0,6,159,0,1.28
40,Jules,human,18,Fri,0,23,price,2,0,57,470,326,16,1,29,10,32,0,0,0.03,1,6,125,0,1.28
40,Jules,human,18,Fri,0,24,cta,2,0,48,471,338,31,1,29,10,42,0,0,0.11,1,2,135,0,1.28
40,Jules,human,18,Fri,0,25,cta,2,0,63,476,345,32,3,87,14,50,0,1,0.1,1,4,121,0,1.28
40,Jules,human,18,Fri,0,26,fomo,2,0,41,473,327,23,7,243,11,43,0,0,0.13,0,4,134,1,1.28
40,Jules,human,18,Fri,0,27,fomo,2,0,62,489,355,17,5,205,9,46,0,0,0.14,0,5,130,2,1.28
40,Jules,human,18,Fri,0,28,qna,2,0,63,505,347,19,1,49,13,69,6,0,0.11,0,6,185,0,1.28
40,Jules,human,18,Fri,0,29,qna,2,0,65,526,380,26,6,234,17,50,6,1,0.11,0,3,144,0,1.28
40,Jules,human,18,Fri,0,30,qna,2,0,55,545,383,15,1,29,15,53,6,0,0.09,0,7,173,0,1.28
40,Jules,human,18,Fri,0,31,filler,2,0,54,511,358,13,1,29,6,42,0,0,0.07,0,5,153,0,1.28
40,Jules,human,18,Fri,0,32,hook,3,0,50,504,364,13,0,0,8,47,0,0,0.08,0,5,137,0,1.28
40,Jules,human,18,Fri,0,33,build,3,0,55,497,357,17,2,78,4,43,0,0,0.31,0,6,136,0,1.28
40,Jules,human,18,Fri,0,34,build,3,0,54,485,334,24,4,136,5,42,0,0,0.28,0,4,155,0,1.28
40,Jules,human,18,Fri,0,35,build,3,0,40,475,351,25,2,58,8,35,0,1,0.19,0,2,183,0,1.28
40,Jules,human,18,Fri,0,36,build,3,0,48,473,335,15,2,58,9,44,0,0,0.26,0,6,167,0,1.28
40,Jules,human,18,Fri,0,37,demo,3,0,43,476,341,27,5,165,8,45,0,1,0.46,0,3,120,0,1.28
40,Jules,human,18,Fri,0,38,demo,3,0,50,495,373,43,4,116,9,48,0,1,0.5,0,3,161,0,1.28
40,Jules,human,18,Fri,0,39,price,3,0,49,498,361,21,4,136,5,46,0,0,0.14,1,6,159,0,1.28
40,Jules,human,18,Fri,0,40,cta,3,0,51,493,354,29,9,301,10,42,0,0,0.05,1,5,148,0,1.28
40,Jules,human,18,Fri,0,41,cta,3,0,63,503,357,25,3,87,10,45,0,0,0.01,1,6,139,0,1.28
40,Jules,human,18,Fri,0,42,fomo,3,0,62,516,377,25,4,116,11,41,0,0,0.07,0,7,184,1,1.28
40,Jules,human,18,Fri,0,43,fomo,3,0,41,516,374,16,3,107,7,46,0,0,0.04,0,3,166,2,1.28
40,Jules,human,18,Fri,0,44,qna,3,0,57,533,391,12,0,0,14,77,6,0,0,0,2,136,0,1.28
40,Jules,human,18,Fri,0,45,qna,3,0,40,530,381,21,1,29,19,70,6,0,0.09,0,3,170,0,1.28
40,Jules,human,18,Fri,0,46,filler,3,0,51,505,367,11,0,0,6,26,0,0,0.09,0,5,127,0,1.28
40,Jules,human,18,Fri,0,47,hook,4,0,60,506,365,16,1,29,7,45,0,0,0.09,1,2,179,0,1.28
40,Jules,human,18,Fri,0,48,hook,4,0,52,502,357,20,2,58,11,54,0,1,0.05,0,3,188,0,1.28
40,Jules,human,18,Fri,0,49,build,4,0,44,482,339,30,6,194,9,46,0,1,0.26,0,6,133,0,1.28
40,Jules,human,18,Fri,0,50,build,4,0,38,462,337,20,1,29,7,39,0,1,0.33,0,7,137,0,1.28
40,Jules,human,18,Fri,0,51,demo,4,0,46,466,320,34,3,127,11,38,0,1,0.58,0,6,156,0,1.28
40,Jules,human,18,Fri,0,52,demo,4,0,49,466,359,35,5,165,11,35,0,1,0.51,0,4,189,0,1.28
40,Jules,human,18,Fri,0,53,price,4,0,45,484,337,19,6,194,8,54,0,0,0.07,1,3,169,0,1.28
40,Jules,human,18,Fri,0,54,cta,4,0,42,478,330,32,5,185,4,49,0,0,0.03,0,3,175,0,1.28
40,Jules,human,18,Fri,0,55,cta,4,0,40,467,341,28,9,301,9,41,0,0,0.06,1,3,188,0,1.28
40,Jules,human,18,Fri,0,56,fomo,4,0,44,472,347,19,1,29,9,36,0,0,0.01,0,4,160,1,1.28
40,Jules,human,18,Fri,0,57,fomo,4,0,43,474,336,21,5,185,6,51,0,0,0.06,0,5,187,2,1.28
40,Jules,human,18,Fri,0,58,qna,4,0,54,491,362,12,1,29,21,62,6,0,0.08,0,7,147,0,1.28
40,Jules,human,18,Fri,0,59,filler,4,0,47,465,318,12,2,58,6,53,0,0,0.01,0,2,172,0,1.28
40,Jules,human,18,Fri,0,60,hook,5,0,49,474,368,14,1,29,10,51,0,0,0.06,0,4,126,0,1.28
40,Jules,human,18,Fri,0,61,hook,5,0,38,473,340,10,0,0,11,43,0,0,0.06,0,2,136,0,1.28
40,Jules,human,18,Fri,0,62,build,5,0,50,475,322,24,1,49,8,45,0,1,0.32,0,6,151,0,1.28
40,Jules,human,18,Fri,0,63,build,5,0,63,494,351,15,2,78,9,48,0,0,0.31,0,5,150,0,1.28
40,Jules,human,18,Fri,0,64,build,5,0,59,497,365,27,1,29,6,44,0,1,0.16,0,6,135,0,1.28
40,Jules,human,18,Fri,0,65,demo,5,0,47,517,374,41,5,185,14,37,0,1,0.69,0,6,127,0,1.28
40,Jules,human,18,Fri,0,66,demo,5,0,51,526,368,29,3,87,7,48,0,0,0.7,0,4,181,0,1.28
40,Jules,human,18,Fri,0,67,demo,5,0,50,530,387,36,5,145,12,41,0,1,0.73,0,7,124,0,1.28
40,Jules,human,18,Fri,0,68,price,5,0,46,522,376,26,3,87,9,58,0,0,0.05,1,4,134,0,1.28
40,Jules,human,18,Fri,0,69,cta,5,0,43,498,360,62,13,437,4,34,0,1,0.12,1,3,132,0,1.28
40,Jules,human,18,Fri,0,70,cta,5,0,41,473,339,25,5,165,8,41,0,0,0.08,0,3,169,0,1.28
40,Jules,human,18,Fri,0,71,fomo,5,0,59,496,357,20,4,156,7,50,0,0,0.13,0,6,167,1,1.28
40,Jules,human,18,Fri,0,72,fomo,5,0,55,507,368,25,4,176,13,54,0,0,0.13,0,3,125,2,1.28
40,Jules,human,18,Fri,0,73,qna,5,0,42,506,371,17,1,29,23,55,6,0,0.13,0,5,137,0,1.28
40,Jules,human,18,Fri,0,74,qna,5,0,38,515,383,23,3,87,15,59,6,1,0.13,0,2,151,0,1.28
40,Jules,human,18,Fri,0,75,hook,6,0,52,524,387,6,0,0,10,47,0,0,0.06,0,4,169,0,1.28
40,Jules,human,18,Fri,0,76,hook,6,0,41,516,375,17,0,0,11,51,0,0,0.05,0,4,139,0,1.28
40,Jules,human,18,Fri,0,77,build,6,0,50,514,378,25,5,165,12,41,0,0,0.33,0,2,169,0,1.28
40,Jules,human,18,Fri,0,78,build,6,0,42,507,371,23,3,107,12,54,0,1,0.19,0,3,122,0,1.28
40,Jules,human,18,Fri,0,79,demo,6,0,34,504,375,33,5,165,10,51,0,1,0.79,0,7,133,0,1.28
40,Jules,human,18,Fri,0,80,demo,6,0,59,526,380,30,4,136,14,37,0,1,0.62,0,2,123,0,1.28
40,Jules,human,18,Fri,0,81,demo,6,0,52,534,370,35,4,136,6,45,0,1,0.64,0,2,128,0,1.28
40,Jules,human,18,Fri,0,82,demo,6,0,47,536,379,40,6,174,15,53,0,1,0.47,0,2,166,0,1.28
40,Jules,human,18,Fri,0,83,price,6,0,51,529,365,22,1,29,6,46,0,0,0.14,1,2,174,0,1.28
40,Jules,human,18,Fri,0,84,cta,6,0,55,528,376,51,13,457,11,50,0,1,0.01,1,2,149,0,1.28
40,Jules,human,18,Fri,0,85,fomo,6,0,32,505,355,23,4,116,14,58,0,0,0.02,0,6,129,1,1.28
40,Jules,human,18,Fri,0,86,fomo,6,0,30,495,358,25,5,185,9,57,0,0,0.13,0,3,139,2,1.28
40,Jules,human,18,Fri,0,87,qna,6,0,37,494,356,10,2,58,19,58,6,0,0.08,0,4,178,0,1.28
40,Jules,human,18,Fri,0,88,qna,6,0,54,511,359,14,1,29,17,55,6,0,0.08,0,6,129,0,1.28
40,Jules,human,18,Fri,0,89,qna,6,0,41,511,357,9,1,49,16,76,6,0,0.09,0,5,189,0,1.28
40,Jules,human,18,Fri,0,90,hook,7,0,59,517,393,15,0,0,3,40,0,0,0.12,0,5,148,0,1.28
40,Jules,human,18,Fri,0,91,build,7,0,46,497,353,22,2,78,8,43,0,0,0.17,0,6,125,0,1.28
40,Jules,human,18,Fri,0,92,build,7,0,44,488,356,19,3,87,8,48,0,0,0.24,0,2,139,0,1.28
40,Jules,human,18,Fri,0,93,demo,7,0,42,491,377,35,3,107,6,45,0,0,0.82,0,5,173,0,1.28
40,Jules,human,18,Fri,0,94,demo,7,0,49,491,350,30,4,116,12,49,0,1,0.51,0,4,151,0,1.28
40,Jules,human,18,Fri,0,95,demo,7,0,49,501,358,29,6,174,14,46,0,1,0.71,0,4,162,0,1.28
40,Jules,human,18,Fri,0,96,price,7,0,54,493,356,33,5,165,10,38,0,1,0.1,1,7,171,0,1.28
40,Jules,human,18,Fri,0,97,cta,7,0,43,481,344,39,11,379,12,41,0,0,0.13,1,3,155,0,1.28
40,Jules,human,18,Fri,0,98,cta,7,0,45,481,349,37,8,292,5,33,0,0,0.1,1,5,145,0,1.28
40,Jules,human,18,Fri,0,99,fomo,7,0,38,482,349,22,4,156,7,40,0,0,0.06,0,6,139,1,1.28
40,Jules,human,18,Fri,0,100,fomo,7,0,44,477,347,23,6,194,17,42,0,0,0.13,0,3,177,2,1.28
40,Jules,human,18,Fri,0,101,qna,7,0,39,494,367,10,1,29,22,64,6,0,0.05,0,5,150,0,1.28
40,Jules,human,18,Fri,0,102,hook,8,0,45,484,339,12,0,0,12,53,0,0,0.1,0,4,161,0,1.28
40,Jules,human,18,Fri,0,103,build,8,0,44,464,327,23,2,58,6,47,0,1,0.2,0,2,166,0,1.28
40,Jules,human,18,Fri,0,104,build,8,0,49,465,341,29,4,116,9,50,0,1,0.31,0,3,133,0,1.28
40,Jules,human,18,Fri,0,105,build,8,0,43,455,330,19,4,136,1,44,0,1,0.17,0,4,171,0,1.28
40,Jules,human,18,Fri,0,106,demo,8,0,36,455,326,24,4,136,12,49,0,0,0.49,0,6,136,0,1.28
40,Jules,human,18,Fri,0,107,demo,8,0,25,435,315,37,3,127,7,39,0,1,0.58,0,2,151,0,1.28
40,Jules,human,18,Fri,0,108,demo,8,0,47,433,328,31,5,205,10,36,0,1,0.64,0,6,138,0,1.28
40,Jules,human,18,Fri,0,109,demo,8,0,42,431,325,25,4,116,8,31,0,1,0.69,0,5,185,0,1.28
40,Jules,human,18,Fri,0,110,price,8,0,31,421,313,27,6,174,8,43,0,0,0.03,1,5,172,0,1.28
40,Jules,human,18,Fri,0,111,cta,8,0,33,405,301,27,3,107,9,32,0,0,0.08,1,2,142,0,1.28
40,Jules,human,18,Fri,0,112,fomo,8,0,48,405,291,14,2,78,7,42,0,0,0.02,0,4,173,1,1.28
40,Jules,human,18,Fri,0,113,fomo,8,0,53,443,330,27,6,254,7,39,0,0,0.04,0,4,132,2,1.28
40,Jules,human,18,Fri,0,114,qna,8,0,36,447,323,20,1,49,19,55,6,1,0.05,1,3,140,0,1.28
40,Jules,human,18,Fri,0,115,qna,8,0,43,460,334,18,4,136,32,58,6,1,0.14,0,3,154,0,1.28
40,Jules,human,18,Fri,0,116,hook,9,0,46,469,342,9,1,49,7,38,0,1,0.12,0,6,141,0,1.28
40,Jules,human,18,Fri,0,117,build,9,0,33,452,329,24,3,87,5,43,0,0,0.15,0,5,178,0,1.28
40,Jules,human,18,Fri,0,118,build,9,0,43,444,308,21,2,78,4,30,0,1,0.29,0,3,180,0,1.28
40,Jules,human,18,Fri,0,119,build,9,0,47,433,313,14,3,87,8,44,0,0,0.31,0,7,178,0,1.28
40,Jules,human,18,Fri,0,120,demo,9,0,41,446,320,28,4,156,8,40,0,1,0.72,0,2,186,0,1.28
41,Kai,ai,13,Sun,1,1,hook,1,1,44,44,34,1,0,0,5,10,0,0,0.14,0,2,159,0,1
41,Kai,ai,13,Sun,1,2,hook,1,1,47,89,73,2,0,0,9,18,0,0,0.13,0,3,160,0,1
41,Kai,ai,13,Sun,1,3,hook,1,1,46,128,93,7,1,29,8,30,0,0,0.01,0,2,157,0,1
41,Kai,ai,13,Sun,1,4,hook,1,1,47,163,112,5,0,0,7,33,0,0,0.06,0,1,161,0,1
41,Kai,ai,13,Sun,1,5,hook,1,1,46,192,144,4,0,0,6,48,0,0,0.01,0,1,155,0,1
41,Kai,ai,13,Sun,1,6,hook,1,1,49,213,143,6,0,0,14,58,0,0,0.14,0,2,156,0,1
41,Kai,ai,13,Sun,1,7,price,1,0,30,222,152,9,0,0,0,23,0,0,0.03,1,1,161,0,1
41,Kai,ai,13,Sun,1,8,cta,1,0,37,233,164,6,0,0,4,19,0,0,0.11,1,3,160,0,1
41,Kai,ai,13,Sun,1,9,cta,1,0,34,239,178,23,2,58,2,18,0,1,0.02,1,2,156,0,1
41,Kai,ai,13,Sun,1,10,fomo,1,0,49,265,190,12,2,78,5,20,0,0,0.05,1,2,159,1,1
41,Kai,ai,13,Sun,1,11,fomo,1,0,85,334,251,17,3,107,5,37,0,0,0.13,0,3,159,2,1.89
41,Kai,ai,13,Sun,1,12,filler,1,0,61,336,248,5,1,29,6,24,0,1,0.15,0,2,160,0,1.89
41,Kai,ai,13,Sun,1,13,filler,1,0,74,344,239,7,0,0,6,22,0,0,0.07,0,2,157,0,1.89
41,Kai,ai,13,Sun,1,14,hook,2,0,52,359,249,11,0,0,7,26,0,0,0.05,0,2,157,0,1.89
41,Kai,ai,13,Sun,1,15,hook,2,0,78,398,287,7,0,0,7,32,0,0,0.03,0,3,160,0,1.89
41,Kai,ai,13,Sun,1,16,build,2,0,67,411,310,17,1,49,5,37,0,0,0.38,0,2,159,0,1.89
41,Kai,ai,13,Sun,1,17,build,2,0,50,408,304,20,1,29,5,34,0,0,0.21,0,2,160,0,1.89
41,Kai,ai,13,Sun,1,18,build,2,0,61,417,313,32,3,107,4,34,0,1,0.32,1,1,159,0,1.89
41,Kai,ai,13,Sun,1,19,demo,2,0,62,445,323,30,4,136,5,55,0,1,0.74,0,3,157,0,1.89
41,Kai,ai,13,Sun,1,20,demo,2,0,73,465,343,32,4,156,8,49,0,1,0.72,0,3,158,0,1.89
41,Kai,ai,13,Sun,1,21,demo,2,0,85,507,367,32,1,29,10,48,0,1,0.85,0,3,159,0,1.89
41,Kai,ai,13,Sun,1,22,price,2,0,70,522,371,40,3,87,3,49,0,1,0.09,1,2,160,0,1.89
41,Kai,ai,13,Sun,1,23,cta,2,0,51,507,375,29,3,127,6,54,0,0,0.03,1,1,159,0,1.89
41,Kai,ai,13,Sun,1,24,fomo,2,0,69,526,380,30,3,87,15,42,0,1,0.11,0,1,159,1,1.89
41,Kai,ai,13,Sun,1,25,fomo,2,0,52,521,369,18,2,78,13,35,0,0,0.11,0,2,156,2,1.89
41,Kai,ai,13,Sun,1,26,filler,2,0,79,498,347,11,0,0,7,50,0,0,0.01,0,3,156,0,1.89
41,Kai,ai,13,Sun,1,27,filler,2,0,58,457,331,15,0,0,5,45,0,0,0.11,0,3,156,0,1.89
41,Kai,ai,13,Sun,1,28,hook,3,0,58,459,331,13,1,29,12,46,0,0,0.15,0,2,160,0,1.89
41,Kai,ai,13,Sun,1,29,build,3,0,60,455,319,12,2,58,8,47,0,1,0.2,0,2,160,0,1.89
41,Kai,ai,13,Sun,1,30,build,3,0,68,459,315,19,0,0,6,46,0,1,0.2,1,2,159,0,1.89
41,Kai,ai,13,Sun,1,31,build,3,0,74,470,354,14,0,0,10,36,0,0,0.4,0,2,156,0,1.89
41,Kai,ai,13,Sun,1,32,demo,3,0,64,489,345,32,2,58,13,34,0,1,0.78,0,2,158,0,1.89
41,Kai,ai,13,Sun,1,33,demo,3,0,73,521,360,30,1,29,7,44,0,1,0.61,0,2,158,0,1.89
41,Kai,ai,13,Sun,1,34,demo,3,0,71,547,381,30,4,116,6,48,0,1,0.81,0,1,156,0,1.89
41,Kai,ai,13,Sun,1,35,price,3,0,90,576,426,27,5,165,11,59,0,0,0.03,0,2,158,0,1.89
41,Kai,ai,13,Sun,1,36,cta,3,0,53,558,418,43,7,283,5,66,0,1,0.14,1,3,158,0,1.89
41,Kai,ai,13,Sun,1,37,cta,3,0,71,555,390,41,4,136,10,44,0,1,0.06,1,2,158,0,1.89
41,Kai,ai,13,Sun,1,38,fomo,3,0,64,571,408,26,4,116,10,57,0,0,0.05,0,2,157,1,1.89
41,Kai,ai,13,Sun,1,39,fomo,3,0,61,578,405,19,2,78,15,59,0,0,0.06,0,1,156,2,1.89
41,Kai,ai,13,Sun,1,40,filler,3,0,47,522,393,15,1,29,2,45,0,1,0.06,0,1,160,0,1.89
41,Kai,ai,13,Sun,1,41,hook,4,0,58,517,380,14,3,107,11,37,0,0,0.15,0,3,156,0,1.89
41,Kai,ai,13,Sun,1,42,build,4,0,70,520,368,25,2,78,4,45,0,1,0.25,0,2,159,0,1.89
41,Kai,ai,13,Sun,1,43,build,4,0,76,508,356,25,3,107,4,40,0,1,0.2,0,3,157,0,1.89
41,Kai,ai,13,Sun,1,44,demo,4,0,69,529,358,30,0,0,17,49,0,1,0.46,0,1,161,0,1.89
41,Kai,ai,13,Sun,1,45,demo,4,0,68,545,391,30,5,165,8,49,0,1,0.55,0,3,157,0,1.89
41,Kai,ai,13,Sun,1,46,demo,4,0,75,581,398,39,2,78,10,45,0,1,0.84,1,3,160,0,1.89
41,Kai,ai,13,Sun,1,47,price,4,0,59,566,403,39,5,165,7,56,0,1,0.11,1,2,159,0,1.89
41,Kai,ai,13,Sun,1,48,cta,4,0,64,559,398,56,8,252,13,53,0,1,0,1,3,158,0,1.89
41,Kai,ai,13,Sun,1,49,fomo,4,0,64,554,404,19,1,29,9,53,0,0,0.14,0,2,158,1,1.89
41,Kai,ai,13,Sun,1,50,fomo,4,0,57,544,398,20,2,58,13,56,0,0,0.07,0,1,156,2,1.89
41,Kai,ai,13,Sun,1,51,filler,4,0,54,499,366,8,1,49,6,44,0,0,0.02,0,2,156,0,1.89
41,Kai,ai,13,Sun,1,52,hook,5,0,49,486,347,7,0,0,10,47,0,0,0.08,0,1,156,0,1.89
41,Kai,ai,13,Sun,1,53,hook,5,0,71,499,361,7,1,29,9,46,0,0,0.07,0,1,156,0,1.89
41,Kai,ai,13,Sun,1,54,build,5,0,56,484,350,22,4,136,9,50,0,0,0.21,0,3,155,0,1.89
41,Kai,ai,13,Sun,1,55,build,5,0,61,468,337,19,1,29,4,39,0,1,0.38,0,2,159,0,1.89
41,Kai,ai,13,Sun,1,56,build,5,0,65,474,341,22,1,29,7,49,0,0,0.17,0,3,156,0,1.89
41,Kai,ai,13,Sun,1,57,build,5,0,63,460,350,29,4,136,12,39,0,1,0.32,0,3,156,0,1.89
41,Kai,ai,13,Sun,1,58,demo,5,0,55,458,335,38,6,194,6,51,0,1,0.52,0,2,158,0,1.89
41,Kai,ai,13,Sun,1,59,demo,5,0,57,477,340,32,4,156,9,39,0,1,0.68,0,3,158,0,1.89
41,Kai,ai,13,Sun,1,60,demo,5,0,69,500,354,33,8,272,17,38,0,1,0.74,0,3,156,0,1.89
41,Kai,ai,13,Sun,1,61,price,5,0,59,515,382,26,2,58,8,38,0,1,0.08,0,2,158,0,1.89
41,Kai,ai,13,Sun,1,62,cta,5,0,60,510,361,34,3,87,11,40,0,1,0.12,0,2,161,0,1.89
41,Kai,ai,13,Sun,1,63,cta,5,0,68,519,391,33,7,223,11,55,0,0,0.03,0,1,156,0,1.89
41,Kai,ai,13,Sun,1,64,fomo,5,0,66,534,379,25,4,136,11,50,0,0,0.11,0,2,158,1,1.89
41,Kai,ai,13,Sun,1,65,fomo,5,0,58,531,382,39,7,283,11,67,0,1,0.13,0,2,159,2,1.89
41,Kai,ai,13,Sun,1,66,filler,5,0,56,485,330,6,0,0,4,42,0,0,0.12,0,2,156,0,1.89
41,Kai,ai,13,Sun,1,67,hook,6,0,62,484,348,11,3,107,10,45,0,0,0.05,0,2,156,0,1.89
41,Kai,ai,13,Sun,1,68,hook,6,0,66,489,344,17,2,58,8,47,0,1,0.01,0,1,156,0,1.89
41,Kai,ai,13,Sun,1,69,build,6,0,67,476,353,19,1,49,9,41,0,1,0.27,0,2,160,0,1.89
41,Kai,ai,13,Sun,1,70,build,6,0,64,478,339,18,1,29,9,38,0,0,0.33,0,2,160,0,1.89
41,Kai,ai,13,Sun,1,71,demo,6,0,67,495,367,30,3,107,11,45,0,1,0.5,0,2,156,0,1.89
41,Kai,ai,13,Sun,1,72,demo,6,0,47,495,353,32,3,107,6,52,0,1,0.85,0,2,161,0,1.89
41,Kai,ai,13,Sun,1,73,price,6,0,69,507,364,27,2,58,5,56,0,0,0.12,1,1,157,0,1.89
41,Kai,ai,13,Sun,1,74,cta,6,0,57,494,360,32,7,243,12,36,0,1,0.15,0,2,157,0,1.89
41,Kai,ai,13,Sun,1,75,cta,6,0,56,475,355,34,5,165,7,42,0,1,0.04,1,2,160,0,1.89
41,Kai,ai,13,Sun,1,76,fomo,6,0,53,472,342,21,3,87,5,46,0,0,0.04,0,1,159,1,1.89
41,Kai,ai,13,Sun,1,77,fomo,6,0,49,467,335,21,3,87,10,47,0,1,0.09,0,2,160,2,1.89
41,Kai,ai,13,Sun,1,78,filler,6,0,69,467,353,17,0,0,4,35,0,1,0.02,0,2,156,0,1.89
41,Kai,ai,13,Sun,1,79,hook,7,0,51,458,331,11,1,29,5,37,0,0,0.15,0,2,158,0,1.89
41,Kai,ai,13,Sun,1,80,build,7,0,58,451,335,19,1,29,8,39,0,1,0.32,0,2,158,0,1.89
41,Kai,ai,13,Sun,1,81,build,7,0,68,444,321,21,3,107,7,48,0,1,0.27,0,2,157,0,1.89
41,Kai,ai,13,Sun,1,82,build,7,0,57,426,319,26,1,29,7,39,0,1,0.38,0,3,159,0,1.89
41,Kai,ai,13,Sun,1,83,demo,7,0,67,452,329,34,0,0,8,50,0,1,0.71,0,3,157,0,1.89
41,Kai,ai,13,Sun,1,84,demo,7,0,56,461,329,35,7,263,5,47,0,1,0.78,1,2,158,0,1.89
41,Kai,ai,13,Sun,1,85,demo,7,0,53,465,324,24,0,0,9,41,0,1,0.6,0,2,156,0,1.89
41,Kai,ai,13,Sun,1,86,price,7,0,74,484,345,37,0,0,7,37,0,1,0.14,1,2,156,0,1.89
41,Kai,ai,13,Sun,1,87,cta,7,0,51,466,339,28,5,165,10,41,0,0,0.1,0,2,156,0,1.89
41,Kai,ai,13,Sun,1,88,fomo,7,0,61,484,351,18,3,127,9,41,0,0,0.12,1,3,158,1,1.89
41,Kai,ai,13,Sun,1,89,fomo,7,0,63,488,345,15,3,107,8,40,0,0,0.14,0,1,156,2,1.89
41,Kai,ai,13,Sun,1,90,filler,7,0,61,443,327,11,0,0,5,51,0,0,0.08,1,1,160,0,1.89
41,Kai,ai,13,Sun,1,91,filler,7,0,54,397,278,8,1,29,4,21,0,0,0.01,0,3,156,0,1.89
41,Kai,ai,13,Sun,1,92,hook,8,0,65,403,284,12,0,0,9,39,0,0,0.01,0,3,158,0,1.89
41,Kai,ai,13,Sun,1,93,build,8,0,55,403,292,16,1,49,7,29,0,1,0.18,0,2,160,0,1.89
41,Kai,ai,13,Sun,1,94,build,8,0,58,393,279,9,0,0,4,35,0,0,0.25,0,3,160,0,1.89
41,Kai,ai,13,Sun,1,95,demo,8,0,53,404,287,28,4,136,5,42,0,1,0.5,0,3,156,0,1.89
41,Kai,ai,13,Sun,1,96,demo,8,0,73,427,313,31,4,136,7,45,0,1,0.49,0,2,156,0,1.89
41,Kai,ai,13,Sun,1,97,demo,8,0,75,449,320,23,2,58,4,34,0,1,0.55,0,3,157,0,1.89
41,Kai,ai,13,Sun,1,98,price,8,0,71,452,324,30,1,49,9,33,0,1,0.08,1,3,155,0,1.89
41,Kai,ai,13,Sun,1,99,cta,8,0,58,437,306,27,5,165,8,36,0,1,0.03,0,2,159,0,1.89
41,Kai,ai,13,Sun,1,100,fomo,8,0,45,431,317,21,3,107,6,43,0,0,0.11,0,1,156,1,1.89
41,Kai,ai,13,Sun,1,101,fomo,8,0,54,439,329,18,1,49,7,49,0,0,0.05,0,1,160,2,1.89
41,Kai,ai,13,Sun,1,102,filler,8,0,50,406,290,9,0,0,3,36,0,0,0.08,0,1,155,0,1.89
41,Kai,ai,13,Sun,1,103,filler,8,0,54,381,270,4,0,0,3,40,0,0,0.12,0,1,158,0,1.89
41,Kai,ai,13,Sun,1,104,hook,9,0,50,377,283,6,1,49,11,29,0,0,0.12,0,2,157,0,1.89
41,Kai,ai,13,Sun,1,105,hook,9,0,60,388,278,18,1,29,6,37,0,0,0.14,1,1,159,0,1.89
41,Kai,ai,13,Sun,1,106,build,9,0,62,380,274,19,3,107,3,27,0,1,0.19,0,2,160,0,1.89
41,Kai,ai,13,Sun,1,107,build,9,0,47,378,273,21,0,0,6,34,0,1,0.24,1,3,158,0,1.89
41,Kai,ai,13,Sun,1,108,build,9,0,52,370,270,16,0,0,4,34,0,1,0.36,0,3,159,0,1.89
41,Kai,ai,13,Sun,1,109,build,9,0,50,361,261,16,0,0,12,36,0,1,0.18,0,2,159,0,1.89
41,Kai,ai,13,Sun,1,110,demo,9,0,57,362,256,28,3,127,6,29,0,1,0.79,0,2,159,0,1.89
41,Kai,ai,13,Sun,1,111,demo,9,0,63,381,253,21,0,0,7,31,0,1,0.72,0,1,159,0,1.89
41,Kai,ai,13,Sun,1,112,demo,9,0,54,377,263,24,6,174,9,24,0,1,0.73,0,3,158,0,1.89
41,Kai,ai,13,Sun,1,113,price,9,0,52,365,266,25,3,107,9,29,0,1,0.12,1,2,160,0,1.89
41,Kai,ai,13,Sun,1,114,cta,9,0,65,374,253,28,7,223,7,26,0,1,0.09,1,3,157,0,1.89
41,Kai,ai,13,Sun,1,115,cta,9,0,57,374,265,29,5,145,3,42,0,1,0.12,1,2,157,0,1.89
41,Kai,ai,13,Sun,1,116,fomo,9,0,69,401,285,18,1,29,10,25,0,0,0.12,1,2,157,1,1.89
41,Kai,ai,13,Sun,1,117,fomo,9,0,56,414,295,17,1,49,8,38,0,0,0.13,1,1,155,2,1.89
41,Kai,ai,13,Sun,1,118,filler,9,0,58,370,259,3,0,0,6,32,0,0,0.06,0,1,155,0,1.89
41,Kai,ai,13,Sun,1,119,hook,10,0,48,365,234,10,1,29,7,37,0,0,0.13,0,2,157,0,1.89
41,Kai,ai,13,Sun,1,120,build,10,0,50,353,257,14,1,29,8,34,0,1,0.29,0,1,157,0,1.89
42,Nova,ai,22,Wed,0,1,hook,1,0,61,61,48,2,0,0,3,7,0,0,0.14,0,2,161,0,1
42,Nova,ai,22,Wed,0,2,build,1,0,61,118,90,4,0,0,2,13,0,0,0.37,0,1,160,0,1
42,Nova,ai,22,Wed,0,3,build,1,0,42,152,108,4,0,0,1,11,0,1,0.38,0,2,157,0,1
42,Nova,ai,22,Wed,0,4,build,1,0,63,200,138,15,0,0,6,13,0,1,0.3,0,3,156,0,1
42,Nova,ai,22,Wed,0,5,demo,1,0,61,241,182,18,0,0,1,21,0,1,0.75,0,2,160,0,1
42,Nova,ai,22,Wed,0,6,demo,1,0,63,278,198,20,6,174,6,31,0,1,0.49,0,3,161,0,1
42,Nova,ai,22,Wed,0,7,demo,1,0,42,297,205,18,2,58,9,25,0,1,0.81,0,1,159,0,1
42,Nova,ai,22,Wed,0,8,price,1,0,48,319,219,17,4,116,4,27,0,0,0.03,1,3,156,0,1
42,Nova,ai,22,Wed,0,9,cta,1,0,55,335,219,16,3,87,6,26,0,1,0.03,0,2,160,0,1
42,Nova,ai,22,Wed,0,10,cta,1,0,58,347,252,32,6,214,8,31,0,1,0.01,0,1,158,0,1
42,Nova,ai,22,Wed,0,11,fomo,1,0,62,373,281,12,2,58,5,27,0,0,0.04,0,2,157,1,1.26
42,Nova,ai,22,Wed,0,12,fomo,1,0,69,408,301,15,2,78,10,29,0,1,0.05,0,2,159,2,1.26
42,Nova,ai,22,Wed,0,13,filler,1,0,67,420,326,14,2,58,2,30,0,0,0.05,0,2,159,0,1.26
42,Nova,ai,22,Wed,0,14,hook,2,0,64,426,302,15,0,0,9,37,0,0,0.01,0,2,157,0,1.26
42,Nova,ai,22,Wed,0,15,hook,2,0,53,428,316,6,1,29,6,31,0,0,0.1,0,2,158,0,1.26
42,Nova,ai,22,Wed,0,16,build,2,0,59,426,285,20,1,29,5,41,0,1,0.22,0,3,161,0,1.26
42,Nova,ai,22,Wed,0,17,build,2,0,68,444,322,16,4,136,9,51,0,1,0.3,0,2,158,0,1.26
42,Nova,ai,22,Wed,0,18,build,2,0,67,462,331,21,1,49,8,29,0,1,0.24,0,2,156,0,1.26
42,Nova,ai,22,Wed,0,19,demo,2,0,66,482,347,29,5,165,8,50,0,1,0.59,0,2,156,0,1.26
42,Nova,ai,22,Wed,0,20,demo,2,0,70,513,359,35,3,87,7,54,0,1,0.62,0,1,157,0,1.26
42,Nova,ai,22,Wed,0,21,price,2,0,64,522,373,19,3,107,8,46,0,1,0.02,0,2,160,0,1.26
42,Nova,ai,22,Wed,0,22,cta,2,0,75,542,401,63,8,272,11,60,0,1,0.1,1,2,160,0,1.26
42,Nova,ai,22,Wed,0,23,fomo,2,0,60,561,400,26,2,78,13,59,0,0,0.05,0,2,159,1,1.26
42,Nova,ai,22,Wed,0,24,fomo,2,0,58,575,415,22,7,243,15,46,0,0,0.08,0,1,156,2,1.26
42,Nova,ai,22,Wed,0,25,filler,2,0,62,544,393,13,1,29,5,44,0,1,0.05,0,3,160,0,1.26
42,Nova,ai,22,Wed,0,26,hook,3,0,60,544,395,13,2,78,10,52,0,0,0.1,0,1,156,0,1.26
42,Nova,ai,22,Wed,0,27,hook,3,0,65,567,419,21,2,58,10,41,0,0,0.09,1,2,157,0,1.26
42,Nova,ai,22,Wed,0,28,build,3,0,68,567,411,19,2,58,15,56,0,0,0.25,0,3,161,0,1.26
42,Nova,ai,22,Wed,0,29,build,3,0,74,572,397,15,1,29,16,56,0,1,0.28,0,1,157,0,1.26
42,Nova,ai,22,Wed,0,30,build,3,0,74,575,402,19,0,0,6,52,0,0,0.31,0,3,157,0,1.26
42,Nova,ai,22,Wed,0,31,demo,3,0,54,576,432,31,2,58,11,55,0,1,0.63,0,1,156,0,1.26
42,Nova,ai,22,Wed,0,32,demo,3,0,69,582,431,47,4,116,7,56,0,1,0.48,1,2,159,0,1.26
42,Nova,ai,22,Wed,0,33,demo,3,0,74,593,439,32,3,127,15,57,0,0,0.48,0,1,159,0,1.26
42,Nova,ai,22,Wed,0,34,price,3,0,62,582,415,36,4,156,13,55,0,1,0.04,0,2,160,0,1.26
42,Nova,ai,22,Wed,0,35,cta,3,0,71,589,427,35,5,145,6,59,0,0,0.02,0,3,159,0,1.26
42,Nova,ai,22,Wed,0,36,cta,3,0,63,570,424,42,5,185,3,64,0,0,0.06,1,2,156,0,1.26
42,Nova,ai,22,Wed,0,37,fomo,3,0,69,572,399,20,5,145,9,56,0,0,0.09,0,2,156,1,1.26
42,Nova,ai,22,Wed,0,38,fomo,3,0,61,587,427,23,6,194,10,51,0,0,0,0,2,157,2,1.26
42,Nova,ai,22,Wed,0,39,filler,3,0,62,538,398,10,1,29,7,56,0,1,0.07,0,3,155,0,1.26
42,Nova,ai,22,Wed,0,40,dead,3,0,58,467,336,6,0,0,6,38,0,0,0,0,2,155,0,1.26
42,Nova,ai,22,Wed,0,41,hook,4,0,61,485,355,13,1,29,4,41,0,0,0.09,0,3,161,0,1.26
42,Nova,ai,22,Wed,0,42,hook,4,0,60,477,337,13,1,49,8,44,0,0,0.15,0,3,159,0,1.26
42,Nova,ai,22,Wed,0,43,build,4,0,68,491,350,17,3,107,8,45,0,1,0.39,0,2,158,0,1.26
42,Nova,ai,22,Wed,0,44,build,4,0,76,494,361,20,1,29,6,42,0,1,0.29,0,2,161,0,1.26
42,Nova,ai,22,Wed,0,45,build,4,0,45,463,335,24,4,116,6,44,0,1,0.16,0,2,157,0,1.26
42,Nova,ai,22,Wed,0,46,demo,4,0,63,479,347,36,7,243,15,36,0,1,0.46,0,1,159,0,1.26
42,Nova,ai,22,Wed,0,47,demo,4,0,70,485,344,38,4,136,11,53,0,1,0.82,0,1,157,0,1.26
42,Nova,ai,22,Wed,0,48,demo,4,0,69,502,362,35,4,116,7,39,0,1,0.72,0,1,159,0,1.26
42,Nova,ai,22,Wed,0,49,price,4,0,47,493,363,23,6,194,13,45,0,1,0.15,1,2,157,0,1.26
42,Nova,ai,22,Wed,0,50,cta,4,0,49,485,357,38,5,165,4,49,0,1,0.03,1,2,155,0,1.26
42,Nova,ai,22,Wed,0,51,fomo,4,0,62,503,359,25,4,136,8,40,0,1,0.11,0,2,157,1,1.26
42,Nova,ai,22,Wed,0,52,fomo,4,0,78,539,387,23,1,29,11,45,0,0,0.07,1,2,158,2,1.26
42,Nova,ai,22,Wed,0,53,filler,4,0,75,515,357,6,0,0,5,56,0,0,0.01,1,3,157,0,1.26
42,Nova,ai,22,Wed,0,54,dead,4,0,60,451,321,4,1,49,4,46,0,1,0.09,0,1,159,0,1.26
42,Nova,ai,22,Wed,0,55,hook,5,0,61,448,315,17,0,0,6,34,0,0,0.05,0,3,158,0,1.26
42,Nova,ai,22,Wed,0,56,build,5,0,58,451,321,12,2,58,7,42,0,0,0.24,0,2,159,0,1.26
42,Nova,ai,22,Wed,0,57,build,5,0,64,455,345,11,2,58,8,40,0,1,0.16,0,2,158,0,1.26
42,Nova,ai,22,Wed,0,58,demo,5,0,58,463,337,34,2,58,4,32,0,1,0.55,1,2,160,0,1.26
42,Nova,ai,22,Wed,0,59,demo,5,0,54,464,343,28,1,29,9,41,0,1,0.46,0,3,159,0,1.26
42,Nova,ai,22,Wed,0,60,demo,5,0,52,468,328,31,1,29,8,43,0,1,0.74,0,2,156,0,1.26
42,Nova,ai,22,Wed,0,61,price,5,0,52,459,325,18,1,29,8,39,0,0,0.01,1,2,158,0,1.26
42,Nova,ai,22,Wed,0,62,cta,5,0,53,446,319,27,8,232,10,48,0,0,0.06,1,3,156,0,1.26
42,Nova,ai,22,Wed,0,63,fomo,5,0,48,461,324,15,2,78,5,54,0,0,0.04,0,1,158,1,1.26
42,Nova,ai,22,Wed,0,64,fomo,5,0,62,477,346,23,3,127,8,47,0,0,0.05,0,2,156,2,1.26
42,Nova,ai,22,Wed,0,65,fomo,5,0,55,475,348,23,3,87,10,43,0,0,0.13,0,3,157,3,1.26
42,Nova,ai,22,Wed,0,66,filler,5,0,65,455,331,9,0,0,3,47,0,0,0.04,0,3,158,0,1.26
42,Nova,ai,22,Wed,0,67,hook,6,0,55,448,310,16,2,58,8,43,0,0,0.03,0,2,159,0,1.26
42,Nova,ai,22,Wed,0,68,hook,6,0,52,452,328,11,0,0,5,36,0,0,0.1,0,3,158,0,1.26
42,Nova,ai,22,Wed,0,69,build,6,0,64,466,334,24,2,78,9,50,0,1,0.28,0,2,161,0,1.26
42,Nova,ai,22,Wed,0,70,build,6,0,62,444,319,17,0,0,8,39,0,1,0.28,0,1,159,0,1.26
42,Nova,ai,22,Wed,0,71,build,6,0,51,426,291,16,0,0,7,28,0,0,0.24,1,2,158,0,1.26
42,Nova,ai,22,Wed,0,72,demo,6,0,59,433,329,22,1,49,8,38,0,1,0.46,0,1,156,0,1.26
42,Nova,ai,22,Wed,0,73,demo,6,0,69,452,319,31,3,107,14,36,0,1,0.75,0,3,159,0,1.26
42,Nova,ai,22,Wed,0,74,price,6,0,53,446,330,34,5,165,13,43,0,1,0.12,1,2,157,0,1.26
42,Nova,ai,22,Wed,0,75,cta,6,0,61,450,316,26,5,185,7,40,0,0,0.12,1,3,157,0,1.26
42,Nova,ai,22,Wed,0,76,fomo,6,0,51,446,317,12,1,29,8,42,0,0,0.1,0,2,160,1,1.26
42,Nova,ai,22,Wed,0,77,fomo,6,0,52,444,319,16,4,136,9,46,0,0,0.05,0,2,160,2,1.26
42,Nova,ai,22,Wed,0,78,filler,6,0,53,413,287,9,2,98,2,23,0,0,0.03,0,2,155,0,1.26
42,Nova,ai,22,Wed,0,79,hook,7,0,53,411,298,15,2,98,7,41,0,1,0.11,0,3,157,0,1.26
42,Nova,ai,22,Wed,0,80,hook,7,0,61,413,312,13,0,0,6,49,0,0,0.1,0,2,157,0,1.26
42,Nova,ai,22,Wed,0,81,build,7,0,56,410,302,13,1,29,10,30,0,0,0.33,0,2,156,0,1.26
42,Nova,ai,22,Wed,0,82,build,7,0,48,404,293,10,1,29,6,35,0,0,0.22,0,2,161,0,1.26
42,Nova,ai,22,Wed,0,83,build,7,0,67,402,292,13,1,29,6,38,0,0,0.29,0,2,158,0,1.26
42,Nova,ai,22,Wed,0,84,demo,7,0,55,403,287,25,1,49,10,30,0,1,0.69,0,2,161,0,1.26
42,Nova,ai,22,Wed,0,85,demo,7,0,54,408,311,36,3,87,10,27,0,1,0.82,0,1,157,0,1.26
42,Nova,ai,22,Wed,0,86,price,7,0,59,405,288,23,5,165,8,33,0,0,0.14,1,1,160,0,1.26
42,Nova,ai,22,Wed,0,87,cta,7,0,56,407,310,22,2,78,5,42,0,0,0.14,1,2,159,0,1.26
42,Nova,ai,22,Wed,0,88,fomo,7,0,65,415,304,17,3,127,8,38,0,0,0.13,0,2,160,1,1.26
42,Nova,ai,22,Wed,0,89,fomo,7,0,59,428,307,16,3,107,9,42,0,0,0.06,0,2,157,2,1.26
42,Nova,ai,22,Wed,0,90,filler,7,0,47,393,284,2,0,0,1,44,0,0,0.01,0,1,158,0,1.26
42,Nova,ai,22,Wed,0,91,dead,7,0,51,352,259,6,1,29,2,38,0,0,0.1,0,2,157,0,1.26
42,Nova,ai,22,Wed,0,92,hook,8,0,71,382,272,15,1,29,4,36,0,0,0.05,0,3,155,0,1.26
42,Nova,ai,22,Wed,0,93,build,8,0,59,384,266,17,2,58,4,31,0,1,0.28,0,1,157,0,1.26
42,Nova,ai,22,Wed,0,94,build,8,0,70,400,282,13,4,136,8,27,0,0,0.21,0,3,156,0,1.26
42,Nova,ai,22,Wed,0,95,build,8,0,57,392,279,13,0,0,9,44,0,1,0.39,0,3,157,0,1.26
42,Nova,ai,22,Wed,0,96,build,8,0,67,397,285,20,2,78,1,29,0,0,0.31,1,2,158,0,1.26
42,Nova,ai,22,Wed,0,97,demo,8,0,53,397,290,18,2,58,8,29,0,1,0.52,0,1,157,0,1.26
42,Nova,ai,22,Wed,0,98,demo,8,0,59,408,293,22,2,58,8,51,0,1,0.73,0,2,159,0,1.26
42,Nova,ai,22,Wed,0,99,price,8,0,53,405,279,26,3,87,10,24,0,1,0.04,1,3,157,0,1.26
42,Nova,ai,22,Wed,0,100,cta,8,0,55,397,282,27,4,136,10,38,0,0,0.01,1,1,158,0,1.26
42,Nova,ai,22,Wed,0,101,cta,8,0,54,397,286,26,4,136,11,31,0,0,0.02,1,2,157,0,1.26
42,Nova,ai,22,Wed,0,102,fomo,8,0,61,419,297,18,5,165,8,31,0,0,0.1,0,2,161,1,1.26
42,Nova,ai,22,Wed,0,103,fomo,8,0,62,426,329,21,3,87,8,42,0,1,0.07,0,1,156,2,1.26
42,Nova,ai,22,Wed,0,104,filler,8,0,61,409,296,13,0,0,3,47,0,1,0.09,0,2,155,0,1.26
42,Nova,ai,22,Wed,0,105,dead,8,0,63,373,270,7,1,29,3,30,0,0,0.09,0,2,155,0,1.26
42,Nova,ai,22,Wed,0,106,hook,9,0,59,376,282,11,1,49,4,27,0,1,0.11,0,3,160,0,1.26
42,Nova,ai,22,Wed,0,107,hook,9,0,44,380,276,12,1,29,8,29,0,0,0.03,0,2,157,0,1.26
42,Nova,ai,22,Wed,0,108,build,9,0,57,375,277,7,0,0,6,36,0,0,0.25,0,3,155,0,1.26
42,Nova,ai,22,Wed,0,109,build,9,0,65,383,280,12,2,58,6,34,0,0,0.23,0,3,157,0,1.26
42,Nova,ai,22,Wed,0,110,build,9,0,50,372,264,14,1,29,4,28,0,1,0.31,0,2,160,0,1.26
42,Nova,ai,22,Wed,0,111,build,9,0,47,355,262,20,3,87,4,32,0,1,0.35,1,2,160,0,1.26
42,Nova,ai,22,Wed,0,112,demo,9,0,50,358,250,17,0,0,6,25,0,1,0.61,0,1,156,0,1.26
42,Nova,ai,22,Wed,0,113,demo,9,0,53,360,275,16,3,107,8,18,0,1,0.77,0,1,159,0,1.26
42,Nova,ai,22,Wed,0,114,demo,9,0,49,366,261,30,1,49,9,39,0,1,0.57,0,1,159,0,1.26
42,Nova,ai,22,Wed,0,115,price,9,0,53,367,256,15,1,29,1,28,0,0,0.03,0,1,156,0,1.26
42,Nova,ai,22,Wed,0,116,cta,9,0,46,368,263,24,3,107,7,34,0,0,0.1,1,2,156,0,1.26
42,Nova,ai,22,Wed,0,117,cta,9,0,59,376,267,26,5,165,6,36,0,0,0.08,0,2,160,0,1.26
42,Nova,ai,22,Wed,0,118,fomo,9,0,56,390,280,18,1,29,8,35,0,0,0.07,0,2,155,1,1.26
42,Nova,ai,22,Wed,0,119,fomo,9,0,43,379,273,19,3,107,6,44,0,0,0.06,0,2,158,2,1.26
42,Nova,ai,22,Wed,0,120,filler,9,0,61,351,254,10,2,58,8,27,0,0,0.1,0,3,156,0,1.26
43,Jules,human,19,Sat,0,1,hook,1,0,65,65,49,2,0,0,0,4,0,0,0.09,0,4,130,0,1
43,Jules,human,19,Sat,0,2,build,1,0,74,132,87,0,0,0,4,13,0,1,0.37,0,4,155,0,1
43,Jules,human,19,Sat,0,3,build,1,0,64,176,125,5,0,0,4,16,0,1,0.17,0,7,178,0,1
43,Jules,human,19,Sat,0,4,build,1,0,56,211,154,12,0,0,4,18,0,0,0.34,0,5,184,0,1
43,Jules,human,19,Sat,0,5,build,1,0,58,250,178,11,0,0,5,18,0,1,0.16,0,3,152,0,1
43,Jules,human,19,Sat,0,6,demo,1,0,47,283,199,26,6,214,3,20,0,1,0.71,0,6,176,0,1
43,Jules,human,19,Sat,0,7,demo,1,0,54,308,227,24,2,78,13,24,0,1,0.46,0,5,123,0,1
43,Jules,human,19,Sat,0,8,demo,1,0,62,348,242,20,1,29,7,23,0,1,0.45,0,2,160,0,1
43,Jules,human,19,Sat,0,9,demo,1,0,58,372,266,21,0,0,5,36,0,0,0.45,0,4,149,0,1
43,Jules,human,19,Sat,0,10,price,1,0,64,394,274,20,4,116,4,38,0,0,0.03,1,4,176,0,1
43,Jules,human,19,Sat,0,11,cta,1,0,68,428,315,37,6,194,9,34,0,1,0.1,1,7,152,0,1.22
43,Jules,human,19,Sat,0,12,cta,1,0,52,427,320,19,3,107,5,36,0,0,0.02,0,4,184,0,1.22
43,Jules,human,19,Sat,0,13,fomo,1,0,80,466,334,32,1,29,9,37,0,0,0.04,1,5,189,1,1.22
43,Jules,human,19,Sat,0,14,fomo,1,0,61,490,351,21,4,136,11,45,0,0,0.15,0,2,152,2,1.22
43,Jules,human,19,Sat,0,15,qna,1,0,80,525,383,16,3,107,12,67,6,0,0.13,0,7,149,0,1.22
43,Jules,human,19,Sat,0,16,hook,2,0,67,540,394,12,1,29,8,48,0,0,0.03,0,5,161,0,1.22
43,Jules,human,19,Sat,0,17,build,2,0,72,544,372,25,4,136,12,54,0,1,0.26,0,6,126,0,1.22
43,Jules,human,19,Sat,0,18,build,2,0,69,551,406,31,3,87,7,44,0,1,0.28,1,7,173,0,1.22
43,Jules,human,19,Sat,0,19,build,2,0,81,570,408,29,2,58,8,45,0,0,0.31,0,2,180,0,1.22
43,Jules,human,19,Sat,0,20,demo,2,0,80,606,439,37,9,341,9,48,0,1,0.46,0,6,142,0,1.22
43,Jules,human,19,Sat,0,21,demo,2,0,70,615,454,44,10,310,18,57,0,1,0.75,1,2,186,0,1.22
43,Jules,human,19,Sat,0,22,demo,2,0,72,642,461,35,5,165,11,55,0,0,0.69,0,4,122,0,1.22
43,Jules,human,19,Sat,0,23,price,2,0,81,678,497,47,8,232,11,56,0,1,0.04,1,3,146,0,1.22
43,Jules,human,19,Sat,0,24,cta,2,0,78,673,480,37,7,243,10,59,0,0,0.12,1,5,187,0,1.22
43,Jules,human,19,Sat,0,25,cta,2,0,72,676,476,61,10,350,10,72,0,1,0.03,1,3,148,0,1.22
43,Jules,human,19,Sat,0,26,fomo,2,0,58,671,499,31,7,283,8,58,0,0,0.13,0,3,156,1,1.22
43,Jules,human,19,Sat,0,27,fomo,2,0,72,693,496,39,7,223,10,69,0,0,0.05,1,6,140,2,1.22
43,Jules,human,19,Sat,0,28,qna,2,0,85,723,494,21,1,29,24,82,6,0,0.06,0,3,184,0,1.22
43,Jules,human,19,Sat,0,29,qna,2,0,68,735,516,20,2,58,21,77,6,0,0.05,0,4,158,0,1.22
43,Jules,human,19,Sat,0,30,qna,2,0,71,742,549,26,2,78,32,78,6,0,0.01,0,3,164,0,1.22
43,Jules,human,19,Sat,0,31,filler,2,0,73,711,520,15,2,58,7,70,0,1,0.09,0,3,151,0,1.22
43,Jules,human,19,Sat,0,32,hook,3,0,65,701,511,15,0,0,16,51,0,0,0.08,0,6,147,0,1.22
43,Jules,human,19,Sat,0,33,build,3,0,73,699,494,39,3,87,14,76,0,1,0.22,0,4,178,0,1.22
43,Jules,human,19,Sat,0,34,build,3,0,73,702,494,28,5,185,20,61,0,1,0.36,0,5,126,0,1.22
43,Jules,human,19,Sat,0,35,build,3,0,67,687,510,32,5,165,12,63,0,1,0.39,0,7,170,0,1.22
43,Jules,human,19,Sat,0,36,demo,3,0,61,686,498,57,9,281,13,54,0,1,0.7,1,7,190,0,1.22
43,Jules,human,19,Sat,0,37,demo,3,0,71,700,507,48,5,145,7,55,0,1,0.69,0,6,166,0,1.22
43,Jules,human,19,Sat,0,38,demo,3,0,71,703,518,44,8,272,22,69,0,1,0.52,0,7,190,0,1.22
43,Jules,human,19,Sat,0,39,price,3,0,75,709,514,45,7,203,11,55,0,1,0,0,3,174,0,1.22
43,Jules,human,19,Sat,0,40,cta,3,0,68,691,494,56,10,330,7,70,0,1,0.01,1,3,173,0,1.22
43,Jules,human,19,Sat,0,41,cta,3,0,64,678,492,43,11,399,10,70,0,0,0.06,1,4,173,0,1.22
43,Jules,human,19,Sat,0,42,fomo,3,0,54,679,490,34,6,194,10,46,0,0,0.11,0,3,140,1,1.22
43,Jules,human,19,Sat,0,43,fomo,3,0,72,705,491,38,2,58,14,67,0,0,0.11,0,6,168,2,1.22
43,Jules,human,19,Sat,0,44,qna,3,0,64,726,519,24,1,49,34,83,6,0,0.01,0,4,121,0,1.22
43,Jules,human,19,Sat,0,45,qna,3,0,71,752,525,36,2,58,32,74,6,1,0.09,0,7,147,0,1.22
43,Jules,human,19,Sat,0,46,hook,4,0,64,752,542,30,3,107,15,62,0,1,0.05,1,4,150,0,1.22
43,Jules,human,19,Sat,0,47,build,4,0,63,729,508,35,4,156,9,79,0,1,0.24,0,6,170,0,1.22
43,Jules,human,19,Sat,0,48,build,4,0,71,728,532,34,6,194,9,67,0,0,0.27,0,4,189,0,1.22
43,Jules,human,19,Sat,0,49,build,4,0,58,708,490,32,3,107,6,55,0,1,0.37,0,2,166,0,1.22
43,Jules,human,19,Sat,0,50,demo,4,0,56,708,503,44,6,214,14,69,0,1,0.52,0,5,155,0,1.22
43,Jules,human,19,Sat,0,51,demo,4,0,84,734,547,64,5,145,10,63,0,1,0.64,0,4,165,0,1.22
43,Jules,human,19,Sat,0,52,demo,4,0,65,734,543,44,5,165,8,62,0,1,0.7,0,6,176,0,1.22
43,Jules,human,19,Sat,0,53,demo,4,0,62,735,525,49,9,281,12,68,0,1,0.5,0,5,161,0,1.22
43,Jules,human,19,Sat,0,54,price,4,0,63,730,555,51,8,312,16,82,0,0,0.08,0,5,151,0,1.22
43,Jules,human,19,Sat,0,55,cta,4,0,69,727,529,49,9,321,10,79,0,0,0.12,1,3,169,0,1.22
43,Jules,human,19,Sat,0,56,cta,4,0,58,700,495,59,12,408,12,68,0,1,0.12,1,4,124,0,1.22
43,Jules,human,19,Sat,0,57,fomo,4,0,51,682,468,18,4,116,18,58,0,0,0.11,0,7,128,1,1.22
43,Jules,human,19,Sat,0,58,fomo,4,0,64,682,508,23,0,0,13,56,0,0,0.03,0,6,123,2,1.22
43,Jules,human,19,Sat,0,59,qna,4,0,74,705,525,28,4,116,24,90,6,0,0.1,0,2,132,0,1.22
43,Jules,human,19,Sat,0,60,qna,4,0,59,708,494,18,3,87,32,66,6,1,0.12,0,3,161,0,1.22
43,Jules,human,19,Sat,0,61,hook,5,0,80,738,532,25,5,165,16,75,0,0,0.08,1,3,172,0,1.22
43,Jules,human,19,Sat,0,62,hook,5,0,69,740,541,18,1,29,17,74,0,0,0.08,0,6,124,0,1.22
43,Jules,human,19,Sat,0,63,build,5,0,57,724,524,29,1,29,13,74,0,1,0.22,0,7,169,0,1.22
43,Jules,human,19,Sat,0,64,build,5,0,73,700,526,28,4,156,11,49,0,0,0.16,0,6,126,0,1.22
43,Jules,human,19,Sat,0,65,build,5,0,53,669,469,28,3,87,13,59,0,1,0.28,0,4,167,0,1.22
43,Jules,human,19,Sat,0,66,demo,5,0,68,679,486,46,8,272,2,62,0,1,0.47,0,4,186,0,1.22
43,Jules,human,19,Sat,0,67,demo,5,0,72,680,492,43,8,252,10,73,0,1,0.78,0,4,129,0,1.22
43,Jules,human,19,Sat,0,68,demo,5,0,70,689,526,43,9,321,13,64,0,1,0.58,0,3,133,0,1.22
43,Jules,human,19,Sat,0,69,demo,5,0,60,686,499,42,5,185,13,52,0,1,0.56,0,5,145,0,1.22
43,Jules,human,19,Sat,0,70,price,5,0,58,675,495,37,4,116,12,71,0,0,0.04,0,7,144,0,1.22
43,Jules,human,19,Sat,0,71,cta,5,0,62,669,486,62,11,399,9,70,0,1,0.14,1,6,134,0,1.22
43,Jules,human,19,Sat,0,72,fomo,5,0,53,668,473,20,4,136,15,48,0,0,0.01,0,6,185,1,1.22
43,Jules,human,19,Sat,0,73,fomo,5,0,65,682,488,28,11,419,6,54,0,0,0.11,0,3,148,2,1.22
43,Jules,human,19,Sat,0,74,qna,5,0,57,689,490,18,5,165,26,75,6,0,0.04,0,7,125,0,1.22
43,Jules,human,19,Sat,0,75,qna,5,0,67,706,511,17,1,29,31,81,6,0,0.02,1,6,184,0,1.22
43,Jules,human,19,Sat,0,76,filler,5,0,57,653,482,14,1,29,7,56,0,0,0.03,0,7,143,0,1.22
43,Jules,human,19,Sat,0,77,hook,6,0,70,654,461,11,3,107,11,58,0,0,0.14,0,3,124,0,1.22
43,Jules,human,19,Sat,0,78,hook,6,0,57,630,445,11,1,29,16,62,0,0,0.04,0,5,153,0,1.22
43,Jules,human,19,Sat,0,79,build,6,0,58,604,442,18,3,107,10,65,0,0,0.34,0,6,142,0,1.22
43,Jules,human,19,Sat,0,80,build,6,0,71,613,438,28,3,87,13,60,0,0,0.2,0,3,155,0,1.22
43,Jules,human,19,Sat,0,81,build,6,0,53,603,427,41,7,203,8,50,0,1,0.19,1,4,172,0,1.22
43,Jules,human,19,Sat,0,82,build,6,0,65,609,419,22,2,78,10,57,0,0,0.28,0,2,187,0,1.22
43,Jules,human,19,Sat,0,83,demo,6,0,48,607,442,41,4,116,10,52,0,1,0.57,0,5,183,0,1.22
43,Jules,human,19,Sat,0,84,demo,6,0,61,600,435,34,5,185,11,58,0,1,0.83,0,2,139,0,1.22
43,Jules,human,19,Sat,0,85,demo,6,0,52,610,444,42,2,58,12,61,0,1,0.63,1,6,177,0,1.22
43,Jules,human,19,Sat,0,86,price,6,0,67,607,443,22,4,136,9,56,0,0,0.03,0,4,137,0,1.22
43,Jules,human,19,Sat,0,87,cta,6,0,49,581,408,32,6,214,8,45,0,0,0.04,1,4,177,0,1.22
43,Jules,human,19,Sat,0,88,cta,6,0,63,569,412,52,5,165,9,64,0,1,0.05,1,5,169,0,1.22
43,Jules,human,19,Sat,0,89,fomo,6,0,57,586,434,30,5,185,12,55,0,0,0.03,0,2,164,1,1.22
43,Jules,human,19,Sat,0,90,fomo,6,0,63,606,441,31,3,107,17,65,0,1,0.09,0,4,162,2,1.22
43,Jules,human,19,Sat,0,91,qna,6,0,56,619,446,17,4,156,24,71,6,0,0.08,0,3,173,0,1.22
43,Jules,human,19,Sat,0,92,qna,6,0,65,646,471,14,2,58,24,79,6,0,0.12,0,3,180,0,1.22
43,Jules,human,19,Sat,0,93,qna,6,0,55,669,483,26,2,78,24,71,6,0,0.05,0,4,128,0,1.22
43,Jules,human,19,Sat,0,94,filler,6,0,69,632,441,10,1,29,8,58,0,1,0.14,0,3,172,0,1.22
43,Jules,human,19,Sat,0,95,dead,6,0,37,543,389,6,0,0,7,57,0,0,0.05,0,6,20,0,1.22
43,Jules,human,19,Sat,0,96,hook,7,0,47,521,364,6,0,0,14,53,0,0,0.02,0,3,120,0,1.22
43,Jules,human,19,Sat,0,97,build,7,0,57,509,355,23,0,0,11,44,0,0,0.33,0,3,136,0,1.22
43,Jules,human,19,Sat,0,98,build,7,0,58,496,364,16,2,78,10,46,0,0,0.35,0,6,121,0,1.22
43,Jules,human,19,Sat,0,99,demo,7,0,53,503,374,31,2,58,10,33,0,1,0.73,0,4,189,0,1.22
43,Jules,human,19,Sat,0,100,demo,7,0,45,500,371,39,11,339,11,36,0,1,0.56,1,6,160,0,1.22
43,Jules,human,19,Sat,0,101,demo,7,0,68,515,357,30,5,165,6,42,0,1,0.73,1,3,147,0,1.22
43,Jules,human,19,Sat,0,102,price,7,0,52,519,393,30,8,232,11,41,0,1,0.09,0,4,158,0,1.22
43,Jules,human,19,Sat,0,103,cta,7,0,65,526,380,39,5,205,9,44,0,1,0.06,0,4,178,0,1.22
43,Jules,human,19,Sat,0,104,fomo,7,0,56,543,409,30,5,185,9,63,0,0,0.13,0,3,121,1,1.22
43,Jules,human,19,Sat,0,105,fomo,7,0,59,563,405,25,2,78,9,57,0,0,0.12,0,3,155,2,1.22
43,Jules,human,19,Sat,0,106,qna,7,0,55,579,416,18,4,156,23,72,6,0,0.08,0,3,170,0,1.22
43,Jules,human,19,Sat,0,107,qna,7,0,70,602,431,26,4,136,28,64,6,0,0.11,0,2,153,0,1.22
43,Jules,human,19,Sat,0,108,dead,7,0,63,543,376,11,0,0,6,56,0,0,0.06,1,3,20,0,1.22
43,Jules,human,19,Sat,0,109,hook,8,0,62,559,388,19,3,107,9,62,0,0,0.05,0,2,167,0,1.22
43,Jules,human,19,Sat,0,110,build,8,0,54,556,390,27,3,107,10,40,0,1,0.22,0,2,180,0,1.22
43,Jules,human,19,Sat,0,111,build,8,0,65,559,390,29,3,147,13,47,0,0,0.34,0,6,132,0,1.22
43,Jules,human,19,Sat,0,112,build,8,0,70,561,404,29,4,136,7,50,0,1,0.36,0,2,185,0,1.22
43,Jules,human,19,Sat,0,113,demo,8,0,57,572,417,37,2,58,16,54,0,1,0.83,0,7,134,0,1.22
43,Jules,human,19,Sat,0,114,demo,8,0,43,566,410,38,5,185,18,50,0,1,0.83,0,3,152,0,1.22
43,Jules,human,19,Sat,0,115,price,8,0,60,567,412,48,8,292,14,50,0,1,0.15,1,6,128,0,1.22
43,Jules,human,19,Sat,0,116,cta,8,0,59,559,397,40,8,272,6,36,0,1,0.11,1,6,183,0,1.22
43,Jules,human,19,Sat,0,117,fomo,8,0,56,570,403,26,4,136,10,40,0,0,0,0,6,145,1,1.22
43,Jules,human,19,Sat,0,118,fomo,8,0,54,579,414,23,6,194,13,57,0,0,0.09,0,3,131,2,1.22
43,Jules,human,19,Sat,0,119,qna,8,0,52,594,451,14,2,58,16,66,6,0,0.08,0,6,187,0,1.22
43,Jules,human,19,Sat,0,120,hook,9,0,46,586,404,12,0,0,8,56,0,0,0.02,0,7,149,0,1.22
44,Maya,human,21,Tue,0,1,hook,1,0,80,80,53,1,0,0,2,6,0,0,0.02,0,5,142,0,1
44,Maya,human,21,Tue,0,2,build,1,0,75,143,111,5,1,29,3,16,0,1,0.27,1,4,148,0,1
44,Maya,human,21,Tue,0,3,build,1,0,78,208,134,11,1,29,0,14,0,1,0.35,0,3,158,0,1
44,Maya,human,21,Tue,0,4,build,1,0,77,267,185,8,0,0,6,24,0,0,0.29,1,4,190,0,1
44,Maya,human,21,Tue,0,5,build,1,0,63,302,205,9,1,29,5,28,0,1,0.2,0,7,153,0,1
44,Maya,human,21,Tue,0,6,demo,1,0,87,364,263,30,5,145,8,41,0,1,0.56,0,4,125,0,1
44,Maya,human,21,Tue,0,7,demo,1,0,84,414,310,23,1,49,8,31,0,1,0.67,0,6,152,0,1
44,Maya,human,21,Tue,0,8,demo,1,0,59,445,311,22,2,58,10,39,0,1,0.8,0,3,124,0,1
44,Maya,human,21,Tue,0,9,demo,1,0,70,479,360,30,4,156,9,41,0,1,0.67,0,3,148,0,1
44,Maya,human,21,Tue,0,10,price,1,0,68,498,362,29,3,87,6,32,0,1,0.11,1,4,179,0,1
44,Maya,human,21,Tue,0,11,cta,1,0,76,515,359,42,13,457,8,55,0,1,0.05,1,5,143,0,1.24
44,Maya,human,21,Tue,0,12,fomo,1,0,86,560,408,17,1,49,11,50,0,0,0.1,0,6,184,1,1.24
44,Maya,human,21,Tue,0,13,qna,1,0,79,605,439,13,2,78,24,79,6,0,0.1,0,5,172,0,1.24
44,Maya,human,21,Tue,0,14,qna,1,0,92,654,483,22,7,223,23,88,6,0,0.04,1,5,126,0,1.24
44,Maya,human,21,Tue,0,15,qna,1,0,71,681,476,26,0,0,27,85,6,1,0.05,0,3,135,0,1.24
44,Maya,human,21,Tue,0,16,filler,1,0,84,663,459,11,1,29,6,73,0,1,0.06,0,4,179,0,1.24
44,Maya,human,21,Tue,0,17,hook,2,0,72,669,488,21,2,58,17,72,0,0,0.1,0,3,167,0,1.24
44,Maya,human,21,Tue,0,18,build,2,0,87,672,508,17,2,58,15,64,0,0,0.3,0,4,177,0,1.24
44,Maya,human,21,Tue,0,19,build,2,0,97,698,516,30,4,136,11,64,0,1,0.23,0,7,174,0,1.24
44,Maya,human,21,Tue,0,20,build,2,0,76,683,509,37,3,107,14,56,0,1,0.24,0,3,157,0,1.24
44,Maya,human,21,Tue,0,21,build,2,0,94,713,513,38,8,292,10,55,0,1,0.28,0,2,174,0,1.24
44,Maya,human,21,Tue,0,22,demo,2,0,89,740,534,47,4,116,15,61,0,1,0.66,0,6,141,0,1.24
44,Maya,human,21,Tue,0,23,demo,2,0,80,757,565,44,8,272,18,61,0,1,0.63,0,6,168,0,1.24
44,Maya,human,21,Tue,0,24,demo,2,0,97,777,571,60,8,272,17,64,0,1,0.58,0,6,165,0,1.24
44,Maya,human,21,Tue,0,25,demo,2,0,92,791,580,62,9,301,10,65,0,1,0.65,0,2,129,0,1.24
44,Maya,human,21,Tue,0,26,price,2,0,84,802,584,34,8,272,9,85,0,0,0.01,1,4,177,0,1.24
44,Maya,human,21,Tue,0,27,cta,2,0,85,800,584,54,11,359,9,72,0,0,0.13,0,4,165,0,1.24
44,Maya,human,21,Tue,0,28,cta,2,0,89,785,571,48,11,379,10,78,0,0,0.13,1,5,182,0,1.24
44,Maya,human,21,Tue,0,29,fomo,2,0,103,823,624,31,5,185,17,68,0,0,0.11,0,7,141,1,1.24
44,Maya,human,21,Tue,0,30,qna,2,0,102,858,614,24,2,58,22,111,6,0,0.01,0,6,121,0,1.24
44,Maya,human,21,Tue,0,31,qna,2,0,96,886,635,26,1,29,29,94,6,0,0.1,0,6,163,0,1.24
44,Maya,human,21,Tue,0,32,qna,2,0,73,888,641,22,4,136,27,125,6,0,0.03,0,6,174,0,1.24
44,Maya,human,21,Tue,0,33,hook,3,0,95,891,653,22,2,58,23,84,0,0,0.11,0,7,174,0,1.24
44,Maya,human,21,Tue,0,34,build,3,0,99,914,657,43,6,214,12,77,0,1,0.23,1,6,172,0,1.24
44,Maya,human,21,Tue,0,35,build,3,0,93,924,661,42,5,145,23,73,0,1,0.4,0,7,134,0,1.24
44,Maya,human,21,Tue,0,36,demo,3,0,95,933,679,50,6,214,20,69,0,1,0.46,0,4,177,0,1.24
44,Maya,human,21,Tue,0,37,demo,3,0,76,931,685,70,9,321,15,85,0,1,0.59,0,6,152,0,1.24
44,Maya,human,21,Tue,0,38,demo,3,0,71,924,691,57,6,194,14,84,0,1,0.85,0,3,122,0,1.24
44,Maya,human,21,Tue,0,39,price,3,0,82,914,674,42,5,165,13,86,0,0,0.09,1,7,153,0,1.24
44,Maya,human,21,Tue,0,40,cta,3,0,94,932,672,83,9,281,17,101,0,1,0.02,1,4,164,0,1.24
44,Maya,human,21,Tue,0,41,cta,3,0,90,908,637,70,12,428,17,83,0,1,0.13,1,5,166,0,1.24
44,Maya,human,21,Tue,0,42,fomo,3,0,87,904,640,34,8,292,20,78,0,0,0.06,0,3,132,1,1.24
44,Maya,human,21,Tue,0,43,qna,3,0,98,932,640,26,3,87,37,109,6,0,0.1,0,6,132,0,1.24
44,Maya,human,21,Tue,0,44,qna,3,0,98,964,691,38,4,136,35,107,6,0,0.08,1,5,170,0,1.24
44,Maya,human,21,Tue,0,45,qna,3,0,82,964,710,36,3,107,34,108,6,0,0.08,1,4,124,0,1.24
44,Maya,human,21,Tue,0,46,hook,4,0,89,935,666,21,4,136,20,99,0,0,0.02,0,2,123,0,1.24
44,Maya,human,21,Tue,0,47,build,4,0,91,929,659,44,3,87,22,76,0,0,0.18,1,7,167,0,1.24
44,Maya,human,21,Tue,0,48,build,4,0,81,904,664,57,7,223,17,80,0,1,0.39,1,6,134,0,1.24
44,Maya,human,21,Tue,0,49,demo,4,0,94,916,632,58,8,252,12,86,0,1,0.74,0,6,152,0,1.24
44,Maya,human,21,Tue,0,50,demo,4,0,95,912,653,55,8,252,17,91,0,1,0.53,0,5,173,0,1.24
44,Maya,human,21,Tue,0,51,demo,4,0,85,917,674,60,12,368,16,86,0,1,0.49,0,6,138,0,1.24
44,Maya,human,21,Tue,0,52,demo,4,0,83,911,670,81,16,564,19,71,0,1,0.55,0,7,186,0,1.24
44,Maya,human,21,Tue,0,53,demo,4,0,93,927,684,69,8,232,14,87,0,1,0.78,0,4,154,0,1.24
44,Maya,human,21,Tue,0,54,price,4,0,84,939,677,63,5,165,24,86,0,1,0.09,1,6,140,0,1.24
44,Maya,human,21,Tue,0,55,cta,4,0,78,922,682,59,17,553,8,80,0,0,0.06,1,6,165,0,1.24
44,Maya,human,21,Tue,0,56,fomo,4,0,70,926,664,39,3,87,15,83,0,0,0.02,0,3,138,1,1.24
44,Maya,human,21,Tue,0,57,fomo,4,0,81,921,638,60,14,446,20,79,0,1,0.13,0,4,180,2,1.24
44,Maya,human,21,Tue,0,58,qna,4,0,80,922,666,30,5,205,52,121,6,0,0.02,0,4,157,0,1.24
44,Maya,human,21,Tue,0,59,qna,4,0,85,946,705,33,4,156,38,103,6,1,0.07,0,7,166,0,1.24
44,Maya,human,21,Tue,0,60,hook,5,0,105,946,703,27,2,78,23,89,0,0,0.03,0,5,179,0,1.24
44,Maya,human,21,Tue,0,61,build,5,0,75,915,660,38,5,205,15,77,0,0,0.25,0,3,169,0,1.24
44,Maya,human,21,Tue,0,62,build,5,0,91,899,646,54,8,352,14,70,0,1,0.29,0,4,188,0,1.24
44,Maya,human,21,Tue,0,63,build,5,0,80,877,625,44,2,58,9,81,0,1,0.34,0,6,172,0,1.24
44,Maya,human,21,Tue,0,64,demo,5,0,84,888,638,65,8,332,14,80,0,1,0.49,0,4,160,0,1.24
44,Maya,human,21,Tue,0,65,demo,5,0,85,894,642,75,7,263,10,67,0,1,0.68,0,4,133,0,1.24
44,Maya,human,21,Tue,0,66,demo,5,0,71,890,621,58,9,321,25,67,0,1,0.66,0,5,183,0,1.24
44,Maya,human,21,Tue,0,67,price,5,0,78,872,636,60,12,428,22,76,0,1,0.04,1,5,149,0,1.24
44,Maya,human,21,Tue,0,68,cta,5,0,74,851,624,53,6,174,6,60,0,0,0.14,1,2,139,0,1.24
44,Maya,human,21,Tue,0,69,cta,5,0,88,851,613,54,9,301,21,85,0,0,0.04,1,4,165,0,1.24
44,Maya,human,21,Tue,0,70,fomo,5,0,79,856,625,52,12,408,16,67,0,1,0.02,0,5,140,1,1.24
44,Maya,human,21,Tue,0,71,qna,5,0,87,886,623,13,0,0,46,88,6,0,0.09,0,3,136,0,1.24
44,Maya,human,21,Tue,0,72,qna,5,0,76,896,655,22,6,174,29,103,6,0,0.01,0,2,175,0,1.24
44,Maya,human,21,Tue,0,73,hook,6,0,81,872,619,24,0,0,19,86,0,0,0.14,0,2,157,0,1.24
44,Maya,human,21,Tue,0,74,hook,6,0,64,831,599,29,2,58,15,79,0,0,0.08,0,3,183,0,1.24
44,Maya,human,21,Tue,0,75,build,6,0,74,827,580,47,7,263,16,66,0,1,0.23,0,3,183,0,1.24
44,Maya,human,21,Tue,0,76,build,6,0,95,809,570,40,4,116,9,82,0,1,0.32,0,7,131,0,1.24
44,Maya,human,21,Tue,0,77,build,6,0,80,804,580,43,6,194,19,60,0,1,0.31,1,6,139,0,1.24
44,Maya,human,21,Tue,0,78,build,6,0,79,812,586,31,4,136,17,69,0,0,0.37,0,2,187,0,1.24
44,Maya,human,21,Tue,0,79,demo,6,0,85,822,587,54,8,312,13,83,0,1,0.72,0,6,128,0,1.24
44,Maya,human,21,Tue,0,80,demo,6,0,75,814,559,58,12,408,21,81,0,1,0.51,1,7,181,0,1.24
44,Maya,human,21,Tue,0,81,demo,6,0,68,808,576,59,4,116,13,77,0,1,0.81,0,6,173,0,1.24
44,Maya,human,21,Tue,0,82,demo,6,0,72,813,572,50,5,185,18,74,0,1,0.7,0,2,167,0,1.24
44,Maya,human,21,Tue,0,83,price,6,0,75,809,584,43,8,232,15,79,0,0,0.07,1,7,131,0,1.24
44,Maya,human,21,Tue,0,84,cta,6,0,90,791,563,56,11,319,17,64,0,1,0.1,1,5,187,0,1.24
44,Maya,human,21,Tue,0,85,fomo,6,0,67,787,584,32,5,165,17,72,0,0,0.11,0,3,145,1,1.24
44,Maya,human,21,Tue,0,86,qna,6,0,79,818,589,30,3,87,13,91,6,0,0.01,0,3,137,0,1.24
44,Maya,human,21,Tue,0,87,qna,6,0,90,849,624,28,3,87,33,102,6,0,0.09,0,3,168,0,1.24
44,Maya,human,21,Tue,0,88,qna,6,0,91,883,623,28,5,185,36,99,6,0,0.04,0,7,176,0,1.24
44,Maya,human,21,Tue,0,89,qna,6,0,71,899,646,36,8,252,32,108,6,0,0.08,1,3,134,0,1.24
44,Maya,human,21,Tue,0,90,filler,6,0,75,832,595,17,3,107,7,75,0,0,0.13,0,2,127,0,1.24
44,Maya,human,21,Tue,0,91,hook,7,0,75,839,601,13,4,136,14,73,0,0,0.12,0,6,182,0,1.24
44,Maya,human,21,Tue,0,92,build,7,0,79,830,611,39,4,136,14,79,0,1,0.18,0,5,137,0,1.24
44,Maya,human,21,Tue,0,93,build,7,0,67,815,600,39,3,107,6,87,0,1,0.34,0,6,164,0,1.24
44,Maya,human,21,Tue,0,94,demo,7,0,70,812,584,35,4,136,13,57,0,0,0.64,0,5,140,0,1.24
44,Maya,human,21,Tue,0,95,demo,7,0,78,828,598,56,6,234,20,57,0,1,0.51,0,5,121,0,1.24
44,Maya,human,21,Tue,0,96,demo,7,0,78,835,625,50,9,301,18,88,0,1,0.56,0,3,155,0,1.24
44,Maya,human,21,Tue,0,97,demo,7,0,84,857,626,69,8,252,13,60,0,1,0.85,0,2,159,0,1.24
44,Maya,human,21,Tue,0,98,price,7,0,75,838,580,49,7,223,14,64,0,1,0.01,0,3,179,0,1.24
44,Maya,human,21,Tue,0,99,cta,7,0,82,828,601,45,7,263,9,78,0,0,0.08,0,4,179,0,1.24
44,Maya,human,21,Tue,0,100,fomo,7,0,61,818,613,31,4,136,19,73,0,0,0.08,0,4,125,1,1.24
44,Maya,human,21,Tue,0,101,qna,7,0,60,812,567,20,3,87,22,78,6,0,0.07,0,5,175,0,1.24
44,Maya,human,21,Tue,0,102,qna,7,0,57,807,593,21,4,116,26,98,6,0,0,0,5,181,0,1.24
44,Maya,human,21,Tue,0,103,hook,8,0,72,791,591,20,1,29,16,80,0,0,0.09,0,3,185,0,1.24
44,Maya,human,21,Tue,0,104,hook,8,0,71,789,581,25,1,29,25,84,0,0,0.02,0,7,174,0,1.24
44,Maya,human,21,Tue,0,105,build,8,0,57,758,542,24,3,87,14,70,0,0,0.27,0,7,167,0,1.24
44,Maya,human,21,Tue,0,106,build,8,0,69,745,525,38,8,252,13,59,0,0,0.35,0,4,128,0,1.24
44,Maya,human,21,Tue,0,107,demo,8,0,54,723,525,39,4,136,16,66,0,0,0.78,0,5,140,0,1.24
44,Maya,human,21,Tue,0,108,demo,8,0,64,716,523,52,9,341,13,54,0,1,0.47,0,5,144,0,1.24
44,Maya,human,21,Tue,0,109,demo,8,0,71,703,541,44,4,176,13,65,0,0,0.75,0,4,171,0,1.24
44,Maya,human,21,Tue,0,110,demo,8,0,62,705,517,56,7,243,5,65,0,1,0.57,0,6,147,0,1.24
44,Maya,human,21,Tue,0,111,price,8,0,81,713,520,37,8,252,15,75,0,0,0.06,0,3,162,0,1.24
44,Maya,human,21,Tue,0,112,cta,8,0,59,695,495,46,8,292,15,57,0,0,0.04,1,6,134,0,1.24
44,Maya,human,21,Tue,0,113,fomo,8,0,92,732,522,26,6,194,10,66,0,0,0.08,0,4,154,1,1.24
44,Maya,human,21,Tue,0,114,qna,8,0,71,760,539,31,4,136,24,95,6,1,0.04,0,5,181,0,1.24
44,Maya,human,21,Tue,0,115,qna,8,0,84,785,553,28,8,272,27,95,6,0,0.07,1,5,151,0,1.24
44,Maya,human,21,Tue,0,116,qna,8,0,74,801,570,24,2,58,28,93,6,0,0.04,0,4,122,0,1.24
44,Maya,human,21,Tue,0,117,hook,9,0,52,774,572,23,1,49,12,64,0,1,0.04,0,2,129,0,1.24
44,Maya,human,21,Tue,0,118,build,9,0,75,754,563,31,5,205,11,81,0,0,0.34,0,2,178,0,1.24
44,Maya,human,21,Tue,0,119,build,9,0,68,741,533,23,4,116,7,50,0,1,0.35,0,3,170,0,1.24
44,Maya,human,21,Tue,0,120,build,9,0,57,719,511,31,3,107,14,57,0,0,0.35,0,5,130,0,1.24
45,Kai,ai,12,Mon,0,1,hook,1,0,37,37,27,3,0,0,2,3,0,0,0.05,0,1,157,0,1
45,Kai,ai,12,Mon,0,2,hook,1,0,26,58,43,0,0,0,2,4,0,0,0.05,0,2,156,0,1
45,Kai,ai,12,Mon,0,3,build,1,0,33,81,56,0,0,0,1,6,0,0,0.19,0,2,156,0,1
45,Kai,ai,12,Mon,0,4,build,1,0,33,110,81,5,1,29,2,11,0,0,0.21,0,2,160,0,1
45,Kai,ai,12,Mon,0,5,build,1,0,28,124,84,5,0,0,0,6,0,1,0.26,0,2,156,0,1
45,Kai,ai,12,Mon,0,6,build,1,0,33,144,98,6,0,0,2,21,0,1,0.24,0,3,157,0,1
45,Kai,ai,12,Mon,0,7,demo,1,0,21,152,118,5,0,0,0,11,0,1,0.64,0,2,156,0,1
45,Kai,ai,12,Mon,0,8,demo,1,0,41,178,127,11,0,0,3,10,0,1,0.69,0,2,161,0,1
45,Kai,ai,12,Mon,0,9,price,1,0,38,190,125,10,1,29,5,11,0,0,0.09,1,1,155,0,1
45,Kai,ai,12,Mon,0,10,cta,1,0,30,194,141,14,1,29,1,18,0,0,0.05,0,3,159,0,1
45,Kai,ai,12,Mon,0,11,cta,1,0,28,194,151,14,2,58,1,21,0,0,0.06,1,2,161,0,1.11
45,Kai,ai,12,Mon,0,12,fomo,1,0,40,217,155,10,1,29,7,21,0,0,0.01,0,2,159,1,1.11
45,Kai,ai,12,Mon,0,13,fomo,1,0,37,232,167,11,4,136,7,12,0,0,0.01,0,2,158,2,1.11
45,Kai,ai,12,Mon,0,14,filler,1,0,37,237,169,5,1,29,3,24,0,1,0.12,1,2,160,0,1.11
45,Kai,ai,12,Mon,0,15,hook,2,0,30,227,160,5,0,0,7,22,0,0,0.12,0,1,161,0,1.11
45,Kai,ai,12,Mon,0,16,build,2,0,35,235,170,11,2,58,4,25,0,1,0.23,0,1,160,0,1.11
45,Kai,ai,12,Mon,0,17,build,2,0,35,237,170,15,4,116,3,21,0,1,0.29,0,2,160,0,1.11
45,Kai,ai,12,Mon,0,18,build,2,0,27,234,166,18,3,107,5,21,0,1,0.17,0,2,156,0,1.11
45,Kai,ai,12,Mon,0,19,demo,2,0,45,254,197,15,0,0,7,19,0,1,0.7,0,1,155,0,1.11
45,Kai,ai,12,Mon,0,20,demo,2,0,38,276,207,15,3,107,6,30,0,1,0.83,0,3,159,0,1.11
45,Kai,ai,12,Mon,0,21,demo,2,0,26,282,206,21,1,29,7,18,0,1,0.58,0,2,160,0,1.11
45,Kai,ai,12,Mon,0,22,demo,2,0,29,280,185,17,2,58,7,26,0,1,0.58,0,3,159,0,1.11
45,Kai,ai,12,Mon,0,23,price,2,0,32,287,206,20,1,29,7,28,0,1,0.06,1,1,158,0,1.11
45,Kai,ai,12,Mon,0,24,cta,2,0,27,279,210,19,4,116,0,27,0,1,0.04,1,3,157,0,1.11
45,Kai,ai,12,Mon,0,25,cta,2,0,41,286,216,23,3,87,5,31,0,1,0.02,1,3,157,0,1.11
45,Kai,ai,12,Mon,0,26,fomo,2,0,34,295,216,10,2,78,4,26,0,0,0.09,0,2,159,1,1.11
45,Kai,ai,12,Mon,0,27,fomo,2,0,35,303,202,13,1,29,3,24,0,0,0.01,1,2,156,2,1.11
45,Kai,ai,12,Mon,0,28,filler,2,0,35,285,192,8,1,29,2,21,0,0,0.02,0,2,158,0,1.11
45,Kai,ai,12,Mon,0,29,filler,2,0,35,264,185,3,0,0,4,18,0,0,0,0,2,156,0,1.11
45,Kai,ai,12,Mon,0,30,hook,3,0,45,282,193,7,0,0,4,25,0,0,0.02,0,3,161,0,1.11
45,Kai,ai,12,Mon,0,31,build,3,0,29,279,206,13,3,87,9,22,0,1,0.17,0,1,161,0,1.11
45,Kai,ai,12,Mon,0,32,build,3,0,28,271,212,16,0,0,1,17,0,1,0.16,0,2,159,0,1.11
45,Kai,ai,12,Mon,0,33,demo,3,0,29,278,194,21,2,78,9,26,0,1,0.46,0,2,158,0,1.11
45,Kai,ai,12,Mon,0,34,demo,3,0,33,292,194,20,3,87,5,31,0,1,0.73,0,3,158,0,1.11
45,Kai,ai,12,Mon,0,35,price,3,0,30,286,191,16,1,49,4,32,0,0,0.07,0,3,159,0,1.11
45,Kai,ai,12,Mon,0,36,cta,3,0,38,285,209,21,4,116,1,24,0,1,0.08,1,2,159,0,1.11
45,Kai,ai,12,Mon,0,37,cta,3,0,24,272,191,15,1,29,4,22,0,0,0.09,1,3,157,0,1.11
45,Kai,ai,12,Mon,0,38,fomo,3,0,30,273,194,16,1,29,5,24,0,1,0.13,0,2,158,1,1.11
45,Kai,ai,12,Mon,0,39,fomo,3,0,25,274,196,13,2,58,3,22,0,0,0.01,0,3,160,2,1.11
45,Kai,ai,12,Mon,0,40,filler,3,0,26,253,189,6,2,58,4,21,0,0,0.01,0,2,158,0,1.11
45,Kai,ai,12,Mon,0,41,hook,4,0,31,262,194,10,0,0,4,29,0,1,0.02,0,1,160,0,1.11
45,Kai,ai,12,Mon,0,42,hook,4,0,27,258,183,8,0,0,6,31,0,0,0.07,0,2,158,0,1.11
45,Kai,ai,12,Mon,0,43,build,4,0,26,243,166,7,1,29,4,30,0,1,0.34,0,2,160,0,1.11
45,Kai,ai,12,Mon,0,44,build,4,0,33,250,186,8,2,78,2,20,0,1,0.2,0,2,158,0,1.11
45,Kai,ai,12,Mon,0,45,build,4,0,32,246,170,16,2,58,7,15,0,1,0.32,0,2,160,0,1.11
45,Kai,ai,12,Mon,0,46,build,4,0,36,254,177,10,1,29,4,18,0,1,0.25,0,1,157,0,1.11
45,Kai,ai,12,Mon,0,47,demo,4,0,44,273,204,13,2,98,5,19,0,0,0.7,0,3,156,0,1.11
45,Kai,ai,12,Mon,0,48,demo,4,0,35,278,198,12,0,0,5,26,0,1,0.66,0,2,157,0,1.11
45,Kai,ai,12,Mon,0,49,demo,4,0,23,277,193,27,4,116,6,25,0,1,0.84,1,1,156,0,1.11
45,Kai,ai,12,Mon,0,50,price,4,0,38,286,207,16,3,87,7,27,0,0,0.15,1,2,156,0,1.11
45,Kai,ai,12,Mon,0,51,cta,4,0,33,272,189,14,6,234,4,32,0,1,0.11,1,3,160,0,1.11
45,Kai,ai,12,Mon,0,52,fomo,4,0,30,276,198,12,1,29,7,26,0,1,0.07,0,2,157,1,1.11
45,Kai,ai,12,Mon,0,53,filler,4,0,37,264,191,8,1,29,3,23,0,0,0.11,0,3,158,0,1.11
45,Kai,ai,12,Mon,0,54,hook,5,0,33,262,192,11,1,29,7,28,0,0,0.05,0,3,157,0,1.11
45,Kai,ai,12,Mon,0,55,build,5,0,30,257,198,7,1,49,3,22,0,0,0.34,0,2,157,0,1.11
45,Kai,ai,12,Mon,0,56,build,5,0,36,259,198,12,1,29,3,29,0,0,0.33,1,2,157,0,1.11
45,Kai,ai,12,Mon,0,57,build,5,0,20,244,167,8,1,29,7,25,0,1,0.34,0,2,157,0,1.11
45,Kai,ai,12,Mon,0,58,demo,5,0,31,252,184,17,2,78,5,30,0,1,0.6,0,1,156,0,1.11
45,Kai,ai,12,Mon,0,59,demo,5,0,27,254,188,21,2,58,9,25,0,1,0.8,1,2,156,0,1.11
45,Kai,ai,12,Mon,0,60,price,5,0,23,243,175,14,3,87,9,16,0,0,0.01,1,3,160,0,1.11
45,Kai,ai,12,Mon,0,61,cta,5,0,30,249,181,17,2,98,4,23,0,1,0.04,0,2,159,0,1.11
45,Kai,ai,12,Mon,0,62,fomo,5,0,28,244,166,7,0,0,5,17,0,0,0.08,0,2,158,1,1.11
45,Kai,ai,12,Mon,0,63,fomo,5,0,32,239,176,6,1,29,5,24,0,0,0.12,0,2,156,2,1.11
45,Kai,ai,12,Mon,0,64,filler,5,0,37,222,157,3,0,0,4,15,0,0,0.12,0,3,160,0,1.11
45,Kai,ai,12,Mon,0,65,filler,5,0,29,212,140,3,1,29,5,21,0,0,0.02,0,2,156,0,1.11
45,Kai,ai,12,Mon,0,66,hook,6,0,33,219,162,8,0,0,4,19,0,0,0.05,0,2,157,0,1.11
45,Kai,ai,12,Mon,0,67,build,6,0,25,217,163,8,2,58,5,18,0,0,0.19,0,3,158,0,1.11
45,Kai,ai,12,Mon,0,68,build,6,0,32,226,156,11,0,0,3,14,0,1,0.31,1,3,157,0,1.11
45,Kai,ai,12,Mon,0,69,demo,6,0,31,225,163,17,0,0,2,22,0,1,0.61,0,2,157,0,1.11
45,Kai,ai,12,Mon,0,70,demo,6,0,23,227,161,13,1,29,6,23,0,1,0.54,0,1,157,0,1.11
45,Kai,ai,12,Mon,0,71,demo,6,0,26,221,159,11,3,87,3,26,0,1,0.62,0,1,159,0,1.11
45,Kai,ai,12,Mon,0,72,demo,6,0,37,231,163,13,1,49,3,21,0,1,0.73,0,3,159,0,1.11
45,Kai,ai,12,Mon,0,73,price,6,0,27,233,168,12,1,29,4,18,0,1,0.13,0,3,156,0,1.11
45,Kai,ai,12,Mon,0,74,cta,6,0,31,225,156,15,4,116,1,21,0,0,0.06,1,2,160,0,1.11
45,Kai,ai,12,Mon,0,75,fomo,6,0,24,228,168,12,1,29,3,22,0,0,0.13,0,1,161,1,1.11
45,Kai,ai,12,Mon,0,76,fomo,6,0,26,236,164,6,1,29,5,18,0,0,0.01,0,3,158,2,1.11
45,Kai,ai,12,Mon,0,77,filler,6,0,35,229,167,5,1,29,1,22,0,0,0.11,0,1,156,0,1.11
45,Kai,ai,12,Mon,0,78,filler,6,0,25,208,146,5,0,0,2,19,0,1,0.04,0,2,158,0,1.11
45,Kai,ai,12,Mon,0,79,hook,7,0,40,219,160,6,1,29,6,22,0,0,0.03,0,1,158,0,1.11
45,Kai,ai,12,Mon,0,80,build,7,0,22,207,150,11,1,29,4,19,0,0,0.26,0,2,157,0,1.11
45,Kai,ai,12,Mon,0,81,build,7,0,26,206,148,12,2,78,2,16,0,1,0.19,0,2,159,0,1.11
45,Kai,ai,12,Mon,0,82,build,7,0,22,201,160,11,1,29,2,21,0,0,0.4,0,3,156,0,1.11
45,Kai,ai,12,Mon,0,83,demo,7,0,23,201,143,9,1,29,6,20,0,1,0.46,0,3,156,0,1.11
45,Kai,ai,12,Mon,0,84,demo,7,0,32,215,145,16,4,136,3,15,0,1,0.5,0,2,159,0,1.11
45,Kai,ai,12,Mon,0,85,price,7,0,22,206,148,12,0,0,5,22,0,1,0.13,1,2,158,0,1.11
45,Kai,ai,12,Mon,0,86,cta,7,0,38,206,147,20,6,194,5,24,0,0,0,1,1,158,0,1.11
45,Kai,ai,12,Mon,0,87,fomo,7,0,33,215,161,10,1,49,5,13,0,1,0.03,0,2,159,1,1.11
45,Kai,ai,12,Mon,0,88,fomo,7,0,22,209,130,5,1,29,4,16,0,1,0.07,0,1,156,2,1.11
45,Kai,ai,12,Mon,0,89,filler,7,0,20,192,135,4,0,0,2,17,0,0,0.12,0,2,159,0,1.11
45,Kai,ai,12,Mon,0,90,filler,7,0,29,184,133,2,1,29,2,20,0,0,0.15,0,1,158,0,1.11
45,Kai,ai,12,Mon,0,91,dead,7,0,32,177,127,1,0,0,0,17,0,0,0.08,0,2,160,0,1.11
45,Kai,ai,12,Mon,0,92,hook,8,0,41,194,149,5,0,0,3,26,0,0,0.14,1,1,159,0,1.11
45,Kai,ai,12,Mon,0,93,build,8,0,32,206,148,9,1,49,2,21,0,1,0.24,0,2,158,0,1.11
45,Kai,ai,12,Mon,0,94,build,8,0,24,197,134,9,0,0,3,11,0,0,0.17,0,1,158,0,1.11
45,Kai,ai,12,Mon,0,95,build,8,0,26,194,130,5,0,0,6,12,0,1,0.32,0,2,157,0,1.11
45,Kai,ai,12,Mon,0,96,demo,8,0,34,224,151,17,2,58,6,23,0,1,0.5,0,2,158,0,1.11
45,Kai,ai,12,Mon,0,97,demo,8,0,28,218,164,8,1,49,2,29,0,1,0.76,0,2,156,0,1.11
45,Kai,ai,12,Mon,0,98,demo,8,0,24,209,148,15,1,29,0,17,0,1,0.81,0,2,159,0,1.11
45,Kai,ai,12,Mon,0,99,demo,8,0,27,210,143,19,3,107,4,23,0,1,0.69,1,2,158,0,1.11
45,Kai,ai,12,Mon,0,100,price,8,0,29,200,144,13,4,136,4,11,0,0,0.13,1,2,157,0,1.11
45,Kai,ai,12,Mon,0,101,cta,8,0,21,182,128,11,5,165,0,10,0,0,0.11,1,2,157,0,1.11
45,Kai,ai,12,Mon,0,102,cta,8,0,31,189,137,15,2,78,3,16,0,0,0.04,1,2,157,0,1.11
45,Kai,ai,12,Mon,0,103,fomo,8,0,27,201,148,12,2,78,5,25,0,0,0.11,1,2,161,1,1.11
45,Kai,ai,12,Mon,0,104,fomo,8,0,21,199,145,9,2,78,3,16,0,0,0.11,0,2,157,2,1.11
45,Kai,ai,12,Mon,0,105,filler,8,0,17,173,118,1,0,0,1,7,0,0,0.15,0,1,159,0,1.11
45,Kai,ai,12,Mon,0,106,filler,8,0,26,164,110,2,0,0,2,14,0,0,0.08,0,2,157,0,1.11
45,Kai,ai,12,Mon,0,107,hook,9,0,23,171,127,4,0,0,8,17,0,0,0.03,0,2,156,0,1.11
45,Kai,ai,12,Mon,0,108,hook,9,0,22,164,120,3,0,0,2,12,0,0,0.14,0,3,159,0,1.11
45,Kai,ai,12,Mon,0,109,build,9,0,41,187,132,3,0,0,2,21,0,1,0.16,0,3,159,0,1.11
45,Kai,ai,12,Mon,0,110,build,9,0,25,177,125,13,3,87,1,14,0,1,0.21,1,1,160,0,1.11
45,Kai,ai,12,Mon,0,111,demo,9,0,29,180,132,8,3,107,3,20,0,1,0.84,0,2,156,0,1.11
45,Kai,ai,12,Mon,0,112,demo,9,0,23,190,142,16,0,0,2,15,0,1,0.84,0,1,160,0,1.11
45,Kai,ai,12,Mon,0,113,demo,9,0,22,193,138,15,1,29,3,21,0,1,0.73,0,2,160,0,1.11
45,Kai,ai,12,Mon,0,114,price,9,0,25,190,130,12,2,58,7,15,0,1,0.1,1,3,158,0,1.11
45,Kai,ai,12,Mon,0,115,cta,9,0,27,184,133,10,0,0,7,15,0,0,0.07,1,2,159,0,1.11
45,Kai,ai,12,Mon,0,116,fomo,9,0,32,188,142,15,3,87,5,18,0,1,0.13,0,2,161,1,1.11
45,Kai,ai,12,Mon,0,117,fomo,9,0,32,195,150,5,2,58,5,19,0,0,0,0,3,159,2,1.11
45,Kai,ai,12,Mon,0,118,filler,9,0,25,186,138,3,0,0,3,23,0,0,0.11,0,2,158,0,1.11
45,Kai,ai,12,Mon,0,119,dead,9,0,22,150,99,5,1,49,1,17,0,1,0.01,0,2,156,0,1.11
45,Kai,ai,12,Mon,0,120,hook,10,0,31,164,127,4,0,0,2,15,0,0,0.05,0,1,159,0,1.11
46,Nova,ai,22,Wed,1,1,hook,1,1,50,50,39,0,0,0,0,23,0,0,0.11,0,3,159,0,1
46,Nova,ai,22,Wed,1,2,hook,1,1,55,101,74,3,0,0,7,30,0,1,0.1,0,3,155,0,1
46,Nova,ai,22,Wed,1,3,hook,1,1,64,159,115,4,0,0,10,34,0,0,0.13,0,2,158,0,1
46,Nova,ai,22,Wed,1,4,hook,1,1,48,186,143,2,0,0,9,39,0,0,0.02,0,2,159,0,1
46,Nova,ai,22,Wed,1,5,hook,1,1,53,218,154,10,0,0,13,50,0,1,0.09,0,2,160,0,1
46,Nova,ai,22,Wed,1,6,hook,1,1,56,248,176,9,0,0,5,55,0,0,0.07,1,2,160,0,1
46,Nova,ai,22,Wed,1,7,demo,1,0,38,258,196,12,2,78,8,38,0,0,0.56,0,2,155,0,1
46,Nova,ai,22,Wed,1,8,demo,1,0,49,283,198,15,0,0,4,28,0,1,0.84,0,2,158,0,1
46,Nova,ai,22,Wed,1,9,demo,1,0,35,292,219,19,3,107,7,30,0,1,0.81,0,3,160,0,1
46,Nova,ai,22,Wed,1,10,price,1,0,37,285,205,15,4,136,7,20,0,1,0.15,1,1,160,0,1
46,Nova,ai,22,Wed,1,11,cta,1,0,88,335,250,27,7,223,11,33,0,1,0.05,1,1,161,0,2.03
46,Nova,ai,22,Wed,1,12,fomo,1,0,92,404,288,17,1,29,12,39,0,0,0.03,0,2,159,1,2.03
46,Nova,ai,22,Wed,1,13,fomo,1,0,93,464,332,17,2,58,9,34,0,0,0.05,0,1,156,2,2.03
46,Nova,ai,22,Wed,1,14,filler,1,0,70,463,335,12,2,78,5,30,0,0,0.01,0,2,157,0,2.03
46,Nova,ai,22,Wed,1,15,hook,2,0,78,486,348,8,0,0,4,37,0,0,0.02,0,2,160,0,2.03
46,Nova,ai,22,Wed,1,16,hook,2,0,88,503,363,22,1,29,15,44,0,0,0.01,1,2,156,0,2.03
46,Nova,ai,22,Wed,1,17,build,2,0,77,516,371,19,1,29,11,51,0,0,0.21,0,2,156,0,2.03
46,Nova,ai,22,Wed,1,18,build,2,0,76,526,391,30,3,87,6,53,0,1,0.21,0,2,158,0,2.03
46,Nova,ai,22,Wed,1,19,demo,2,0,84,542,398,37,7,203,14,66,0,1,0.51,0,2,158,0,2.03
46,Nova,ai,22,Wed,1,20,demo,2,0,79,569,414,31,3,107,11,60,0,0,0.82,0,3,158,0,2.03
46,Nova,ai,22,Wed,1,21,demo,2,0,74,571,409,38,2,78,11,54,0,1,0.6,0,2,161,0,2.03
46,Nova,ai,22,Wed,1,22,demo,2,0,91,600,429,33,1,29,8,48,0,1,0.48,0,3,161,0,2.03
46,Nova,ai,22,Wed,1,23,price,2,0,86,630,445,36,1,29,14,57,0,0,0.13,1,1,159,0,2.03
46,Nova,ai,22,Wed,1,24,cta,2,0,95,644,463,44,4,116,6,63,0,1,0.03,0,1,159,0,2.03
46,Nova,ai,22,Wed,1,25,cta,2,0,78,627,449,45,11,359,15,69,0,1,0.05,1,3,155,0,2.03
46,Nova,ai,22,Wed,1,26,fomo,2,0,83,652,481,23,2,58,20,58,0,0,0,0,3,157,1,2.03
46,Nova,ai,22,Wed,1,27,fomo,2,0,94,689,496,25,2,58,13,69,0,0,0.07,0,2,159,2,2.03
46,Nova,ai,22,Wed,1,28,filler,2,0,73,641,463,6,0,0,6,56,0,0,0.02,0,2,155,0,2.03
46,Nova,ai,22,Wed,1,29,hook,3,0,90,642,449,14,0,0,10,52,0,1,0.12,0,2,160,0,2.03
46,Nova,ai,22,Wed,1,30,build,3,0,84,639,469,26,2,58,8,64,0,1,0.28,0,2,156,0,2.03
46,Nova,ai,22,Wed,1,31,build,3,0,89,661,472,33,4,136,7,64,0,1,0.39,0,3,160,0,2.03
46,Nova,ai,22,Wed,1,32,build,3,0,64,625,452,25,0,0,12,50,0,1,0.18,0,1,160,0,2.03
46,Nova,ai,22,Wed,1,33,build,3,0,90,638,466,27,4,156,17,60,0,1,0.34,0,2,158,0,2.03
46,Nova,ai,22,Wed,1,34,demo,3,0,80,647,482,44,5,165,11,50,0,1,0.52,0,2,155,0,2.03
46,Nova,ai,22,Wed,1,35,demo,3,0,98,679,498,45,6,194,11,47,0,0,0.59,0,2,161,0,2.03
46,Nova,ai,22,Wed,1,36,demo,3,0,71,675,487,40,2,58,8,60,0,1,0.59,0,1,156,0,2.03
46,Nova,ai,22,Wed,1,37,demo,3,0,73,689,502,52,2,78,5,50,0,1,0.57,0,3,158,0,2.03
46,Nova,ai,22,Wed,1,38,price,3,0,80,666,503,36,8,272,10,60,0,1,0.05,1,2,155,0,2.03
46,Nova,ai,22,Wed,1,39,cta,3,0,87,678,514,46,6,174,13,38,0,0,0.03,1,3,155,0,2.03
46,Nova,ai,22,Wed,1,40,fomo,3,0,77,693,501,22,1,29,13,68,0,1,0.12,0,1,157,1,2.03
46,Nova,ai,22,Wed,1,41,fomo,3,0,74,700,476,35,6,194,12,60,0,0,0.13,0,2,155,2,2.03
46,Nova,ai,22,Wed,1,42,filler,3,0,70,644,447,9,1,49,7,62,0,0,0.05,0,2,158,0,2.03
46,Nova,ai,22,Wed,1,43,filler,3,0,82,602,426,12,0,0,14,36,0,0,0.07,0,3,156,0,2.03
46,Nova,ai,22,Wed,1,44,hook,4,0,66,612,449,4,0,0,13,48,0,0,0.02,0,3,158,0,2.03
46,Nova,ai,22,Wed,1,45,build,4,0,76,604,426,31,1,29,8,56,0,1,0.2,1,3,161,0,2.03
46,Nova,ai,22,Wed,1,46,build,4,0,78,608,432,20,4,116,6,64,0,0,0.36,0,2,158,0,2.03
46,Nova,ai,22,Wed,1,47,build,4,0,74,594,424,15,2,98,13,48,0,0,0.39,0,3,155,0,2.03
46,Nova,ai,22,Wed,1,48,demo,4,0,67,612,440,45,9,301,9,61,0,1,0.67,0,3,159,0,2.03
46,Nova,ai,22,Wed,1,49,demo,4,0,78,635,468,41,1,29,10,40,0,1,0.51,0,3,157,0,2.03
46,Nova,ai,22,Wed,1,50,demo,4,0,70,632,447,31,2,58,11,52,0,0,0.84,0,3,160,0,2.03
46,Nova,ai,22,Wed,1,51,price,4,0,68,634,475,35,7,243,12,47,0,1,0.1,1,2,157,0,2.03
46,Nova,ai,22,Wed,1,52,cta,4,0,84,649,463,35,6,214,12,47,0,0,0.09,1,2,161,0,2.03
46,Nova,ai,22,Wed,1,53,cta,4,0,71,633,454,43,10,330,6,49,0,0,0.05,1,3,158,0,2.03
46,Nova,ai,22,Wed,1,54,fomo,4,0,73,630,451,27,2,78,13,53,0,0,0.09,0,2,158,1,2.03
46,Nova,ai,22,Wed,1,55,fomo,4,0,62,621,456,22,4,116,8,58,0,0,0.01,0,2,158,2,2.03
46,Nova,ai,22,Wed,1,56,filler,4,0,59,580,400,14,1,29,8,52,0,0,0.04,0,2,159,0,2.03
46,Nova,ai,22,Wed,1,57,hook,5,0,72,582,407,20,0,0,11,61,0,0,0.02,0,2,156,0,2.03
46,Nova,ai,22,Wed,1,58,hook,5,0,61,572,412,11,1,29,11,44,0,0,0,1,3,156,0,2.03
46,Nova,ai,22,Wed,1,59,build,5,0,58,556,401,18,1,29,9,60,0,1,0.36,0,1,156,0,2.03
46,Nova,ai,22,Wed,1,60,build,5,0,63,532,373,23,1,29,6,52,0,1,0.19,0,2,160,0,2.03
46,Nova,ai,22,Wed,1,61,build,5,0,74,538,395,21,3,107,12,47,0,1,0.39,0,2,157,0,2.03
46,Nova,ai,22,Wed,1,62,demo,5,0,60,537,409,40,4,116,15,54,0,1,0.77,0,2,160,0,2.03
46,Nova,ai,22,Wed,1,63,demo,5,0,80,548,391,44,9,301,16,46,0,1,0.7,0,1,158,0,2.03
46,Nova,ai,22,Wed,1,64,demo,5,0,73,555,378,44,6,214,13,54,0,1,0.79,0,2,159,0,2.03
46,Nova,ai,22,Wed,1,65,demo,5,0,77,573,404,39,3,87,7,59,0,1,0.81,0,2,158,0,2.03
46,Nova,ai,22,Wed,1,66,price,5,0,73,593,428,36,4,136,10,63,0,0,0.04,1,2,156,0,2.03
46,Nova,ai,22,Wed,1,67,cta,5,0,69,578,397,38,7,203,8,67,0,1,0.08,1,2,156,0,2.03
46,Nova,ai,22,Wed,1,68,cta,5,0,76,569,415,29,8,272,13,53,0,0,0.06,1,1,157,0,2.03
46,Nova,ai,22,Wed,1,69,fomo,5,0,71,588,426,25,3,107,17,58,0,0,0.07,0,3,155,1,2.03
46,Nova,ai,22,Wed,1,70,fomo,5,0,72,609,444,21,6,234,9,50,0,0,0.02,0,2,156,2,2.03
46,Nova,ai,22,Wed,1,71,filler,5,0,67,545,394,10,0,0,5,45,0,0,0.12,0,3,156,0,2.03
46,Nova,ai,22,Wed,1,72,hook,6,0,64,537,391,13,1,29,7,62,0,0,0.1,0,3,157,0,2.03
46,Nova,ai,22,Wed,1,73,build,6,0,70,531,396,27,3,107,6,40,0,0,0.25,0,2,159,0,2.03
46,Nova,ai,22,Wed,1,74,build,6,0,88,552,393,18,2,78,9,64,0,0,0.2,0,2,159,0,2.03
46,Nova,ai,22,Wed,1,75,build,6,0,50,535,398,31,1,29,12,48,0,1,0.2,1,2,158,0,2.03
46,Nova,ai,22,Wed,1,76,demo,6,0,65,535,383,16,0,0,11,38,0,0,0.55,0,2,158,0,2.03
46,Nova,ai,22,Wed,1,77,demo,6,0,65,538,397,34,2,78,18,51,0,1,0.51,0,2,156,0,2.03
46,Nova,ai,22,Wed,1,78,price,6,0,81,564,391,36,7,263,9,47,0,1,0.06,1,2,156,0,2.03
46,Nova,ai,22,Wed,1,79,cta,6,0,68,546,397,39,4,116,6,52,0,0,0.11,0,1,158,0,2.03
46,Nova,ai,22,Wed,1,80,cta,6,0,62,517,374,39,7,263,12,35,0,1,0.15,1,2,157,0,2.03
46,Nova,ai,22,Wed,1,81,fomo,6,0,51,515,348,17,2,78,9,48,0,0,0.04,0,3,158,1,2.03
46,Nova,ai,22,Wed,1,82,fomo,6,0,74,531,375,15,4,136,8,52,0,0,0.08,0,1,160,2,2.03
46,Nova,ai,22,Wed,1,83,filler,6,0,53,489,333,8,2,58,8,38,0,0,0.05,0,2,158,0,2.03
46,Nova,ai,22,Wed,1,84,filler,6,0,73,461,328,8,1,29,4,35,0,0,0.11,0,2,155,0,2.03
46,Nova,ai,22,Wed,1,85,hook,7,0,73,485,341,14,0,0,7,41,0,0,0.04,0,1,160,0,2.03
46,Nova,ai,22,Wed,1,86,build,7,0,60,467,326,20,1,29,5,34,0,1,0.26,0,3,159,0,2.03
46,Nova,ai,22,Wed,1,87,build,7,0,57,447,324,21,3,87,9,53,0,1,0.35,0,2,156,0,2.03
46,Nova,ai,22,Wed,1,88,demo,7,0,56,437,309,37,6,174,11,42,0,1,0.72,1,2,161,0,2.03
46,Nova,ai,22,Wed,1,89,demo,7,0,79,464,333,37,4,156,11,38,0,0,0.8,0,2,160,0,2.03
46,Nova,ai,22,Wed,1,90,price,7,0,76,488,338,26,0,0,11,46,0,1,0.06,1,3,157,0,2.03
46,Nova,ai,22,Wed,1,91,cta,7,0,65,482,340,38,4,136,9,39,0,1,0.03,1,2,160,0,2.03
46,Nova,ai,22,Wed,1,92,fomo,7,0,58,488,353,17,4,136,8,44,0,0,0.05,0,2,159,1,2.03
46,Nova,ai,22,Wed,1,93,fomo,7,0,68,508,351,22,4,156,8,47,0,0,0.1,0,2,158,2,2.03
46,Nova,ai,22,Wed,1,94,filler,7,0,74,485,360,10,0,0,4,47,0,0,0.09,0,1,157,0,2.03
46,Nova,ai,22,Wed,1,95,hook,8,0,60,495,344,15,2,78,7,38,0,0,0.08,0,2,161,0,2.03
46,Nova,ai,22,Wed,1,96,build,8,0,55,482,332,14,1,29,15,50,0,1,0.39,0,3,156,0,2.03
46,Nova,ai,22,Wed,1,97,build,8,0,67,476,336,19,3,87,15,35,0,1,0.27,0,1,160,0,2.03
46,Nova,ai,22,Wed,1,98,build,8,0,60,474,339,22,2,58,12,41,0,1,0.37,0,2,157,0,2.03
46,Nova,ai,22,Wed,1,99,build,8,0,65,472,341,20,4,116,6,40,0,0,0.3,0,2,160,0,2.03
46,Nova,ai,22,Wed,1,100,demo,8,0,80,491,345,22,5,165,9,36,0,1,0.5,0,2,155,0,2.03
46,Nova,ai,22,Wed,1,101,demo,8,0,76,498,360,28,2,78,8,44,0,1,0.82,1,3,161,0,2.03
46,Nova,ai,22,Wed,1,102,demo,8,0,57,486,350,27,2,58,10,69,0,1,0.72,0,1,156,0,2.03
46,Nova,ai,22,Wed,1,103,price,8,0,77,510,356,12,2,58,7,52,0,0,0.02,1,3,157,0,2.03
46,Nova,ai,22,Wed,1,104,cta,8,0,56,487,340,37,8,252,7,36,0,1,0.07,1,2,157,0,2.03
46,Nova,ai,22,Wed,1,105,cta,8,0,58,472,347,25,4,136,4,43,0,0,0.13,0,1,158,0,2.03
46,Nova,ai,22,Wed,1,106,fomo,8,0,56,470,337,23,2,78,13,42,0,0,0.11,1,2,161,1,2.03
46,Nova,ai,22,Wed,1,107,fomo,8,0,61,466,339,24,7,203,5,39,0,0,0.08,0,3,160,2,2.03
46,Nova,ai,22,Wed,1,108,filler,8,0,73,442,307,6,1,29,3,44,0,0,0.03,0,2,159,0,2.03
46,Nova,ai,22,Wed,1,109,hook,9,0,52,443,315,13,2,78,5,39,0,0,0.07,0,2,157,0,2.03
46,Nova,ai,22,Wed,1,110,hook,9,0,55,447,331,12,0,0,7,44,0,0,0.04,0,2,156,0,2.03
46,Nova,ai,22,Wed,1,111,build,9,0,53,437,330,17,4,116,9,39,0,0,0.38,0,2,155,0,2.03
46,Nova,ai,22,Wed,1,112,build,9,0,82,450,309,16,2,58,8,31,0,0,0.22,0,2,156,0,2.03
46,Nova,ai,22,Wed,1,113,build,9,0,65,439,322,14,1,29,9,35,0,0,0.24,0,1,158,0,2.03
46,Nova,ai,22,Wed,1,114,demo,9,0,57,448,310,21,2,58,10,29,0,1,0.8,0,2,158,0,2.03
46,Nova,ai,22,Wed,1,115,demo,9,0,55,448,343,36,9,301,5,35,0,1,0.67,0,2,159,0,2.03
46,Nova,ai,22,Wed,1,116,demo,9,0,58,454,332,25,3,87,6,36,0,1,0.66,0,2,160,0,2.03
46,Nova,ai,22,Wed,1,117,price,9,0,65,441,301,27,2,78,9,51,0,0,0.12,1,1,158,0,2.03
46,Nova,ai,22,Wed,1,118,cta,9,0,69,442,325,29,4,156,5,43,0,1,0.12,1,2,160,0,2.03
46,Nova,ai,22,Wed,1,119,fomo,9,0,62,462,328,17,4,156,9,42,0,0,0.02,0,3,158,1,2.03
46,Nova,ai,22,Wed,1,120,fomo,9,0,61,470,330,29,4,156,12,45,0,0,0.12,0,2,158,2,2.03
47,Kai,ai,12,Fri,1,1,hook,1,1,44,44,30,1,0,0,3,9,0,1,0.11,0,2,160,0,1
47,Kai,ai,12,Fri,1,2,hook,1,1,52,94,66,1,0,0,6,27,0,0,0.11,0,2,157,0,1
47,Kai,ai,12,Fri,1,3,hook,1,1,37,113,75,4,0,0,3,27,0,0,0.04,0,3,158,0,1
47,Kai,ai,12,Fri,1,4,hook,1,1,49,143,106,3,0,0,12,29,0,0,0.08,0,1,156,0,1
47,Kai,ai,12,Fri,1,5,hook,1,1,51,175,123,4,0,0,6,47,0,0,0.13,0,3,160,0,1
47,Kai,ai,12,Fri,1,6,hook,1,1,59,214,151,8,0,0,7,57,0,1,0.12,0,3,156,0,1
47,Kai,ai,12,Fri,1,7,demo,1,0,30,224,155,16,1,29,4,23,0,1,0.49,0,2,156,0,1
47,Kai,ai,12,Fri,1,8,price,1,0,30,234,165,12,3,87,7,19,0,0,0.05,1,3,160,0,1
47,Kai,ai,12,Fri,1,9,cta,1,0,40,246,171,24,2,78,6,22,0,1,0.08,1,1,160,0,1
47,Kai,ai,12,Fri,1,10,fomo,1,0,41,262,189,8,0,0,5,22,0,0,0.02,0,1,155,1,1
47,Kai,ai,12,Fri,1,11,fomo,1,0,81,317,226,11,2,78,5,33,0,0,0.11,0,1,161,2,1.9
47,Kai,ai,12,Fri,1,12,fomo,1,0,64,359,271,11,1,29,4,27,0,0,0.01,0,2,158,3,1.9
47,Kai,ai,12,Fri,1,13,filler,1,0,67,366,264,10,0,0,6,28,0,1,0.09,0,2,155,0,1.9
47,Kai,ai,12,Fri,1,14,hook,2,0,67,386,281,17,0,0,9,39,0,1,0.14,0,1,157,0,1.9
47,Kai,ai,12,Fri,1,15,hook,2,0,68,409,291,7,0,0,5,39,0,0,0.13,0,2,157,0,1.9
47,Kai,ai,12,Fri,1,16,build,2,0,58,423,296,21,3,87,7,27,0,1,0.36,0,3,158,0,1.9
47,Kai,ai,12,Fri,1,17,build,2,0,56,423,310,15,1,29,5,32,0,0,0.24,0,1,158,0,1.9
47,Kai,ai,12,Fri,1,18,build,2,0,70,440,317,21,3,87,9,60,0,1,0.4,0,3,158,0,1.9
47,Kai,ai,12,Fri,1,19,demo,2,0,82,479,343,30,4,176,4,50,0,1,0.78,0,3,157,0,1.9
47,Kai,ai,12,Fri,1,20,demo,2,0,62,496,371,28,1,29,9,46,0,1,0.63,0,1,159,0,1.9
47,Kai,ai,12,Fri,1,21,demo,2,0,70,517,378,57,3,107,8,46,0,1,0.7,1,1,156,0,1.9
47,Kai,ai,12,Fri,1,22,price,2,0,55,507,348,18,2,78,12,45,0,0,0.1,0,1,157,0,1.9
47,Kai,ai,12,Fri,1,23,cta,2,0,67,505,357,32,5,165,9,50,0,0,0.09,1,3,160,0,1.9
47,Kai,ai,12,Fri,1,24,fomo,2,0,62,528,373,22,6,214,13,36,0,0,0.12,0,3,160,1,1.9
47,Kai,ai,12,Fri,1,25,fomo,2,0,61,541,418,29,5,165,9,52,0,1,0.09,0,3,157,2,1.9
47,Kai,ai,12,Fri,1,26,fomo,2,0,66,549,407,32,1,29,9,39,0,0,0.13,0,2,157,3,1.9
47,Kai,ai,12,Fri,1,27,filler,2,0,60,526,371,2,0,0,6,38,0,0,0.01,0,3,156,0,1.9
47,Kai,ai,12,Fri,1,28,filler,2,0,61,499,358,5,0,0,7,40,0,0,0.07,0,3,161,0,1.9
47,Kai,ai,12,Fri,1,29,hook,3,0,54,495,352,14,0,0,4,51,0,1,0.15,0,1,158,0,1.9
47,Kai,ai,12,Fri,1,30,hook,3,0,51,474,324,11,1,29,8,57,0,1,0.09,0,1,161,0,1.9
47,Kai,ai,12,Fri,1,31,build,3,0,44,461,352,29,3,107,6,35,0,1,0.29,0,3,159,0,1.9
47,Kai,ai,12,Fri,1,32,build,3,0,71,467,347,12,1,49,6,37,0,0,0.2,0,1,160,0,1.9
47,Kai,ai,12,Fri,1,33,demo,3,0,63,489,349,27,1,29,8,38,0,1,0.61,0,2,160,0,1.9
47,Kai,ai,12,Fri,1,34,demo,3,0,66,525,374,37,0,0,8,47,0,1,0.52,1,2,157,0,1.9
47,Kai,ai,12,Fri,1,35,price,3,0,63,531,372,22,3,127,5,42,0,0,0.03,1,2,157,0,1.9
47,Kai,ai,12,Fri,1,36,cta,3,0,63,528,392,34,7,223,11,52,0,0,0.13,0,2,159,0,1.9
47,Kai,ai,12,Fri,1,37,cta,3,0,51,506,376,37,4,116,9,39,0,1,0.14,1,2,155,0,1.9
47,Kai,ai,12,Fri,1,38,fomo,3,0,69,534,381,15,3,107,11,39,0,0,0.04,0,1,157,1,1.9
47,Kai,ai,12,Fri,1,39,fomo,3,0,61,539,386,28,7,223,10,43,0,1,0.01,0,1,160,2,1.9
47,Kai,ai,12,Fri,1,40,filler,3,0,62,499,366,9,3,87,3,38,0,0,0.1,0,3,159,0,1.9
47,Kai,ai,12,Fri,1,41,dead,3,0,69,437,300,2,0,0,3,44,0,0,0.11,0,1,157,0,1.9
47,Kai,ai,12,Fri,1,42,hook,4,0,60,441,320,12,2,58,7,34,0,0,0.09,0,2,155,0,1.9
47,Kai,ai,12,Fri,1,43,build,4,0,81,461,320,19,3,107,9,33,0,0,0.25,1,3,160,0,1.9
47,Kai,ai,12,Fri,1,44,build,4,0,66,469,335,29,3,147,9,57,0,1,0.26,0,1,160,0,1.9
47,Kai,ai,12,Fri,1,45,build,4,0,45,445,312,18,2,58,6,36,0,1,0.32,0,1,160,0,1.9
47,Kai,ai,12,Fri,1,46,demo,4,0,61,451,333,26,3,87,4,33,0,1,0.73,0,2,161,0,1.9
47,Kai,ai,12,Fri,1,47,demo,4,0,75,469,330,22,3,107,10,36,0,1,0.62,0,2,159,0,1.9
47,Kai,ai,12,Fri,1,48,demo,4,0,63,475,340,26,1,29,8,33,0,1,0.55,0,3,161,0,1.9
47,Kai,ai,12,Fri,1,49,price,4,0,66,496,372,21,5,165,11,38,0,0,0.13,0,2,157,0,1.9
47,Kai,ai,12,Fri,1,50,cta,4,0,61,491,360,28,6,194,5,48,0,1,0,1,1,156,0,1.9
47,Kai,ai,12,Fri,1,51,fomo,4,0,65,519,367,22,3,87,6,57,0,0,0,0,2,157,1,1.9
47,Kai,ai,12,Fri,1,52,fomo,4,0,53,510,368,18,1,29,7,47,0,0,0.09,1,1,161,2,1.9
47,Kai,ai,12,Fri,1,53,filler,4,0,60,479,348,12,0,0,3,43,0,1,0.12,1,1,156,0,1.9
47,Kai,ai,12,Fri,1,54,filler,4,0,68,463,345,9,0,0,5,47,0,0,0.11,1,2,160,0,1.9
47,Kai,ai,12,Fri,1,55,dead,4,0,55,413,303,5,0,0,2,38,0,0,0.14,1,2,160,0,1.9
47,Kai,ai,12,Fri,1,56,hook,5,0,67,416,312,7,0,0,10,38,0,0,0.05,0,2,160,0,1.9
47,Kai,ai,12,Fri,1,57,hook,5,0,66,438,303,13,0,0,14,30,0,0,0.13,0,2,158,0,1.9
47,Kai,ai,12,Fri,1,58,build,5,0,54,437,312,9,1,49,7,41,0,0,0.27,0,2,157,0,1.9
47,Kai,ai,12,Fri,1,59,build,5,0,59,440,317,16,1,29,11,47,0,1,0.34,0,3,161,0,1.9
47,Kai,ai,12,Fri,1,60,demo,5,0,59,448,333,36,4,116,1,40,0,1,0.82,0,2,160,0,1.9
47,Kai,ai,12,Fri,1,61,demo,5,0,57,457,338,34,2,78,3,43,0,1,0.77,0,1,156,0,1.9
47,Kai,ai,12,Fri,1,62,demo,5,0,70,482,350,32,6,214,19,38,0,1,0.45,0,3,159,0,1.9
47,Kai,ai,12,Fri,1,63,demo,5,0,61,475,347,33,4,116,14,50,0,1,0.56,0,2,156,0,1.9
47,Kai,ai,12,Fri,1,64,price,5,0,64,488,346,32,6,194,5,30,0,1,0.05,1,2,160,0,1.9
47,Kai,ai,12,Fri,1,65,cta,5,0,51,475,328,26,5,185,11,46,0,1,0.1,0,3,159,0,1.9
47,Kai,ai,12,Fri,1,66,fomo,5,0,52,475,350,34,5,185,10,38,0,1,0.01,0,1,159,1,1.9
47,Kai,ai,12,Fri,1,67,fomo,5,0,50,486,330,14,0,0,16,39,0,0,0.04,0,2,156,2,1.9
47,Kai,ai,12,Fri,1,68,filler,5,0,60,454,329,10,0,0,5,31,0,0,0.03,1,2,157,0,1.9
47,Kai,ai,12,Fri,1,69,filler,5,0,64,428,303,8,0,0,3,41,0,0,0.08,0,1,158,0,1.9
47,Kai,ai,12,Fri,1,70,hook,6,0,63,433,313,13,0,0,8,24,0,0,0.02,0,2,159,0,1.9
47,Kai,ai,12,Fri,1,71,hook,6,0,58,434,315,13,2,78,5,43,0,0,0.05,0,1,157,0,1.9
47,Kai,ai,12,Fri,1,72,build,6,0,40,406,283,20,3,107,6,26,0,1,0.24,0,2,157,0,1.9
47,Kai,ai,12,Fri,1,73,build,6,0,58,400,284,20,3,87,2,34,0,1,0.33,0,1,158,0,1.9
47,Kai,ai,12,Fri,1,74,demo,6,0,57,406,298,19,1,29,7,30,0,1,0.48,1,3,159,0,1.9
47,Kai,ai,12,Fri,1,75,demo,6,0,60,417,290,26,2,58,5,36,0,1,0.48,0,2,156,0,1.9
47,Kai,ai,12,Fri,1,76,demo,6,0,58,424,297,36,2,78,11,42,0,1,0.8,0,1,158,0,1.9
47,Kai,ai,12,Fri,1,77,price,6,0,50,421,306,24,2,78,5,34,0,0,0.14,1,1,156,0,1.9
47,Kai,ai,12,Fri,1,78,cta,6,0,63,418,298,34,4,156,6,32,0,1,0.14,1,1,160,0,1.9
47,Kai,ai,12,Fri,1,79,cta,6,0,48,400,291,36,2,78,7,34,0,1,0.14,1,3,158,0,1.9
47,Kai,ai,12,Fri,1,80,fomo,6,0,54,419,308,16,0,0,4,44,0,0,0.04,0,1,160,1,1.9
47,Kai,ai,12,Fri,1,81,fomo,6,0,44,425,315,21,6,174,21,40,0,0,0.07,0,1,158,2,1.9
47,Kai,ai,12,Fri,1,82,filler,6,0,59,405,296,9,1,29,6,30,0,0,0.02,0,3,160,0,1.9
47,Kai,ai,12,Fri,1,83,filler,6,0,47,377,253,12,1,29,3,30,0,0,0.08,0,2,159,0,1.9
47,Kai,ai,12,Fri,1,84,dead,6,0,56,331,231,5,0,0,4,26,0,0,0.09,0,3,155,0,1.9
47,Kai,ai,12,Fri,1,85,hook,7,0,57,349,254,11,0,0,3,35,0,0,0.01,1,1,159,0,1.9
47,Kai,ai,12,Fri,1,86,build,7,0,52,354,249,16,1,29,8,34,0,1,0.32,0,2,157,0,1.9
47,Kai,ai,12,Fri,1,87,build,7,0,58,371,268,12,1,29,7,28,0,0,0.17,0,2,158,0,1.9
47,Kai,ai,12,Fri,1,88,build,7,0,53,364,265,8,1,29,6,34,0,0,0.19,0,2,158,0,1.9
47,Kai,ai,12,Fri,1,89,demo,7,0,54,366,257,24,3,127,9,34,0,1,0.81,0,2,158,0,1.9
47,Kai,ai,12,Fri,1,90,demo,7,0,58,382,285,26,4,156,7,37,0,1,0.66,0,1,159,0,1.9
47,Kai,ai,12,Fri,1,91,demo,7,0,60,415,295,22,1,29,5,36,0,1,0.54,0,2,156,0,1.9
47,Kai,ai,12,Fri,1,92,demo,7,0,59,434,321,42,1,29,5,51,0,1,0.73,0,2,161,0,1.9
47,Kai,ai,12,Fri,1,93,price,7,0,63,423,307,38,2,98,6,34,0,1,0.06,1,3,159,0,1.9
47,Kai,ai,12,Fri,1,94,cta,7,0,50,405,289,17,3,107,11,40,0,0,0.03,1,3,159,0,1.9
47,Kai,ai,12,Fri,1,95,fomo,7,0,54,413,292,13,0,0,7,35,0,0,0.05,0,2,157,1,1.9
47,Kai,ai,12,Fri,1,96,filler,7,0,45,373,264,8,1,49,3,29,0,0,0.04,0,2,157,0,1.9
47,Kai,ai,12,Fri,1,97,hook,8,0,58,386,281,9,0,0,8,26,0,0,0.02,0,1,155,0,1.9
47,Kai,ai,12,Fri,1,98,build,8,0,42,364,265,13,2,78,2,44,0,1,0.27,0,3,159,0,1.9
47,Kai,ai,12,Fri,1,99,build,8,0,57,371,275,18,0,0,6,38,0,0,0.38,0,1,160,0,1.9
47,Kai,ai,12,Fri,1,100,demo,8,0,63,386,266,25,4,136,3,34,0,1,0.75,0,2,159,0,1.9
47,Kai,ai,12,Fri,1,101,demo,8,0,42,384,260,27,2,58,12,33,0,1,0.54,0,2,158,0,1.9
47,Kai,ai,12,Fri,1,102,demo,8,0,45,381,279,27,3,107,8,34,0,1,0.57,0,3,158,0,1.9
47,Kai,ai,12,Fri,1,103,price,8,0,66,394,286,20,2,58,5,25,0,1,0.09,0,2,161,0,1.9
47,Kai,ai,12,Fri,1,104,cta,8,0,45,388,283,21,5,145,12,43,0,0,0.07,1,2,160,0,1.9
47,Kai,ai,12,Fri,1,105,cta,8,0,62,390,285,23,2,58,8,31,0,1,0.06,0,2,155,0,1.9
47,Kai,ai,12,Fri,1,106,fomo,8,0,51,397,287,25,1,29,5,43,0,0,0.11,0,1,158,1,1.9
47,Kai,ai,12,Fri,1,107,fomo,8,0,47,419,309,24,4,136,9,39,0,0,0.06,0,3,159,2,1.9
47,Kai,ai,12,Fri,1,108,filler,8,0,63,391,290,12,1,29,4,40,0,0,0.01,0,2,157,0,1.9
47,Kai,ai,12,Fri,1,109,filler,8,0,59,360,276,5,2,78,3,41,0,0,0.07,0,1,159,0,1.9
47,Kai,ai,12,Fri,1,110,hook,9,0,48,361,278,9,0,0,5,30,0,0,0.04,1,3,157,0,1.9
47,Kai,ai,12,Fri,1,111,hook,9,0,48,363,255,6,0,0,2,36,0,0,0.05,0,1,158,0,1.9
47,Kai,ai,12,Fri,1,112,build,9,0,51,350,225,11,1,29,6,31,0,0,0.3,0,3,157,0,1.9
47,Kai,ai,12,Fri,1,113,build,9,0,60,350,251,13,1,49,6,31,0,0,0.38,0,2,161,0,1.9
47,Kai,ai,12,Fri,1,114,build,9,0,49,334,238,16,1,49,7,30,0,1,0.29,1,3,157,0,1.9
47,Kai,ai,12,Fri,1,115,demo,9,0,57,347,252,21,3,107,6,36,0,1,0.76,0,1,160,0,1.9
47,Kai,ai,12,Fri,1,116,demo,9,0,49,361,260,26,2,78,9,37,0,0,0.52,0,2,159,0,1.9
47,Kai,ai,12,Fri,1,117,price,9,0,62,377,267,16,1,29,2,35,0,0,0.08,1,3,157,0,1.9
47,Kai,ai,12,Fri,1,118,cta,9,0,60,384,274,19,3,87,5,32,0,0,0.11,1,2,156,0,1.9
47,Kai,ai,12,Fri,1,119,cta,9,0,57,372,275,19,3,107,4,37,0,0,0.11,0,3,159,0,1.9
47,Kai,ai,12,Fri,1,120,fomo,9,0,52,391,265,14,3,127,9,26,0,1,0.01,0,3,159,1,1.9
48,Kai,ai,16,Tue,1,1,hook,1,1,42,42,28,1,0,0,2,13,0,0,0.07,0,1,156,0,1
48,Kai,ai,16,Tue,1,2,hook,1,1,41,81,61,2,0,0,2,19,0,0,0.13,0,1,159,0,1
48,Kai,ai,16,Tue,1,3,hook,1,1,36,104,73,5,0,0,8,29,0,0,0.01,0,2,156,0,1
48,Kai,ai,16,Tue,1,4,hook,1,1,43,133,95,6,1,49,9,37,0,0,0.05,0,3,157,0,1
48,Kai,ai,16,Tue,1,5,hook,1,1,42,156,106,5,0,0,8,34,0,0,0.01,0,1,160,0,1
48,Kai,ai,16,Tue,1,6,hook,1,1,47,189,139,2,0,0,8,36,0,0,0.11,0,2,160,0,1
48,Kai,ai,16,Tue,1,7,demo,1,0,34,207,146,8,2,58,5,14,0,0,0.84,0,2,155,0,1
48,Kai,ai,16,Tue,1,8,price,1,0,23,209,138,6,0,0,3,23,0,1,0.03,1,2,157,0,1
48,Kai,ai,16,Tue,1,9,cta,1,0,40,211,138,12,2,58,1,19,0,0,0.12,1,1,157,0,1
48,Kai,ai,16,Tue,1,10,cta,1,0,39,217,170,15,3,87,8,17,0,0,0.03,1,2,157,0,1
48,Kai,ai,16,Tue,1,11,fomo,1,0,60,253,187,12,1,29,4,16,0,0,0.01,0,2,160,1,1.85
48,Kai,ai,16,Tue,1,12,fomo,1,0,75,306,221,13,4,156,9,26,0,0,0.14,0,2,160,2,1.85
48,Kai,ai,16,Tue,1,13,filler,1,0,70,324,233,8,1,29,3,28,0,0,0.12,0,1,157,0,1.85
48,Kai,ai,16,Tue,1,14,hook,2,0,56,338,249,7,0,0,6,23,0,0,0.14,0,2,158,0,1.85
48,Kai,ai,16,Tue,1,15,build,2,0,63,362,270,15,2,58,5,32,0,1,0.37,0,2,156,0,1.85
48,Kai,ai,16,Tue,1,16,build,2,0,68,397,291,14,1,29,5,41,0,0,0.39,0,3,156,0,1.85
48,Kai,ai,16,Tue,1,17,build,2,0,50,398,294,14,1,49,5,45,0,0,0.35,0,2,156,0,1.85
48,Kai,ai,16,Tue,1,18,demo,2,0,75,428,323,38,0,0,10,32,0,1,0.61,1,1,157,0,1.85
48,Kai,ai,16,Tue,1,19,demo,2,0,73,454,317,29,1,29,8,33,0,1,0.75,0,1,156,0,1.85
48,Kai,ai,16,Tue,1,20,demo,2,0,50,444,319,43,7,223,8,40,0,1,0.76,1,2,155,0,1.85
48,Kai,ai,16,Tue,1,21,price,2,0,60,448,314,29,4,156,12,50,0,0,0.04,1,3,155,0,1.85
48,Kai,ai,16,Tue,1,22,cta,2,0,55,442,315,40,4,156,3,45,0,1,0.1,1,2,157,0,1.85
48,Kai,ai,16,Tue,1,23,cta,2,0,62,443,323,23,7,223,8,49,0,1,0.01,1,1,159,0,1.85
48,Kai,ai,16,Tue,1,24,fomo,2,0,65,465,345,21,1,29,14,45,0,0,0.12,0,1,157,1,1.85
48,Kai,ai,16,Tue,1,25,fomo,2,0,71,494,358,22,0,0,7,40,0,0,0.01,0,1,156,2,1.85
48,Kai,ai,16,Tue,1,26,filler,2,0,72,463,337,8,0,0,3,39,0,0,0.03,0,2,157,0,1.85
48,Kai,ai,16,Tue,1,27,filler,2,0,49,437,325,7,0,0,7,18,0,0,0.03,1,2,159,0,1.85
48,Kai,ai,16,Tue,1,28,hook,3,0,46,431,301,12,0,0,9,43,0,0,0.02,0,1,158,0,1.85
48,Kai,ai,16,Tue,1,29,build,3,0,65,437,321,21,0,0,9,39,0,0,0.38,1,2,155,0,1.85
48,Kai,ai,16,Tue,1,30,build,3,0,66,453,323,21,4,136,10,43,0,0,0.36,0,1,161,0,1.85
48,Kai,ai,16,Tue,1,31,demo,3,0,67,474,349,35,7,203,10,43,0,1,0.79,0,2,156,0,1.85
48,Kai,ai,16,Tue,1,32,demo,3,0,55,486,358,37,4,136,9,48,0,1,0.82,0,1,157,0,1.85
48,Kai,ai,16,Tue,1,33,demo,3,0,73,503,357,27,2,58,13,50,0,1,0.76,0,3,158,0,1.85
48,Kai,ai,16,Tue,1,34,demo,3,0,61,509,362,34,4,136,4,48,0,1,0.65,0,2,158,0,1.85
48,Kai,ai,16,Tue,1,35,price,3,0,54,508,355,18,0,0,9,47,0,0,0,1,2,160,0,1.85
48,Kai,ai,16,Tue,1,36,cta,3,0,65,490,353,37,3,107,10,44,0,1,0.05,1,2,155,0,1.85
48,Kai,ai,16,Tue,1,37,fomo,3,0,70,507,353,23,4,136,9,41,0,0,0.01,0,2,161,1,1.85
48,Kai,ai,16,Tue,1,38,fomo,3,0,53,513,365,17,1,29,8,47,0,1,0,0,2,158,2,1.85
48,Kai,ai,16,Tue,1,39,filler,3,0,74,503,367,6,1,29,5,43,0,1,0.14,0,2,159,0,1.85
48,Kai,ai,16,Tue,1,40,hook,4,0,65,510,367,14,0,0,10,54,0,0,0.04,0,1,155,0,1.85
48,Kai,ai,16,Tue,1,41,build,4,0,59,496,346,15,1,29,14,37,0,0,0.25,0,2,157,0,1.85
48,Kai,ai,16,Tue,1,42,build,4,0,56,491,368,27,1,29,8,39,0,1,0.17,0,2,156,0,1.85
48,Kai,ai,16,Tue,1,43,build,4,0,54,482,350,18,2,58,8,56,0,0,0.23,0,3,158,0,1.85
48,Kai,ai,16,Tue,1,44,demo,4,0,65,503,347,21,1,49,7,50,0,1,0.62,0,1,156,0,1.85
48,Kai,ai,16,Tue,1,45,demo,4,0,45,495,363,33,6,174,8,39,0,1,0.6,0,1,156,0,1.85
48,Kai,ai,16,Tue,1,46,demo,4,0,78,521,373,29,2,58,12,36,0,1,0.57,0,2,156,0,1.85
48,Kai,ai,16,Tue,1,47,price,4,0,65,528,370,25,2,78,9,48,0,0,0.12,1,2,160,0,1.85
48,Kai,ai,16,Tue,1,48,cta,4,0,53,519,374,22,4,136,6,51,0,0,0.08,1,2,157,0,1.85
48,Kai,ai,16,Tue,1,49,fomo,4,0,48,519,387,41,3,87,15,47,0,1,0,0,1,156,1,1.85
48,Kai,ai,16,Tue,1,50,fomo,4,0,69,540,393,27,2,58,14,52,0,1,0.15,0,2,157,2,1.85
48,Kai,ai,16,Tue,1,51,filler,4,0,61,496,361,9,0,0,9,42,0,0,0.11,0,2,158,0,1.85
48,Kai,ai,16,Tue,1,52,hook,5,0,70,511,361,10,0,0,11,41,0,0,0.05,0,2,161,0,1.85
48,Kai,ai,16,Tue,1,53,hook,5,0,58,502,371,7,0,0,11,42,0,0,0.07,0,3,160,0,1.85
48,Kai,ai,16,Tue,1,54,build,5,0,65,498,366,20,2,58,10,50,0,1,0.15,0,2,157,0,1.85
48,Kai,ai,16,Tue,1,55,build,5,0,40,468,338,15,3,107,10,37,0,1,0.21,0,2,159,0,1.85
48,Kai,ai,16,Tue,1,56,build,5,0,68,467,338,20,4,116,9,46,0,0,0.35,0,2,159,0,1.85
48,Kai,ai,16,Tue,1,57,demo,5,0,52,460,324,23,3,107,6,44,0,1,0.76,0,1,159,0,1.85
48,Kai,ai,16,Tue,1,58,demo,5,0,52,464,337,22,1,49,8,37,0,1,0.79,0,1,159,0,1.85
48,Kai,ai,16,Tue,1,59,demo,5,0,73,486,346,22,1,29,9,51,0,1,0.79,0,1,158,0,1.85
48,Kai,ai,16,Tue,1,60,demo,5,0,48,475,339,25,1,49,9,43,0,1,0.53,0,2,158,0,1.85
48,Kai,ai,16,Tue,1,61,price,5,0,59,485,362,26,5,165,13,39,0,0,0.08,0,1,160,0,1.85
48,Kai,ai,16,Tue,1,62,cta,5,0,55,469,340,47,4,116,11,43,0,1,0.01,1,2,156,0,1.85
48,Kai,ai,16,Tue,1,63,fomo,5,0,55,484,346,21,3,127,9,51,0,0,0.03,0,2,155,1,1.85
48,Kai,ai,16,Tue,1,64,fomo,5,0,58,493,362,27,0,0,15,52,0,0,0.03,0,2,156,2,1.85
48,Kai,ai,16,Tue,1,65,filler,5,0,43,443,317,2,0,0,3,40,0,0,0.15,0,2,156,0,1.85
48,Kai,ai,16,Tue,1,66,filler,5,0,64,430,316,10,1,29,5,42,0,0,0.09,0,3,157,0,1.85
48,Kai,ai,16,Tue,1,67,hook,6,0,65,429,313,8,0,0,8,44,0,0,0.1,0,2,158,0,1.85
48,Kai,ai,16,Tue,1,68,hook,6,0,48,411,298,5,0,0,6,24,0,0,0.03,0,1,160,0,1.85
48,Kai,ai,16,Tue,1,69,build,6,0,47,405,312,21,1,29,9,39,0,1,0.32,0,2,158,0,1.85
48,Kai,ai,16,Tue,1,70,build,6,0,59,416,287,19,1,29,3,41,0,1,0.33,0,3,160,0,1.85
48,Kai,ai,16,Tue,1,71,build,6,0,45,405,283,16,1,29,12,30,0,1,0.27,0,2,156,0,1.85
48,Kai,ai,16,Tue,1,72,demo,6,0,47,411,286,29,5,165,6,31,0,1,0.69,0,1,157,0,1.85
48,Kai,ai,16,Tue,1,73,demo,6,0,49,417,291,34,5,205,5,37,0,1,0.58,0,2,160,0,1.85
48,Kai,ai,16,Tue,1,74,demo,6,0,44,421,297,29,4,116,9,35,0,1,0.81,0,1,158,0,1.85
48,Kai,ai,16,Tue,1,75,demo,6,0,48,418,318,30,2,78,5,50,0,1,0.77,1,1,161,0,1.85
48,Kai,ai,16,Tue,1,76,price,6,0,45,413,287,24,3,87,8,51,0,1,0,0,1,160,0,1.85
48,Kai,ai,16,Tue,1,77,cta,6,0,48,406,284,28,2,78,8,37,0,1,0.11,1,2,158,0,1.85
48,Kai,ai,16,Tue,1,78,fomo,6,0,58,420,293,6,0,0,12,39,0,0,0.05,0,2,156,1,1.85
48,Kai,ai,16,Tue,1,79,fomo,6,0,58,429,304,25,5,145,13,30,0,0,0.12,0,1,156,2,1.85
48,Kai,ai,16,Tue,1,80,filler,6,0,41,396,275,10,2,58,5,42,0,0,0.1,1,1,159,0,1.85
48,Kai,ai,16,Tue,1,81,hook,7,0,65,393,265,9,0,0,7,28,0,1,0.04,0,3,159,0,1.85
48,Kai,ai,16,Tue,1,82,hook,7,0,50,401,277,11,0,0,7,35,0,0,0.06,0,1,159,0,1.85
48,Kai,ai,16,Tue,1,83,build,7,0,65,396,284,14,2,78,5,45,0,0,0.17,0,2,160,0,1.85
48,Kai,ai,16,Tue,1,84,build,7,0,58,404,305,15,2,58,6,33,0,1,0.34,0,3,159,0,1.85
48,Kai,ai,16,Tue,1,85,build,7,0,70,432,318,21,2,58,3,52,0,0,0.17,1,3,157,0,1.85
48,Kai,ai,16,Tue,1,86,demo,7,0,49,418,325,30,2,58,6,44,0,0,0.8,0,1,156,0,1.85
48,Kai,ai,16,Tue,1,87,demo,7,0,47,403,294,28,1,29,5,26,0,1,0.59,0,2,156,0,1.85
48,Kai,ai,16,Tue,1,88,demo,7,0,46,406,274,19,2,58,3,43,0,1,0.77,0,1,159,0,1.85
48,Kai,ai,16,Tue,1,89,price,7,0,50,405,296,20,4,136,9,33,0,0,0.13,1,1,159,0,1.85
48,Kai,ai,16,Tue,1,90,cta,7,0,58,404,287,27,2,58,7,36,0,0,0.14,0,2,160,0,1.85
48,Kai,ai,16,Tue,1,91,cta,7,0,45,377,271,30,4,116,6,50,0,0,0.12,1,1,159,0,1.85
48,Kai,ai,16,Tue,1,92,fomo,7,0,63,400,290,15,2,58,7,36,0,0,0.06,0,1,158,1,1.85
48,Kai,ai,16,Tue,1,93,filler,7,0,54,383,265,8,0,0,5,25,0,1,0.15,0,2,156,0,1.85
48,Kai,ai,16,Tue,1,94,filler,7,0,38,343,231,8,0,0,3,29,0,1,0.06,0,1,159,0,1.85
48,Kai,ai,16,Tue,1,95,hook,8,0,59,353,236,2,0,0,1,40,0,0,0.08,0,3,158,0,1.85
48,Kai,ai,16,Tue,1,96,hook,8,0,50,352,243,12,1,29,1,28,0,0,0.08,0,2,155,0,1.85
48,Kai,ai,16,Tue,1,97,build,8,0,53,360,269,12,0,0,0,41,0,1,0.17,0,1,156,0,1.85
48,Kai,ai,16,Tue,1,98,build,8,0,45,342,256,8,1,29,5,31,0,0,0.15,0,3,156,0,1.85
48,Kai,ai,16,Tue,1,99,demo,8,0,43,350,262,24,6,234,2,30,0,1,0.59,0,2,158,0,1.85
48,Kai,ai,16,Tue,1,100,demo,8,0,49,362,270,32,1,29,10,39,0,1,0.8,0,2,157,0,1.85
48,Kai,ai,16,Tue,1,101,demo,8,0,37,361,250,27,4,156,5,21,0,1,0.77,0,1,157,0,1.85
48,Kai,ai,16,Tue,1,102,price,8,0,63,373,272,33,1,29,8,32,0,1,0.09,1,2,159,0,1.85
48,Kai,ai,16,Tue,1,103,cta,8,0,57,370,265,24,4,136,6,20,0,0,0.1,0,1,160,0,1.85
48,Kai,ai,16,Tue,1,104,fomo,8,0,42,372,241,13,0,0,8,35,0,0,0.1,0,1,157,1,1.85
48,Kai,ai,16,Tue,1,105,fomo,8,0,52,375,284,23,4,116,6,55,0,0,0.02,0,3,157,2,1.85
48,Kai,ai,16,Tue,1,106,filler,8,0,52,340,264,8,0,0,4,28,0,0,0.06,0,2,160,0,1.85
48,Kai,ai,16,Tue,1,107,hook,9,0,42,339,257,10,1,29,8,28,0,0,0.1,0,2,158,0,1.85
48,Kai,ai,16,Tue,1,108,build,9,0,59,348,250,13,1,29,4,24,0,1,0.18,0,2,160,0,1.85
48,Kai,ai,16,Tue,1,109,build,9,0,49,334,241,19,2,58,4,32,0,1,0.23,0,2,156,0,1.85
48,Kai,ai,16,Tue,1,110,demo,9,0,46,332,232,20,1,29,6,32,0,1,0.69,1,1,157,0,1.85
48,Kai,ai,16,Tue,1,111,demo,9,0,38,324,234,20,0,0,5,35,0,1,0.45,0,2,156,0,1.85
48,Kai,ai,16,Tue,1,112,price,9,0,51,340,261,23,4,136,9,29,0,0,0.06,1,1,157,0,1.85
48,Kai,ai,16,Tue,1,113,cta,9,0,40,328,235,21,1,29,6,29,0,0,0.01,1,1,155,0,1.85
48,Kai,ai,16,Tue,1,114,fomo,9,0,62,354,249,17,4,136,3,24,0,0,0.04,0,3,156,1,1.85
48,Kai,ai,16,Tue,1,115,fomo,9,0,50,358,264,21,6,194,10,35,0,1,0.08,0,2,157,2,1.85
48,Kai,ai,16,Tue,1,116,fomo,9,0,43,366,270,16,1,49,9,35,0,0,0.14,0,1,160,3,1.85
48,Kai,ai,16,Tue,1,117,filler,9,0,41,316,232,8,0,0,3,25,0,0,0.04,0,2,157,0,1.85
48,Kai,ai,16,Tue,1,118,filler,9,0,38,299,216,5,0,0,1,32,0,0,0.12,0,3,159,0,1.85
48,Kai,ai,16,Tue,1,119,hook,10,0,50,305,221,4,0,0,7,32,0,0,0.02,0,1,160,0,1.85
48,Kai,ai,16,Tue,1,120,hook,10,0,54,315,243,11,0,0,5,31,0,0,0.04,0,2,157,0,1.85
49,Kai,ai,16,Tue,0,1,hook,1,0,30,30,18,1,1,29,1,2,0,0,0.11,0,2,156,0,1
49,Kai,ai,16,Tue,0,2,build,1,0,24,48,27,3,0,0,1,2,0,1,0.27,0,2,159,0,1
49,Kai,ai,16,Tue,0,3,build,1,0,23,64,43,5,1,49,2,4,0,0,0.21,1,2,159,0,1
49,Kai,ai,16,Tue,0,4,build,1,0,27,84,57,3,0,0,1,4,0,0,0.33,0,2,155,0,1
49,Kai,ai,16,Tue,0,5,build,1,0,38,110,78,4,1,29,1,13,0,1,0.31,0,1,159,0,1
49,Kai,ai,16,Tue,0,6,demo,1,0,34,138,89,8,0,0,2,10,0,1,0.58,0,2,159,0,1
49,Kai,ai,16,Tue,0,7,demo,1,0,26,156,107,8,0,0,1,21,0,0,0.49,0,3,161,0,1
49,Kai,ai,16,Tue,0,8,price,1,0,42,185,123,12,2,58,3,14,0,1,0.05,1,1,159,0,1
49,Kai,ai,16,Tue,0,9,cta,1,0,32,188,125,4,0,0,5,13,0,0,0.13,0,1,156,0,1
49,Kai,ai,16,Tue,0,10,cta,1,0,21,185,136,14,2,78,1,17,0,1,0,1,1,156,0,1
49,Kai,ai,16,Tue,0,11,fomo,1,0,36,205,148,8,0,0,3,14,0,0,0.11,0,1,156,1,1.15
49,Kai,ai,16,Tue,0,12,fomo,1,0,21,208,147,8,0,0,3,18,0,0,0.1,0,1,160,2,1.15
49,Kai,ai,16,Tue,0,13,filler,1,0,40,206,143,6,1,29,6,15,0,0,0.09,0,2,155,0,1.15
49,Kai,ai,16,Tue,0,14,hook,2,0,26,210,150,9,1,29,2,16,0,0,0,0,3,158,0,1.15
49,Kai,ai,16,Tue,0,15,build,2,0,35,222,159,8,0,0,2,29,0,1,0.39,0,2,158,0,1.15
49,Kai,ai,16,Tue,0,16,build,2,0,31,226,155,12,2,58,3,21,0,1,0.36,0,3,160,0,1.15
49,Kai,ai,16,Tue,0,17,demo,2,0,30,236,179,10,0,0,2,23,0,0,0.83,0,2,158,0,1.15
49,Kai,ai,16,Tue,0,18,demo,2,0,30,247,177,16,3,107,5,10,0,1,0.72,1,1,160,0,1.15
49,Kai,ai,16,Tue,0,19,demo,2,0,23,245,173,12,3,107,3,19,0,1,0.45,0,3,156,0,1.15
49,Kai,ai,16,Tue,0,20,demo,2,0,32,253,179,17,2,78,5,22,0,1,0.69,0,3,159,0,1.15
49,Kai,ai,16,Tue,0,21,price,2,0,38,257,183,20,3,107,6,29,0,1,0.05,1,3,160,0,1.15
49,Kai,ai,16,Tue,0,22,cta,2,0,39,252,179,12,3,107,5,30,0,0,0.09,1,1,161,0,1.15
49,Kai,ai,16,Tue,0,23,fomo,2,0,27,247,169,14,3,107,5,22,0,0,0.11,1,1,160,1,1.15
49,Kai,ai,16,Tue,0,24,fomo,2,0,36,259,181,18,1,29,3,30,0,1,0.05,0,1,161,2,1.15
49,Kai,ai,16,Tue,0,25,filler,2,0,29,228,157,1,0,0,4,15,0,0,0.07,0,1,158,0,1.15
49,Kai,ai,16,Tue,0,26,hook,3,0,28,236,170,5,0,0,2,21,0,0,0.13,0,1,158,0,1.15
49,Kai,ai,16,Tue,0,27,hook,3,0,41,253,175,2,0,0,4,17,0,0,0.09,0,2,160,0,1.15
49,Kai,ai,16,Tue,0,28,build,3,0,41,261,184,12,1,29,8,28,0,1,0.33,0,1,156,0,1.15
49,Kai,ai,16,Tue,0,29,build,3,0,32,260,186,12,2,58,2,24,0,1,0.3,0,1,157,0,1.15
49,Kai,ai,16,Tue,0,30,build,3,0,40,263,187,11,1,29,7,32,0,1,0.17,0,2,159,0,1.15
49,Kai,ai,16,Tue,0,31,demo,3,0,31,259,185,10,0,0,5,22,0,1,0.71,0,2,155,0,1.15
49,Kai,ai,16,Tue,0,32,demo,3,0,34,269,186,13,0,0,7,25,0,0,0.79,0,1,159,0,1.15
49,Kai,ai,16,Tue,0,33,demo,3,0,28,264,181,18,2,58,5,33,0,1,0.81,0,2,161,0,1.15
49,Kai,ai,16,Tue,0,34,price,3,0,31,264,188,14,2,58,2,13,0,0,0.04,1,1,155,0,1.15
49,Kai,ai,16,Tue,0,35,cta,3,0,28,265,185,24,6,174,7,30,0,1,0.03,1,2,160,0,1.15
49,Kai,ai,16,Tue,0,36,cta,3,0,39,268,197,14,4,116,5,27,0,0,0.15,1,3,161,0,1.15
49,Kai,ai,16,Tue,0,37,fomo,3,0,25,279,195,11,1,29,6,25,0,0,0.05,0,2,155,1,1.15
49,Kai,ai,16,Tue,0,38,fomo,3,0,36,289,205,16,3,107,8,27,0,0,0,0,3,156,2,1.15
49,Kai,ai,16,Tue,0,39,fomo,3,0,32,289,212,12,1,29,4,22,0,0,0.12,0,3,161,3,1.15
49,Kai,ai,16,Tue,0,40,filler,3,0,21,252,183,3,0,0,2,31,0,0,0.14,0,3,158,0,1.15
49,Kai,ai,16,Tue,0,41,hook,4,0,29,253,186,8,1,29,5,29,0,0,0.09,0,3,160,0,1.15
49,Kai,ai,16,Tue,0,42,build,4,0,42,260,183,12,1,29,3,18,0,1,0.16,0,2,157,0,1.15
49,Kai,ai,16,Tue,0,43,build,4,0,31,246,171,8,1,29,5,25,0,0,0.39,1,2,160,0,1.15
49,Kai,ai,16,Tue,0,44,demo,4,0,38,254,191,14,1,29,5,23,0,1,0.57,0,2,158,0,1.15
49,Kai,ai,16,Tue,0,45,demo,4,0,39,266,192,19,2,58,5,25,0,0,0.84,1,2,156,0,1.15
49,Kai,ai,16,Tue,0,46,price,4,0,30,279,201,18,2,58,3,24,0,1,0.09,1,2,161,0,1.15
49,Kai,ai,16,Tue,0,47,cta,4,0,37,271,203,18,2,58,2,33,0,0,0.01,0,2,160,0,1.15
49,Kai,ai,16,Tue,0,48,cta,4,0,31,269,200,22,2,58,3,17,0,1,0.04,0,1,155,0,1.15
49,Kai,ai,16,Tue,0,49,fomo,4,0,29,260,190,15,0,0,5,23,0,0,0.14,0,2,159,1,1.15
49,Kai,ai,16,Tue,0,50,fomo,4,0,34,270,201,14,5,165,3,30,0,0,0,0,3,158,2,1.15
49,Kai,ai,16,Tue,0,51,filler,4,0,37,249,177,8,0,0,5,28,0,0,0.01,0,1,159,0,1.15
49,Kai,ai,16,Tue,0,52,hook,5,0,25,233,159,3,0,0,5,15,0,0,0.13,1,2,157,0,1.15
49,Kai,ai,16,Tue,0,53,build,5,0,34,234,168,9,1,29,1,26,0,1,0.37,1,2,159,0,1.15
49,Kai,ai,16,Tue,0,54,build,5,0,27,230,178,9,0,0,5,16,0,1,0.21,0,2,155,0,1.15
49,Kai,ai,16,Tue,0,55,build,5,0,27,222,154,7,2,58,6,19,0,0,0.3,0,1,159,0,1.15
49,Kai,ai,16,Tue,0,56,demo,5,0,43,237,171,12,3,87,3,25,0,0,0.85,0,3,159,0,1.15
49,Kai,ai,16,Tue,0,57,demo,5,0,31,244,186,19,0,0,9,24,0,1,0.64,0,2,161,0,1.15
49,Kai,ai,16,Tue,0,58,demo,5,0,36,256,175,11,0,0,3,27,0,0,0.81,1,2,156,0,1.15
49,Kai,ai,16,Tue,0,59,demo,5,0,33,259,184,14,0,0,3,17,0,1,0.59,0,3,161,0,1.15
49,Kai,ai,16,Tue,0,60,price,5,0,27,252,191,20,4,136,5,15,0,1,0.1,1,2,155,0,1.15
49,Kai,ai,16,Tue,0,61,cta,5,0,36,254,183,23,3,87,4,25,0,1,0.15,1,3,159,0,1.15
49,Kai,ai,16,Tue,0,62,cta,5,0,33,256,203,20,6,174,4,21,0,0,0.1,1,2,157,0,1.15
49,Kai,ai,16,Tue,0,63,fomo,5,0,33,258,200,11,3,107,5,26,0,0,0.13,1,2,156,1,1.15
49,Kai,ai,16,Tue,0,64,fomo,5,0,27,261,178,9,3,87,4,25,0,0,0.11,0,1,159,2,1.15
49,Kai,ai,16,Tue,0,65,filler,5,0,26,238,168,8,0,0,6,24,0,0,0.1,0,1,157,0,1.15
49,Kai,ai,16,Tue,0,66,filler,5,0,36,225,155,3,0,0,4,26,0,0,0.14,1,3,157,0,1.15
49,Kai,ai,16,Tue,0,67,hook,6,0,35,236,171,6,0,0,4,19,0,1,0.12,0,1,159,0,1.15
49,Kai,ai,16,Tue,0,68,hook,6,0,38,240,184,11,2,58,7,22,0,0,0.07,1,3,158,0,1.15
49,Kai,ai,16,Tue,0,69,build,6,0,33,237,175,8,0,0,7,14,0,1,0.16,0,2,159,0,1.15
49,Kai,ai,16,Tue,0,70,build,6,0,23,224,147,8,0,0,4,16,0,0,0.19,0,2,157,0,1.15
49,Kai,ai,16,Tue,0,71,build,6,0,29,223,164,11,0,0,7,16,0,0,0.38,1,1,155,0,1.15
49,Kai,ai,16,Tue,0,72,demo,6,0,32,231,163,17,0,0,3,26,0,1,0.57,0,3,159,0,1.15
49,Kai,ai,16,Tue,0,73,demo,6,0,31,234,162,18,4,136,7,19,0,1,0.51,0,2,155,0,1.15
49,Kai,ai,16,Tue,0,74,demo,6,0,33,241,174,9,1,49,5,18,0,0,0.62,1,3,159,0,1.15
49,Kai,ai,16,Tue,0,75,price,6,0,29,234,163,10,1,49,3,25,0,0,0.04,1,2,156,0,1.15
49,Kai,ai,16,Tue,0,76,cta,6,0,38,238,168,9,1,29,4,19,0,1,0.05,1,2,161,0,1.15
49,Kai,ai,16,Tue,0,77,cta,6,0,26,223,157,15,1,29,3,11,0,0,0.05,1,1,159,0,1.15
49,Kai,ai,16,Tue,0,78,fomo,6,0,33,228,180,11,3,107,4,19,0,0,0.02,0,2,159,1,1.15
49,Kai,ai,16,Tue,0,79,fomo,6,0,33,233,173,16,2,58,3,17,0,0,0.09,1,3,156,2,1.15
49,Kai,ai,16,Tue,0,80,filler,6,0,31,224,166,2,0,0,3,24,0,1,0.08,0,1,159,0,1.15
49,Kai,ai,16,Tue,0,81,filler,6,0,33,210,157,8,0,0,0,19,0,0,0.12,0,3,156,0,1.15
49,Kai,ai,16,Tue,0,82,hook,7,0,35,224,168,9,0,0,3,17,0,0,0.11,0,2,161,0,1.15
49,Kai,ai,16,Tue,0,83,hook,7,0,31,228,166,3,0,0,5,18,0,1,0.06,0,2,160,0,1.15
49,Kai,ai,16,Tue,0,84,build,7,0,32,225,159,14,2,58,2,17,0,1,0.35,0,3,157,0,1.15
49,Kai,ai,16,Tue,0,85,build,7,0,31,220,162,2,1,49,5,23,0,1,0.38,0,3,159,0,1.15
49,Kai,ai,16,Tue,0,86,build,7,0,27,223,155,9,3,87,2,22,0,0,0.22,0,3,159,0,1.15
49,Kai,ai,16,Tue,0,87,demo,7,0,42,251,190,19,1,49,4,21,0,1,0.8,0,2,160,0,1.15
49,Kai,ai,16,Tue,0,88,demo,7,0,33,250,176,11,1,49,5,14,0,1,0.77,0,3,157,0,1.15
49,Kai,ai,16,Tue,0,89,demo,7,0,32,252,197,23,1,29,7,11,0,1,0.65,0,2,160,0,1.15
49,Kai,ai,16,Tue,0,90,price,7,0,27,243,181,18,1,29,2,16,0,1,0.08,1,2,157,0,1.15
49,Kai,ai,16,Tue,0,91,cta,7,0,40,251,180,14,3,87,3,19,0,0,0.06,1,1,157,0,1.15
49,Kai,ai,16,Tue,0,92,fomo,7,0,30,243,172,9,1,29,10,20,0,0,0.11,0,2,159,1,1.15
49,Kai,ai,16,Tue,0,93,fomo,7,0,32,256,187,10,2,58,4,23,0,0,0.13,0,2,157,2,1.15
49,Kai,ai,16,Tue,0,94,filler,7,0,23,233,169,4,0,0,3,26,0,0,0.09,1,2,158,0,1.15
49,Kai,ai,16,Tue,0,95,hook,8,0,24,226,157,7,0,0,2,24,0,1,0.08,0,2,155,0,1.15
49,Kai,ai,16,Tue,0,96,build,8,0,35,226,170,14,1,29,6,22,0,1,0.22,0,2,155,0,1.15
49,Kai,ai,16,Tue,0,97,build,8,0,36,229,167,11,0,0,3,22,0,1,0.17,0,2,155,0,1.15
49,Kai,ai,16,Tue,0,98,build,8,0,34,224,157,5,1,29,2,15,0,1,0.25,0,2,157,0,1.15
49,Kai,ai,16,Tue,0,99,demo,8,0,24,215,162,15,5,145,4,27,0,1,0.72,0,1,155,0,1.15
49,Kai,ai,16,Tue,0,100,demo,8,0,30,225,173,17,0,0,5,29,0,1,0.49,1,2,156,0,1.15
49,Kai,ai,16,Tue,0,101,demo,8,0,27,227,162,14,1,29,2,31,0,1,0.61,0,2,157,0,1.15
49,Kai,ai,16,Tue,0,102,demo,8,0,25,223,151,13,1,29,3,16,0,1,0.83,0,1,160,0,1.15
49,Kai,ai,16,Tue,0,103,price,8,0,26,220,152,10,0,0,5,22,0,0,0.06,1,2,159,0,1.15
49,Kai,ai,16,Tue,0,104,cta,8,0,37,228,180,19,0,0,2,16,0,0,0.05,1,3,157,0,1.15
49,Kai,ai,16,Tue,0,105,fomo,8,0,34,228,163,11,0,0,6,28,0,0,0.11,0,3,156,1,1.15
49,Kai,ai,16,Tue,0,106,fomo,8,0,38,235,160,6,1,49,3,20,0,0,0.1,0,3,158,2,1.15
49,Kai,ai,16,Tue,0,107,filler,8,0,34,217,166,7,0,0,1,22,0,0,0.09,0,2,158,0,1.15
49,Kai,ai,16,Tue,0,108,filler,8,0,21,200,138,2,1,29,1,19,0,0,0.04,0,1,158,0,1.15
49,Kai,ai,16,Tue,0,109,hook,9,0,29,202,141,5,1,49,5,19,0,0,0.14,0,1,159,0,1.15
49,Kai,ai,16,Tue,0,110,build,9,0,27,192,134,9,1,29,3,19,0,0,0.31,0,2,159,0,1.15
49,Kai,ai,16,Tue,0,111,build,9,0,27,195,133,2,0,0,1,16,0,1,0.25,0,2,159,0,1.15
49,Kai,ai,16,Tue,0,112,build,9,0,32,190,145,9,1,29,6,13,0,1,0.21,0,3,156,0,1.15
49,Kai,ai,16,Tue,0,113,demo,9,0,37,200,141,18,0,0,1,20,0,1,0.8,0,1,156,0,1.15
49,Kai,ai,16,Tue,0,114,demo,9,0,33,204,146,12,1,29,4,16,0,1,0.55,0,2,156,0,1.15
49,Kai,ai,16,Tue,0,115,demo,9,0,29,205,144,12,0,0,5,27,0,1,0.5,0,2,159,0,1.15
49,Kai,ai,16,Tue,0,116,price,9,0,23,194,145,7,0,0,6,21,0,0,0.12,1,1,156,0,1.15
49,Kai,ai,16,Tue,0,117,cta,9,0,32,199,130,12,2,98,7,14,0,0,0.02,1,3,159,0,1.15
49,Kai,ai,16,Tue,0,118,fomo,9,0,27,206,154,2,0,0,5,29,0,0,0.02,0,2,157,1,1.15
49,Kai,ai,16,Tue,0,119,fomo,9,0,21,205,156,12,1,29,6,18,0,0,0.07,0,2,161,2,1.15
49,Kai,ai,16,Tue,0,120,filler,9,0,31,194,156,7,1,29,3,19,0,0,0.12,0,1,155,0,1.15
50,Kai,ai,17,Mon,1,1,hook,1,1,56,56,38,0,0,0,2,15,0,1,0.01,0,1,156,0,1
50,Kai,ai,17,Mon,1,2,hook,1,1,53,99,72,2,0,0,2,25,0,0,0.11,0,2,156,0,1
50,Kai,ai,17,Mon,1,3,hook,1,1,64,149,105,1,0,0,6,37,0,0,0.07,0,3,159,0,1
50,Kai,ai,17,Mon,1,4,hook,1,1,49,180,121,7,0,0,13,40,0,0,0.05,0,2,160,0,1
50,Kai,ai,17,Mon,1,5,hook,1,1,55,215,154,4,0,0,11,42,0,1,0.09,0,2,158,0,1
50,Kai,ai,17,Mon,1,6,hook,1,1,68,249,175,6,2,78,8,57,0,0,0.06,0,1,155,0,1
50,Kai,ai,17,Mon,1,7,demo,1,0,47,265,195,23,1,29,4,32,0,0,0.75,1,3,160,0,1
50,Kai,ai,17,Mon,1,8,demo,1,0,40,276,202,19,5,165,9,24,0,1,0.47,0,3,159,0,1
50,Kai,ai,17,Mon,1,9,price,1,0,36,285,198,21,2,78,5,19,0,1,0.04,1,2,158,0,1
50,Kai,ai,17,Mon,1,10,cta,1,0,40,283,205,22,5,205,6,18,0,1,0.12,0,2,156,0,1
50,Kai,ai,17,Mon,1,11,fomo,1,0,71,334,238,17,1,29,6,33,0,0,0.12,0,3,158,1,1.8
50,Kai,ai,17,Mon,1,12,fomo,1,0,76,375,277,18,6,194,8,40,0,0,0.08,0,2,157,2,1.8
50,Kai,ai,17,Mon,1,13,filler,1,0,72,391,289,10,1,49,3,25,0,0,0.05,0,2,156,0,1.8
50,Kai,ai,17,Mon,1,14,hook,2,0,75,427,301,8,1,29,7,29,0,0,0.05,0,1,157,0,1.8
50,Kai,ai,17,Mon,1,15,build,2,0,78,457,313,23,1,29,8,38,0,1,0.29,0,2,158,0,1.8
50,Kai,ai,17,Mon,1,16,build,2,0,81,476,356,11,2,78,6,40,0,1,0.29,0,2,161,0,1.8
50,Kai,ai,17,Mon,1,17,demo,2,0,75,500,360,27,3,107,8,52,0,1,0.66,0,1,160,0,1.8
50,Kai,ai,17,Mon,1,18,demo,2,0,70,520,365,39,2,58,12,38,0,1,0.7,0,2,158,0,1.8
50,Kai,ai,17,Mon,1,19,demo,2,0,71,544,403,29,6,174,3,51,0,0,0.85,0,1,160,0,1.8
50,Kai,ai,17,Mon,1,20,price,2,0,85,564,399,41,4,136,10,50,0,1,0.15,1,2,159,0,1.8
50,Kai,ai,17,Mon,1,21,cta,2,0,77,564,411,45,8,252,6,53,0,1,0.07,1,2,158,0,1.8
50,Kai,ai,17,Mon,1,22,fomo,2,0,77,580,427,22,4,136,12,66,0,0,0.14,0,3,158,1,1.8
50,Kai,ai,17,Mon,1,23,fomo,2,0,57,589,433,27,5,165,11,41,0,0,0.14,0,2,156,2,1.8
50,Kai,ai,17,Mon,1,24,filler,2,0,76,565,401,15,1,49,7,53,0,0,0.12,0,3,158,0,1.8
50,Kai,ai,17,Mon,1,25,hook,3,0,89,587,411,15,0,0,11,49,0,0,0.07,0,1,157,0,1.8
50,Kai,ai,17,Mon,1,26,build,3,0,79,591,425,24,1,29,13,48,0,1,0.29,0,3,156,0,1.8
50,Kai,ai,17,Mon,1,27,build,3,0,65,575,418,18,1,29,7,56,0,0,0.19,0,2,160,0,1.8
50,Kai,ai,17,Mon,1,28,build,3,0,65,565,406,8,2,58,12,62,0,0,0.17,0,3,158,0,1.8
50,Kai,ai,17,Mon,1,29,demo,3,0,92,589,421,44,7,263,13,63,0,1,0.75,0,2,156,0,1.8
50,Kai,ai,17,Mon,1,30,demo,3,0,79,605,430,44,6,234,11,40,0,1,0.84,1,2,159,0,1.8
50,Kai,ai,17,Mon,1,31,demo,3,0,80,628,450,45,6,194,9,52,0,1,0.8,0,2,160,0,1.8
50,Kai,ai,17,Mon,1,32,price,3,0,58,614,442,25,5,145,8,52,0,0,0.02,1,1,160,0,1.8
50,Kai,ai,17,Mon,1,33,cta,3,0,79,610,428,28,3,87,8,58,0,0,0.09,1,2,157,0,1.8
50,Kai,ai,17,Mon,1,34,cta,3,0,75,609,443,39,4,136,8,45,0,0,0.05,0,1,160,0,1.8
50,Kai,ai,17,Mon,1,35,fomo,3,0,73,614,443,30,5,145,17,63,0,0,0.11,0,3,161,1,1.8
50,Kai,ai,17,Mon,1,36,fomo,3,0,82,632,469,27,2,78,12,64,0,0,0.09,0,3,155,2,1.8
50,Kai,ai,17,Mon,1,37,filler,3,0,64,569,406,14,1,29,5,46,0,1,0.04,0,3,160,0,1.8
50,Kai,ai,17,Mon,1,38,filler,3,0,67,531,368,13,1,49,7,60,0,1,0.04,0,2,159,0,1.8
50,Kai,ai,17,Mon,1,39,hook,4,0,69,533,377,6,0,0,9,55,0,0,0.05,0,1,157,0,1.8
50,Kai,ai,17,Mon,1,40,build,4,0,77,535,391,18,1,29,15,49,0,0,0.32,0,2,158,0,1.8
50,Kai,ai,17,Mon,1,41,build,4,0,78,530,386,25,1,29,5,49,0,0,0.3,0,2,160,0,1.8
50,Kai,ai,17,Mon,1,42,build,4,0,87,556,403,27,3,87,8,56,0,1,0.18,0,2,156,0,1.8
50,Kai,ai,17,Mon,1,43,build,4,0,68,547,393,20,2,58,16,53,0,0,0.39,0,2,155,0,1.8
50,Kai,ai,17,Mon,1,44,demo,4,0,81,548,410,31,7,243,13,67,0,1,0.7,0,2,160,0,1.8
50,Kai,ai,17,Mon,1,45,demo,4,0,71,556,424,46,6,174,3,42,0,1,0.46,0,2,160,0,1.8
50,Kai,ai,17,Mon,1,46,demo,4,0,64,560,396,39,2,58,9,49,0,1,0.45,0,1,158,0,1.8
50,Kai,ai,17,Mon,1,47,demo,4,0,58,553,405,39,5,205,14,44,0,1,0.47,0,1,160,0,1.8
50,Kai,ai,17,Mon,1,48,price,4,0,69,557,381,31,3,87,6,54,0,1,0.13,1,2,156,0,1.8
50,Kai,ai,17,Mon,1,49,cta,4,0,67,534,370,48,12,388,12,51,0,1,0.01,1,2,158,0,1.8
50,Kai,ai,17,Mon,1,50,fomo,4,0,73,555,390,18,5,165,11,52,0,0,0.12,0,2,159,1,1.8
50,Kai,ai,17,Mon,1,51,fomo,4,0,68,571,419,21,3,107,15,59,0,0,0.05,0,3,155,2,1.8
50,Kai,ai,17,Mon,1,52,filler,4,0,58,529,387,11,0,0,6,43,0,0,0.13,0,2,158,0,1.8
50,Kai,ai,17,Mon,1,53,hook,5,0,74,537,396,21,1,29,10,49,0,0,0.08,1,2,156,0,1.8
50,Kai,ai,17,Mon,1,54,hook,5,0,66,540,394,19,3,107,4,38,0,0,0.03,0,1,155,0,1.8
50,Kai,ai,17,Mon,1,55,build,5,0,72,531,385,26,1,29,11,46,0,1,0.37,0,2,161,0,1.8
50,Kai,ai,17,Mon,1,56,build,5,0,60,523,369,22,3,127,7,43,0,0,0.26,0,1,157,0,1.8
50,Kai,ai,17,Mon,1,57,build,5,0,60,515,369,21,2,58,11,62,0,1,0.18,0,3,156,0,1.8
50,Kai,ai,17,Mon,1,58,build,5,0,71,517,378,21,3,87,6,38,0,1,0.26,0,3,161,0,1.8
50,Kai,ai,17,Mon,1,59,demo,5,0,63,519,379,27,4,136,7,42,0,1,0.69,0,2,157,0,1.8
50,Kai,ai,17,Mon,1,60,demo,5,0,56,514,358,32,3,87,5,48,0,1,0.6,0,1,159,0,1.8
50,Kai,ai,17,Mon,1,61,demo,5,0,76,543,377,26,4,116,8,39,0,0,0.68,0,2,157,0,1.8
50,Kai,ai,17,Mon,1,62,price,5,0,64,542,385,38,6,194,10,60,0,1,0.04,1,2,159,0,1.8
50,Kai,ai,17,Mon,1,63,cta,5,0,67,525,384,37,5,165,10,46,0,1,0.12,1,3,157,0,1.8
50,Kai,ai,17,Mon,1,64,cta,5,0,77,532,366,31,7,263,4,39,0,1,0.01,0,2,158,0,1.8
50,Kai,ai,17,Mon,1,65,fomo,5,0,72,558,384,28,4,136,12,53,0,0,0.07,0,2,159,1,1.8
50,Kai,ai,17,Mon,1,66,fomo,5,0,62,569,420,19,2,58,13,48,0,0,0.12,0,3,157,2,1.8
50,Kai,ai,17,Mon,1,67,filler,5,0,81,534,363,5,0,0,6,44,0,0,0.11,1,2,159,0,1.8
50,Kai,ai,17,Mon,1,68,hook,6,0,52,524,374,12,2,78,10,41,0,0,0.11,0,2,160,0,1.8
50,Kai,ai,17,Mon,1,69,build,6,0,66,524,382,16,0,0,11,62,0,1,0.21,0,2,156,0,1.8
50,Kai,ai,17,Mon,1,70,build,6,0,71,535,377,22,0,0,4,50,0,0,0.31,0,2,159,0,1.8
50,Kai,ai,17,Mon,1,71,build,6,0,59,515,370,27,2,58,8,47,0,1,0.32,0,2,156,0,1.8
50,Kai,ai,17,Mon,1,72,demo,6,0,80,532,372,36,3,87,13,54,0,1,0.7,0,2,156,0,1.8
50,Kai,ai,17,Mon,1,73,demo,6,0,82,551,397,37,3,107,17,38,0,1,0.55,1,1,158,0,1.8
50,Kai,ai,17,Mon,1,74,demo,6,0,63,541,400,40,1,29,14,39,0,1,0.75,0,2,157,0,1.8
50,Kai,ai,17,Mon,1,75,demo,6,0,70,548,368,38,5,165,12,46,0,1,0.45,1,2,160,0,1.8
50,Kai,ai,17,Mon,1,76,price,6,0,78,550,401,13,3,107,11,49,0,0,0.09,0,3,158,0,1.8
50,Kai,ai,17,Mon,1,77,cta,6,0,55,533,375,40,5,185,11,50,0,1,0.08,0,2,161,0,1.8
50,Kai,ai,17,Mon,1,78,cta,6,0,61,512,382,32,5,185,11,39,0,0,0.04,0,1,160,0,1.8
50,Kai,ai,17,Mon,1,79,fomo,6,0,63,525,395,16,3,87,12,43,0,0,0.13,0,1,157,1,1.8
50,Kai,ai,17,Mon,1,80,fomo,6,0,59,527,393,30,3,87,8,51,0,0,0.13,1,1,159,2,1.8
50,Kai,ai,17,Mon,1,81,filler,6,0,69,487,356,8,0,0,1,40,0,0,0.02,0,2,159,0,1.8
50,Kai,ai,17,Mon,1,82,hook,7,0,68,498,356,13,0,0,6,38,0,0,0.06,0,2,160,0,1.8
50,Kai,ai,17,Mon,1,83,hook,7,0,76,512,389,13,0,0,12,44,0,0,0.03,0,1,158,0,1.8
50,Kai,ai,17,Mon,1,84,build,7,0,60,491,340,17,2,58,5,50,0,0,0.23,0,2,160,0,1.8
50,Kai,ai,17,Mon,1,85,build,7,0,68,487,348,25,2,58,3,41,0,0,0.37,1,2,155,0,1.8
50,Kai,ai,17,Mon,1,86,build,7,0,50,472,331,16,1,49,11,44,0,0,0.28,0,1,158,0,1.8
50,Kai,ai,17,Mon,1,87,demo,7,0,76,489,364,42,5,165,5,52,0,1,0.63,0,1,160,0,1.8
50,Kai,ai,17,Mon,1,88,demo,7,0,69,497,361,35,4,136,7,44,0,1,0.54,1,1,155,0,1.8
50,Kai,ai,17,Mon,1,89,demo,7,0,83,520,368,38,4,156,5,48,0,1,0.62,0,1,157,0,1.8
50,Kai,ai,17,Mon,1,90,demo,7,0,54,512,379,35,3,107,4,44,0,1,0.74,0,3,159,0,1.8
50,Kai,ai,17,Mon,1,91,price,7,0,68,509,356,22,2,58,9,52,0,0,0,1,2,161,0,1.8
50,Kai,ai,17,Mon,1,92,cta,7,0,64,501,372,29,2,78,7,34,0,0,0.08,1,3,157,0,1.8
50,Kai,ai,17,Mon,1,93,cta,7,0,62,496,352,45,3,107,8,30,0,1,0.13,1,1,159,0,1.8
50,Kai,ai,17,Mon,1,94,fomo,7,0,71,517,368,11,1,49,11,47,0,1,0.13,0,3,159,1,1.8
50,Kai,ai,17,Mon,1,95,fomo,7,0,64,530,356,14,0,0,14,45,0,0,0.02,0,1,158,2,1.8
50,Kai,ai,17,Mon,1,96,filler,7,0,66,480,342,6,1,29,4,48,0,0,0.09,0,1,159,0,1.8
50,Kai,ai,17,Mon,1,97,filler,7,0,72,447,323,10,0,0,1,39,0,0,0.1,0,1,158,0,1.8
50,Kai,ai,17,Mon,1,98,hook,8,0,54,447,328,14,0,0,6,36,0,1,0.07,0,2,157,0,1.8
50,Kai,ai,17,Mon,1,99,hook,8,0,53,444,325,9,0,0,8,42,0,0,0,0,2,161,0,1.8
50,Kai,ai,17,Mon,1,100,build,8,0,69,462,339,20,3,127,5,43,0,0,0.31,0,3,157,0,1.8
50,Kai,ai,17,Mon,1,101,build,8,0,72,484,355,29,3,87,5,31,0,1,0.36,0,2,160,0,1.8
50,Kai,ai,17,Mon,1,102,build,8,0,70,471,336,26,4,136,8,41,0,1,0.17,1,3,159,0,1.8
50,Kai,ai,17,Mon,1,103,build,8,0,64,462,339,19,0,0,7,53,0,1,0.19,0,2,160,0,1.8
50,Kai,ai,17,Mon,1,104,demo,8,0,60,462,338,31,7,243,8,45,0,1,0.75,0,2,160,0,1.8
50,Kai,ai,17,Mon,1,105,demo,8,0,55,460,327,24,4,176,6,38,0,1,0.72,0,2,156,0,1.8
50,Kai,ai,17,Mon,1,106,demo,8,0,50,449,323,32,5,145,9,39,0,1,0.63,1,3,156,0,1.8
50,Kai,ai,17,Mon,1,107,price,8,0,64,464,337,16,1,49,7,46,0,0,0,0,2,159,0,1.8
50,Kai,ai,17,Mon,1,108,cta,8,0,77,471,330,29,6,254,4,46,0,0,0.14,1,3,161,0,1.8
50,Kai,ai,17,Mon,1,109,cta,8,0,58,465,330,36,8,292,7,41,0,1,0.05,1,2,159,0,1.8
50,Kai,ai,17,Mon,1,110,fomo,8,0,68,493,354,18,4,136,13,43,0,1,0.11,0,3,160,1,1.8
50,Kai,ai,17,Mon,1,111,filler,8,0,56,448,334,5,0,0,3,35,0,0,0.05,0,3,157,0,1.8
50,Kai,ai,17,Mon,1,112,hook,9,0,68,452,316,15,0,0,7,55,0,0,0.03,0,2,158,0,1.8
50,Kai,ai,17,Mon,1,113,hook,9,0,58,447,328,13,0,0,9,51,0,1,0.12,0,3,158,0,1.8
50,Kai,ai,17,Mon,1,114,build,9,0,54,429,315,15,3,87,6,41,0,1,0.36,0,3,161,0,1.8
50,Kai,ai,17,Mon,1,115,build,9,0,49,416,303,23,1,49,9,43,0,1,0.28,1,2,157,0,1.8
50,Kai,ai,17,Mon,1,116,build,9,0,63,415,302,25,3,87,9,41,0,0,0.21,0,3,155,0,1.8
50,Kai,ai,17,Mon,1,117,demo,9,0,56,418,301,23,3,87,8,46,0,1,0.67,0,2,157,0,1.8
50,Kai,ai,17,Mon,1,118,demo,9,0,48,412,281,21,3,87,9,37,0,1,0.49,0,2,158,0,1.8
50,Kai,ai,17,Mon,1,119,demo,9,0,71,430,314,29,4,156,1,38,0,0,0.54,0,2,156,0,1.8
50,Kai,ai,17,Mon,1,120,demo,9,0,65,437,313,25,4,116,7,44,0,1,0.67,0,2,159,0,1.8
51,Jules,human,21,Tue,0,1,hook,1,0,66,66,49,1,0,0,0,5,0,0,0.08,0,4,147,0,1
51,Jules,human,21,Tue,0,2,build,1,0,78,139,101,8,1,49,3,13,0,1,0.18,0,4,141,0,1
51,Jules,human,21,Tue,0,3,build,1,0,79,204,152,9,2,58,4,14,0,1,0.29,0,3,172,0,1
51,Jules,human,21,Tue,0,4,build,1,0,56,238,175,6,0,0,1,21,0,0,0.15,0,7,183,0,1
51,Jules,human,21,Tue,0,5,demo,1,0,79,294,211,10,1,29,4,22,0,1,0.73,0,4,173,0,1
51,Jules,human,21,Tue,0,6,demo,1,0,68,333,255,26,1,29,6,34,0,1,0.56,0,4,134,0,1
51,Jules,human,21,Tue,0,7,price,1,0,71,372,257,27,2,58,9,29,0,1,0.14,1,4,183,0,1
51,Jules,human,21,Tue,0,8,cta,1,0,76,413,308,34,5,145,7,40,0,1,0.07,1,5,153,0,1
51,Jules,human,21,Tue,0,9,fomo,1,0,72,451,330,14,1,49,16,48,0,0,0.12,0,5,123,1,1
51,Jules,human,21,Tue,0,10,fomo,1,0,70,492,359,19,3,107,9,46,0,0,0,0,4,133,2,1
51,Jules,human,21,Tue,0,11,qna,1,0,82,529,382,23,4,156,25,58,6,0,0.15,0,4,147,0,1.28
51,Jules,human,21,Tue,0,12,qna,1,0,82,584,421,21,2,78,23,74,6,0,0,0,5,141,0,1.28
51,Jules,human,21,Tue,0,13,hook,2,0,107,628,440,23,1,49,13,52,0,0,0.13,0,7,159,0,1.28
51,Jules,human,21,Tue,0,14,hook,2,0,70,626,459,24,3,87,13,53,0,0,0.1,0,5,135,0,1.28
51,Jules,human,21,Tue,0,15,build,2,0,93,664,476,30,3,87,12,59,0,0,0.33,0,7,152,0,1.28
51,Jules,human,21,Tue,0,16,build,2,0,75,663,466,20,0,0,9,65,0,0,0.39,0,6,120,0,1.28
51,Jules,human,21,Tue,0,17,build,2,0,87,662,464,30,2,58,8,64,0,1,0.26,0,3,132,0,1.28
51,Jules,human,21,Tue,0,18,demo,2,0,91,694,491,39,4,136,8,77,0,1,0.84,0,4,161,0,1.28
51,Jules,human,21,Tue,0,19,demo,2,0,81,721,499,49,7,243,12,62,0,1,0.78,0,7,188,0,1.28
51,Jules,human,21,Tue,0,20,demo,2,0,82,743,548,45,2,58,13,42,0,1,0.51,0,6,135,0,1.28
51,Jules,human,21,Tue,0,21,price,2,0,81,740,521,49,3,87,13,71,0,1,0.03,1,5,125,0,1.28
51,Jules,human,21,Tue,0,22,cta,2,0,89,732,539,52,9,301,12,71,0,0,0.05,1,5,165,0,1.28
51,Jules,human,21,Tue,0,23,cta,2,0,90,750,553,60,13,437,15,63,0,1,0.06,1,2,139,0,1.28
51,Jules,human,21,Tue,0,24,fomo,2,0,81,765,546,37,7,263,17,86,0,0,0.1,1,5,144,1,1.28
51,Jules,human,21,Tue,0,25,fomo,2,0,86,782,555,49,11,359,12,70,0,0,0.13,1,3,166,2,1.28
51,Jules,human,21,Tue,0,26,qna,2,0,93,817,581,30,4,136,34,94,6,0,0.15,0,2,169,0,1.28
51,Jules,human,21,Tue,0,27,hook,3,0,92,841,605,24,4,136,21,81,0,0,0.01,0,7,125,0,1.28
51,Jules,human,21,Tue,0,28,hook,3,0,77,840,624,19,3,87,14,81,0,0,0.01,0,4,177,0,1.28
51,Jules,human,21,Tue,0,29,build,3,0,91,842,619,37,2,58,15,74,0,1,0.24,0,4,136,0,1.28
51,Jules,human,21,Tue,0,30,build,3,0,71,827,581,34,5,165,12,84,0,0,0.18,0,5,158,0,1.28
51,Jules,human,21,Tue,0,31,build,3,0,94,839,608,33,6,214,4,81,0,0,0.38,0,5,189,0,1.28
51,Jules,human,21,Tue,0,32,build,3,0,79,827,590,26,2,58,17,83,0,0,0.17,0,3,161,0,1.28
51,Jules,human,21,Tue,0,33,demo,3,0,81,835,589,46,2,78,17,74,0,1,0.48,0,4,174,0,1.28
51,Jules,human,21,Tue,0,34,demo,3,0,80,845,590,62,11,339,10,84,0,1,0.61,0,4,121,0,1.28
51,Jules,human,21,Tue,0,35,demo,3,0,82,861,602,62,11,359,13,81,0,1,0.82,0,5,157,0,1.28
51,Jules,human,21,Tue,0,36,demo,3,0,76,853,614,58,10,290,13,63,0,0,0.85,0,2,133,0,1.28
51,Jules,human,21,Tue,0,37,price,3,0,78,847,660,33,6,214,18,69,0,0,0.02,0,3,151,0,1.28
51,Jules,human,21,Tue,0,38,cta,3,0,83,837,604,82,14,426,18,70,0,1,0.11,1,6,175,0,1.28
51,Jules,human,21,Tue,0,39,cta,3,0,89,834,607,72,14,486,16,83,0,1,0.11,1,2,127,0,1.28
51,Jules,human,21,Tue,0,40,fomo,3,0,81,848,616,38,10,370,22,75,0,0,0.14,0,4,131,1,1.28
51,Jules,human,21,Tue,0,41,fomo,3,0,75,864,639,32,6,234,12,77,0,0,0.13,0,6,190,2,1.28
51,Jules,human,21,Tue,0,42,qna,3,0,100,900,660,31,5,145,37,111,6,0,0.13,0,6,164,0,1.28
51,Jules,human,21,Tue,0,43,qna,3,0,72,902,628,23,3,127,34,118,6,0,0.02,0,5,171,0,1.28
51,Jules,human,21,Tue,0,44,qna,3,0,80,929,687,24,5,145,26,112,6,0,0.04,0,6,127,0,1.28
51,Jules,human,21,Tue,0,45,filler,3,0,74,864,618,9,1,29,14,68,0,0,0.13,0,6,125,0,1.28
51,Jules,human,21,Tue,0,46,hook,4,0,99,894,645,24,4,136,13,76,0,0,0.07,0,6,160,0,1.28
51,Jules,human,21,Tue,0,47,hook,4,0,105,908,656,30,4,116,14,77,0,0,0.14,0,7,149,0,1.28
51,Jules,human,21,Tue,0,48,build,4,0,72,885,644,44,5,165,11,74,0,1,0.17,0,7,185,0,1.28
51,Jules,human,21,Tue,0,49,build,4,0,84,881,642,58,9,301,15,81,0,1,0.3,1,6,133,0,1.28
51,Jules,human,21,Tue,0,50,build,4,0,85,874,627,33,4,136,13,86,0,0,0.27,0,4,139,0,1.28
51,Jules,human,21,Tue,0,51,demo,4,0,76,873,630,61,11,379,17,87,0,1,0.73,0,5,161,0,1.28
51,Jules,human,21,Tue,0,52,demo,4,0,89,877,623,61,5,145,17,67,0,1,0.6,0,5,122,0,1.28
51,Jules,human,21,Tue,0,53,demo,4,0,63,874,644,55,8,232,14,71,0,0,0.58,0,5,133,0,1.28
51,Jules,human,21,Tue,0,54,price,4,0,74,860,641,42,4,116,11,79,0,0,0.03,1,6,121,0,1.28
51,Jules,human,21,Tue,0,55,cta,4,0,83,841,600,45,6,214,19,83,0,0,0.07,0,5,153,0,1.28
51,Jules,human,21,Tue,0,56,cta,4,0,92,848,612,52,11,379,13,73,0,0,0,1,2,166,0,1.28
51,Jules,human,21,Tue,0,57,fomo,4,0,84,849,605,51,8,252,18,72,0,1,0.09,0,5,141,1,1.28
51,Jules,human,21,Tue,0,58,fomo,4,0,81,866,625,44,11,379,15,74,0,0,0.08,0,2,147,2,1.28
51,Jules,human,21,Tue,0,59,qna,4,0,74,864,616,34,7,223,27,98,6,1,0.01,0,2,183,0,1.28
51,Jules,human,21,Tue,0,60,qna,4,0,82,877,628,22,3,107,33,97,6,0,0.08,0,4,173,0,1.28
51,Jules,human,21,Tue,0,61,qna,4,0,77,896,651,24,3,87,28,91,6,0,0.09,0,4,152,0,1.28
51,Jules,human,21,Tue,0,62,hook,5,0,70,877,640,28,1,29,13,78,0,1,0.01,0,3,121,0,1.28
51,Jules,human,21,Tue,0,63,hook,5,0,88,860,611,20,0,0,21,63,0,0,0.12,0,7,177,0,1.28
51,Jules,human,21,Tue,0,64,build,5,0,76,846,606,33,2,58,14,68,0,1,0.32,0,7,132,0,1.28
51,Jules,human,21,Tue,0,65,build,5,0,79,835,625,37,0,0,19,80,0,0,0.4,1,4,121,0,1.28
51,Jules,human,21,Tue,0,66,build,5,0,79,814,599,39,5,145,12,81,0,0,0.36,0,6,184,0,1.28
51,Jules,human,21,Tue,0,67,demo,5,0,72,807,581,69,6,214,8,84,0,1,0.8,0,6,159,0,1.28
51,Jules,human,21,Tue,0,68,demo,5,0,77,825,585,55,3,127,12,79,0,1,0.62,0,4,140,0,1.28
51,Jules,human,21,Tue,0,69,demo,5,0,81,832,614,62,6,194,15,74,0,1,0.83,0,4,156,0,1.28
51,Jules,human,21,Tue,0,70,demo,5,0,81,850,624,63,4,156,13,74,0,1,0.81,0,5,171,0,1.28
51,Jules,human,21,Tue,0,71,price,5,0,71,840,596,70,11,399,12,81,0,1,0.05,1,4,182,0,1.28
51,Jules,human,21,Tue,0,72,cta,5,0,86,826,591,58,7,203,12,72,0,0,0.02,1,4,126,0,1.28
51,Jules,human,21,Tue,0,73,cta,5,0,59,802,573,66,11,359,19,79,0,1,0.1,1,5,180,0,1.28
51,Jules,human,21,Tue,0,74,fomo,5,0,68,808,594,36,7,223,13,63,0,0,0.13,0,6,139,1,1.28
51,Jules,human,21,Tue,0,75,fomo,5,0,72,815,606,34,5,165,9,74,0,0,0.11,0,6,187,2,1.28
51,Jules,human,21,Tue,0,76,qna,5,0,76,832,610,26,5,165,28,93,6,0,0.05,0,3,131,0,1.28
51,Jules,human,21,Tue,0,77,filler,5,0,66,768,567,24,2,78,11,72,0,0,0.12,1,7,176,0,1.28
51,Jules,human,21,Tue,0,78,hook,6,0,83,788,551,18,2,58,12,76,0,0,0.08,0,5,178,0,1.28
51,Jules,human,21,Tue,0,79,hook,6,0,89,819,600,22,3,87,16,75,0,0,0,0,5,145,0,1.28
51,Jules,human,21,Tue,0,80,build,6,0,88,824,599,41,6,214,11,63,0,1,0.24,0,4,168,0,1.28
51,Jules,human,21,Tue,0,81,build,6,0,71,799,586,36,1,29,13,68,0,0,0.26,0,3,121,0,1.28
51,Jules,human,21,Tue,0,82,build,6,0,56,772,548,34,4,136,10,54,0,0,0.32,0,6,130,0,1.28
51,Jules,human,21,Tue,0,83,demo,6,0,79,781,561,67,10,310,15,76,0,1,0.46,1,3,139,0,1.28
51,Jules,human,21,Tue,0,84,demo,6,0,73,768,545,53,10,350,15,80,0,1,0.62,0,6,164,0,1.28
51,Jules,human,21,Tue,0,85,demo,6,0,70,777,563,55,9,321,15,71,0,1,0.65,0,5,175,0,1.28
51,Jules,human,21,Tue,0,86,price,6,0,68,787,549,40,5,165,18,74,0,0,0.06,1,4,131,0,1.28
51,Jules,human,21,Tue,0,87,cta,6,0,74,780,571,50,13,417,18,85,0,0,0.02,1,5,136,0,1.28
51,Jules,human,21,Tue,0,88,fomo,6,0,75,799,562,32,3,87,25,63,0,0,0.07,0,6,186,1,1.28
51,Jules,human,21,Tue,0,89,qna,6,0,76,829,571,30,5,165,29,102,6,0,0.11,0,7,182,0,1.28
51,Jules,human,21,Tue,0,90,qna,6,0,62,853,600,21,1,49,31,106,6,0,0.09,0,4,144,0,1.28
51,Jules,human,21,Tue,0,91,qna,6,0,72,871,626,25,0,0,28,100,6,0,0.05,1,6,178,0,1.28
51,Jules,human,21,Tue,0,92,filler,6,0,75,801,571,10,0,0,11,77,0,0,0.01,0,6,161,0,1.28
51,Jules,human,21,Tue,0,93,hook,7,0,63,795,554,29,3,127,8,67,0,1,0.11,0,4,167,0,1.28
51,Jules,human,21,Tue,0,94,build,7,0,85,781,566,23,1,29,11,70,0,0,0.23,0,6,120,0,1.28
51,Jules,human,21,Tue,0,95,build,7,0,76,779,569,29,4,116,12,58,0,1,0.27,1,5,177,0,1.28
51,Jules,human,21,Tue,0,96,build,7,0,62,759,551,26,2,78,9,70,0,1,0.17,0,5,148,0,1.28
51,Jules,human,21,Tue,0,97,build,7,0,79,751,540,47,9,301,13,58,0,1,0.36,0,3,180,0,1.28
51,Jules,human,21,Tue,0,98,demo,7,0,68,751,553,54,7,243,9,71,0,1,0.84,0,6,151,0,1.28
51,Jules,human,21,Tue,0,99,demo,7,0,88,786,579,56,9,301,17,79,0,1,0.52,0,6,131,0,1.28
51,Jules,human,21,Tue,0,100,demo,7,0,52,770,561,52,6,194,8,71,0,1,0.77,0,5,152,0,1.28
51,Jules,human,21,Tue,0,101,price,7,0,70,760,544,38,6,174,12,83,0,0,0.06,1,3,165,0,1.28
51,Jules,human,21,Tue,0,102,cta,7,0,77,746,550,65,8,252,12,58,0,1,0.12,1,6,149,0,1.28
51,Jules,human,21,Tue,0,103,cta,7,0,67,737,522,50,12,388,10,66,0,1,0.04,1,3,127,0,1.28
51,Jules,human,21,Tue,0,104,fomo,7,0,67,754,527,26,6,234,14,59,0,0,0.07,0,6,148,1,1.28
51,Jules,human,21,Tue,0,105,fomo,7,0,65,752,540,23,5,185,12,85,0,0,0.12,0,3,171,2,1.28
51,Jules,human,21,Tue,0,106,qna,7,0,59,763,559,24,7,203,18,95,6,0,0.1,0,5,150,0,1.28
51,Jules,human,21,Tue,0,107,qna,7,0,69,776,573,24,2,58,20,92,6,0,0.08,1,4,162,0,1.28
51,Jules,human,21,Tue,0,108,filler,7,0,73,740,527,13,2,58,7,72,0,0,0.14,0,3,135,0,1.28
51,Jules,human,21,Tue,0,109,hook,8,0,68,731,555,21,2,58,11,60,0,0,0.07,0,7,139,0,1.28
51,Jules,human,21,Tue,0,110,hook,8,0,69,736,526,20,2,58,16,75,0,1,0.02,0,4,153,0,1.28
51,Jules,human,21,Tue,0,111,build,8,0,80,730,524,26,4,136,10,69,0,0,0.26,0,6,157,0,1.28
51,Jules,human,21,Tue,0,112,build,8,0,63,705,491,15,3,127,9,73,0,0,0.26,0,2,189,0,1.28
51,Jules,human,21,Tue,0,113,build,8,0,84,706,506,29,1,49,12,68,0,0,0.19,0,3,151,0,1.28
51,Jules,human,21,Tue,0,114,build,8,0,82,711,543,28,2,78,17,56,0,0,0.18,0,2,155,0,1.28
51,Jules,human,21,Tue,0,115,demo,8,0,60,707,520,66,12,368,13,55,0,1,0.82,0,2,183,0,1.28
51,Jules,human,21,Tue,0,116,demo,8,0,74,714,505,48,4,116,20,50,0,1,0.74,0,6,149,0,1.28
51,Jules,human,21,Tue,0,117,demo,8,0,76,731,543,52,8,272,13,60,0,1,0.71,0,4,125,0,1.28
51,Jules,human,21,Tue,0,118,price,8,0,74,723,493,28,5,165,15,59,0,0,0.12,0,6,183,0,1.28
51,Jules,human,21,Tue,0,119,cta,8,0,76,715,525,54,6,194,6,88,0,0,0.04,1,3,170,0,1.28
51,Jules,human,21,Tue,0,120,cta,8,0,78,700,494,57,11,359,12,54,0,0,0.1,1,3,125,0,1.28
52,Ren,human,19,Tue,1,1,hook,1,1,98,98,72,2,0,0,3,31,0,1,0.01,0,3,128,0,1
52,Ren,human,19,Tue,1,2,hook,1,1,110,203,140,7,1,29,6,52,0,1,0.04,0,6,130,0,1
52,Ren,human,19,Tue,1,3,hook,1,1,102,292,204,11,1,29,9,76,0,0,0.08,1,4,184,0,1
52,Ren,human,19,Tue,1,4,hook,1,1,92,356,256,14,0,0,13,82,0,0,0.1,0,3,127,0,1
52,Ren,human,19,Tue,1,5,hook,1,1,98,420,302,12,2,78,15,87,0,1,0.09,0,3,183,0,1
52,Ren,human,19,Tue,1,6,hook,1,1,111,485,348,5,0,0,24,109,0,0,0.09,0,3,180,0,1
52,Ren,human,19,Tue,1,7,demo,1,0,62,502,364,39,4,116,8,38,0,1,0.5,0,7,179,0,1
52,Ren,human,19,Tue,1,8,demo,1,0,65,524,385,38,3,87,12,55,0,1,0.67,0,6,169,0,1
52,Ren,human,19,Tue,1,9,price,1,0,57,531,395,28,8,292,8,52,0,0,0.1,1,6,180,0,1
52,Ren,human,19,Tue,1,10,cta,1,0,66,542,389,37,8,292,12,42,0,1,0.07,1,5,136,0,1
52,Ren,human,19,Tue,1,11,fomo,1,0,135,637,446,39,4,116,14,53,0,1,0.06,0,3,172,1,2.02
52,Ren,human,19,Tue,1,12,fomo,1,0,151,738,547,34,6,194,16,66,0,0,0.1,0,6,147,2,2.02
52,Ren,human,19,Tue,1,13,fomo,1,0,152,835,590,25,2,58,20,68,0,0,0.01,0,3,162,3,2.02
52,Ren,human,19,Tue,1,14,fomo,1,0,134,894,639,28,1,29,22,81,0,0,0.06,0,2,134,4,2.02
52,Ren,human,19,Tue,1,15,fomo,1,0,164,992,695,27,4,116,24,102,0,0,0.01,0,4,166,5,2.02
52,Ren,human,19,Tue,1,16,fomo,1,0,148,1068,764,59,6,194,21,104,0,0,0.07,1,5,144,6,2.02
52,Ren,human,19,Tue,1,17,fomo,1,0,139,1118,793,40,4,136,18,117,0,0,0.13,0,5,180,7,2.02
52,Ren,human,19,Tue,1,18,qna,1,0,127,1159,846,35,1,29,50,144,6,0,0.06,0,5,166,0,2.02
52,Ren,human,19,Tue,1,19,filler,1,0,167,1164,892,22,2,58,24,88,0,0,0.14,0,4,165,0,2.02
52,Ren,human,19,Tue,1,20,hook,2,0,149,1177,839,44,2,78,19,78,0,1,0.01,1,6,147,0,2.02
52,Ren,human,19,Tue,1,21,hook,2,0,151,1181,879,32,4,116,22,106,0,0,0.09,0,6,167,0,2.02
52,Ren,human,19,Tue,1,22,build,2,0,153,1191,842,44,7,263,20,109,0,0,0.32,0,6,165,0,2.02
52,Ren,human,19,Tue,1,23,build,2,0,152,1197,873,57,4,156,12,98,0,1,0.21,0,2,148,0,2.02
52,Ren,human,19,Tue,1,24,build,2,0,130,1185,851,51,5,185,20,104,0,1,0.26,0,7,153,0,2.02
52,Ren,human,19,Tue,1,25,demo,2,0,134,1228,890,96,7,203,19,125,0,1,0.47,1,7,157,0,2.02
52,Ren,human,19,Tue,1,26,demo,2,0,117,1224,897,83,11,379,23,105,0,1,0.61,0,2,177,0,2.02
52,Ren,human,19,Tue,1,27,demo,2,0,138,1256,887,88,11,359,15,100,0,1,0.55,0,5,148,0,2.02
52,Ren,human,19,Tue,1,28,price,2,0,155,1287,946,66,11,379,18,120,0,1,0.08,0,7,178,0,2.02
52,Ren,human,19,Tue,1,29,cta,2,0,143,1279,920,105,11,379,23,120,0,1,0.08,1,3,123,0,2.02
52,Ren,human,19,Tue,1,30,fomo,2,0,141,1316,924,68,10,350,35,103,0,0,0.08,0,2,182,1,2.02
52,Ren,human,19,Tue,1,31,fomo,2,0,150,1372,976,66,9,381,19,120,0,0,0.09,0,4,140,2,2.02
52,Ren,human,19,Tue,1,32,fomo,2,0,148,1421,1047,61,2,58,24,143,0,0,0.13,0,5,150,3,2.02
52,Ren,human,19,Tue,1,33,fomo,2,0,134,1422,1014,71,6,174,29,133,0,1,0.07,1,3,185,4,2.02
52,Ren,human,19,Tue,1,34,qna,2,0,136,1450,1056,52,5,165,51,160,6,0,0.05,0,4,151,0,2.02
52,Ren,human,19,Tue,1,35,qna,2,0,136,1484,1060,52,2,58,55,162,6,0,0.05,0,5,168,0,2.02
52,Ren,human,19,Tue,1,36,hook,3,0,146,1480,1101,55,5,165,27,121,0,0,0.14,1,4,185,0,2.02
52,Ren,human,19,Tue,1,37,build,3,0,139,1461,1053,68,4,136,30,125,0,1,0.16,0,5,144,0,2.02
52,Ren,human,19,Tue,1,38,build,3,0,130,1436,1017,38,3,127,28,112,0,0,0.25,1,5,137,0,2.02
52,Ren,human,19,Tue,1,39,build,3,0,129,1406,1032,68,8,272,23,139,0,0,0.33,1,3,177,0,2.02
52,Ren,human,19,Tue,1,40,build,3,0,121,1387,972,56,6,194,24,112,0,1,0.19,0,6,160,0,2.02
52,Ren,human,19,Tue,1,41,demo,3,0,130,1408,1010,101,17,533,27,129,0,1,0.64,0,4,153,0,2.02
52,Ren,human,19,Tue,1,42,demo,3,0,127,1419,1017,92,4,136,17,113,0,1,0.59,0,6,141,0,2.02
52,Ren,human,19,Tue,1,43,price,3,0,129,1407,1020,104,12,388,26,127,0,1,0.03,1,6,141,0,2.02
52,Ren,human,19,Tue,1,44,cta,3,0,134,1381,990,112,18,622,18,118,0,1,0.08,1,3,181,0,2.02
52,Ren,human,19,Tue,1,45,fomo,3,0,142,1406,995,70,13,417,24,120,0,1,0.07,1,5,131,1,2.02
52,Ren,human,19,Tue,1,46,fomo,3,0,132,1426,998,61,15,495,21,137,0,0,0.14,0,4,134,2,2.02
52,Ren,human,19,Tue,1,47,fomo,3,0,122,1435,1023,54,4,136,17,98,0,0,0.03,1,4,159,3,2.02
52,Ren,human,19,Tue,1,48,fomo,3,0,135,1466,1060,77,10,350,35,144,0,1,0.09,0,4,133,4,2.02
52,Ren,human,19,Tue,1,49,qna,3,0,145,1511,1104,35,3,127,49,178,6,0,0.01,0,4,153,0,2.02
52,Ren,human,19,Tue,1,50,hook,4,0,137,1485,1071,44,5,165,31,122,0,0,0.14,0,7,175,0,2.02
52,Ren,human,19,Tue,1,51,build,4,0,116,1440,1024,70,6,234,20,114,0,1,0.3,0,4,172,0,2.02
52,Ren,human,19,Tue,1,52,build,4,0,134,1419,1027,45,2,78,23,137,0,0,0.25,0,6,147,0,2.02
52,Ren,human,19,Tue,1,53,demo,4,0,148,1435,1056,98,16,524,22,122,0,1,0.55,0,2,171,0,2.02
52,Ren,human,19,Tue,1,54,demo,4,0,142,1443,1058,106,8,312,15,128,0,1,0.47,0,4,168,0,2.02
52,Ren,human,19,Tue,1,55,demo,4,0,151,1468,1040,114,7,263,32,127,0,1,0.52,0,4,182,0,2.02
52,Ren,human,19,Tue,1,56,price,4,0,121,1441,1043,106,14,446,32,145,0,1,0.14,1,6,169,0,2.02
52,Ren,human,19,Tue,1,57,cta,4,0,127,1424,1016,112,16,544,23,138,0,1,0.09,1,5,189,0,2.02
52,Ren,human,19,Tue,1,58,cta,4,0,117,1386,1017,86,15,515,21,123,0,0,0.12,1,4,144,0,2.02
52,Ren,human,19,Tue,1,59,fomo,4,0,122,1398,984,57,10,310,28,119,0,0,0.07,0,7,180,1,2.02
52,Ren,human,19,Tue,1,60,fomo,4,0,134,1422,1031,66,6,214,31,122,0,0,0.07,0,4,162,2,2.02
52,Ren,human,19,Tue,1,61,fomo,4,0,118,1428,1011,64,5,165,35,110,0,0,0.1,0,5,154,3,2.02
52,Ren,human,19,Tue,1,62,fomo,4,0,136,1452,1052,68,7,223,31,105,0,0,0.01,0,6,148,4,2.02
52,Ren,human,19,Tue,1,63,fomo,4,0,115,1431,1005,68,8,272,33,128,0,0,0.15,1,4,167,5,2.02
52,Ren,human,19,Tue,1,64,fomo,4,0,156,1472,1059,58,5,165,41,132,0,0,0.14,0,3,127,6,2.02
52,Ren,human,19,Tue,1,65,qna,4,0,122,1490,1044,28,5,165,52,181,6,0,0,0,4,136,0,2.02
52,Ren,human,19,Tue,1,66,qna,4,0,132,1515,1073,38,4,136,51,184,6,0,0.03,0,5,164,0,2.02
52,Ren,human,19,Tue,1,67,hook,5,0,130,1501,1102,42,3,87,21,132,0,0,0.09,0,3,188,0,2.02
52,Ren,human,19,Tue,1,68,hook,5,0,124,1471,1057,50,4,136,30,123,0,0,0.07,0,5,170,0,2.02
52,Ren,human,19,Tue,1,69,build,5,0,120,1419,990,60,7,203,18,125,0,0,0.2,0,5,134,0,2.02
52,Ren,human,19,Tue,1,70,build,5,0,116,1390,1026,74,12,368,20,117,0,1,0.4,0,5,130,0,2.02
52,Ren,human,19,Tue,1,71,build,5,0,118,1354,985,45,6,214,21,125,0,0,0.26,0,4,145,0,2.02
52,Ren,human,19,Tue,1,72,demo,5,0,144,1398,1000,123,4,116,31,121,0,1,0.82,0,6,155,0,2.02
52,Ren,human,19,Tue,1,73,demo,5,0,117,1376,956,74,12,428,20,115,0,0,0.73,1,7,168,0,2.02
52,Ren,human,19,Tue,1,74,price,5,0,129,1374,977,73,4,196,38,111,0,0,0.15,1,6,163,0,2.02
52,Ren,human,19,Tue,1,75,cta,5,0,116,1338,977,108,19,571,25,112,0,1,0.03,1,2,187,0,2.02
52,Ren,human,19,Tue,1,76,cta,5,0,144,1336,971,96,14,486,15,103,0,1,0.06,0,5,130,0,2.02
52,Ren,human,19,Tue,1,77,fomo,5,0,120,1357,975,82,13,417,22,105,0,1,0.1,0,6,159,1,2.02
52,Ren,human,19,Tue,1,78,fomo,5,0,124,1344,953,75,11,359,25,113,0,0,0.12,1,3,149,2,2.02
52,Ren,human,19,Tue,1,79,fomo,5,0,142,1389,1029,59,4,116,26,119,0,0,0.09,0,6,125,3,2.02
52,Ren,human,19,Tue,1,80,fomo,5,0,128,1411,1024,62,2,78,32,117,0,0,0.08,0,6,174,4,2.02
52,Ren,human,19,Tue,1,81,qna,5,0,106,1392,1013,44,1,29,44,179,6,0,0.08,0,5,130,0,2.02
52,Ren,human,19,Tue,1,82,hook,6,0,120,1396,989,31,2,78,23,112,0,0,0.1,0,4,166,0,2.02
52,Ren,human,19,Tue,1,83,hook,6,0,104,1351,970,40,1,29,22,124,0,0,0.04,0,6,180,0,2.02
52,Ren,human,19,Tue,1,84,build,6,0,121,1309,944,60,4,156,21,107,0,1,0.39,0,7,180,0,2.02
52,Ren,human,19,Tue,1,85,build,6,0,131,1301,957,53,5,165,21,111,0,1,0.23,0,4,189,0,2.02
52,Ren,human,19,Tue,1,86,build,6,0,127,1283,894,55,7,223,24,106,0,1,0.28,0,3,180,0,2.02
52,Ren,human,19,Tue,1,87,build,6,0,103,1252,886,48,4,156,15,124,0,1,0.27,0,6,180,0,2.02
52,Ren,human,19,Tue,1,88,demo,6,0,125,1280,952,99,15,515,15,103,0,1,0.73,0,2,131,0,2.02
52,Ren,human,19,Tue,1,89,demo,6,0,137,1297,916,74,7,243,21,110,0,0,0.51,0,3,184,0,2.02
52,Ren,human,19,Tue,1,90,demo,6,0,99,1273,931,79,4,136,21,118,0,1,0.69,0,4,179,0,2.02
52,Ren,human,19,Tue,1,91,price,6,0,108,1249,895,80,15,475,23,103,0,1,0.13,1,3,155,0,2.02
52,Ren,human,19,Tue,1,92,cta,6,0,154,1275,930,85,10,330,22,109,0,0,0.11,1,5,175,0,2.02
52,Ren,human,19,Tue,1,93,cta,6,0,106,1229,876,86,18,562,24,114,0,1,0.1,0,3,178,0,2.02
52,Ren,human,19,Tue,1,94,fomo,6,0,119,1247,890,49,8,252,32,124,0,0,0.02,0,3,123,1,2.02
52,Ren,human,19,Tue,1,95,fomo,6,0,129,1265,886,49,4,136,26,129,0,0,0.08,0,7,153,2,2.02
52,Ren,human,19,Tue,1,96,fomo,6,0,109,1274,927,54,6,214,24,107,0,0,0.15,0,2,152,3,2.02
52,Ren,human,19,Tue,1,97,fomo,6,0,127,1285,927,74,3,127,24,126,0,1,0.05,0,4,122,4,2.02
52,Ren,human,19,Tue,1,98,fomo,6,0,115,1305,939,65,5,145,18,119,0,0,0.01,1,2,143,5,2.02
52,Ren,human,19,Tue,1,99,fomo,6,0,117,1311,941,46,1,29,30,106,0,0,0.12,0,6,133,6,2.02
52,Ren,human,19,Tue,1,100,qna,6,0,115,1325,948,45,2,78,50,168,6,0,0.06,0,5,170,0,2.02
52,Ren,human,19,Tue,1,101,hook,7,0,130,1323,967,38,2,58,19,106,0,0,0,0,2,131,0,2.02
52,Ren,human,19,Tue,1,102,hook,7,0,142,1322,929,33,1,29,24,119,0,0,0.03,0,2,138,0,2.02
52,Ren,human,19,Tue,1,103,build,7,0,116,1297,934,56,7,223,21,133,0,0,0.36,0,5,136,0,2.02
52,Ren,human,19,Tue,1,104,build,7,0,113,1274,912,56,9,341,23,111,0,1,0.31,0,4,178,0,2.02
52,Ren,human,19,Tue,1,105,demo,7,0,125,1297,919,111,14,466,26,115,0,1,0.6,1,5,168,0,2.02
52,Ren,human,19,Tue,1,106,demo,7,0,116,1291,949,88,14,486,16,123,0,1,0.56,0,3,144,0,2.02
52,Ren,human,19,Tue,1,107,demo,7,0,97,1260,877,97,12,388,19,106,0,1,0.79,0,7,174,0,2.02
52,Ren,human,19,Tue,1,108,price,7,0,110,1250,888,67,6,194,20,118,0,1,0.11,0,6,146,0,2.02
52,Ren,human,19,Tue,1,109,cta,7,0,111,1226,896,60,12,388,16,124,0,0,0.02,0,7,125,0,2.02
52,Ren,human,19,Tue,1,110,cta,7,0,106,1219,874,110,14,486,22,118,0,1,0.03,1,5,131,0,2.02
52,Ren,human,19,Tue,1,111,fomo,7,0,114,1224,875,49,9,281,26,112,0,0,0.12,0,7,185,1,2.02
52,Ren,human,19,Tue,1,112,fomo,7,0,125,1251,900,77,12,408,29,105,0,1,0.09,0,4,126,2,2.02
52,Ren,human,19,Tue,1,113,fomo,7,0,114,1255,907,54,6,214,19,120,0,0,0.02,0,4,166,3,2.02
52,Ren,human,19,Tue,1,114,fomo,7,0,123,1279,941,63,2,58,20,116,0,0,0.07,0,6,181,4,2.02
52,Ren,human,19,Tue,1,115,fomo,7,0,129,1285,932,55,3,107,26,129,0,0,0.03,0,7,158,5,2.02
52,Ren,human,19,Tue,1,116,fomo,7,0,106,1289,944,63,5,165,27,112,0,0,0.13,0,2,186,6,2.02
52,Ren,human,19,Tue,1,117,qna,7,0,103,1306,915,38,5,185,37,138,6,0,0.09,0,5,177,0,2.02
52,Ren,human,19,Tue,1,118,hook,8,0,103,1268,913,41,2,58,26,133,0,1,0.12,0,4,172,0,2.02
52,Ren,human,19,Tue,1,119,hook,8,0,119,1254,886,29,2,78,25,129,0,0,0.13,0,6,137,0,2.02
52,Ren,human,19,Tue,1,120,build,8,0,102,1215,860,58,2,58,27,110,0,0,0.23,1,5,136,0,2.02
53,Priya,human,19,Thu,1,1,hook,1,1,71,71,48,0,0,0,4,25,0,0,0.09,0,3,122,0,1
53,Priya,human,19,Thu,1,2,hook,1,1,74,136,95,7,0,0,7,30,0,1,0.12,0,6,133,0,1
53,Priya,human,19,Thu,1,3,hook,1,1,78,202,146,7,0,0,10,49,0,1,0.02,0,3,130,0,1
53,Priya,human,19,Thu,1,4,hook,1,1,82,274,198,11,0,0,10,70,0,1,0.11,0,4,167,0,1
53,Priya,human,19,Thu,1,5,hook,1,1,81,328,227,11,0,0,19,78,0,0,0.09,0,6,169,0,1
53,Priya,human,19,Thu,1,6,hook,1,1,82,373,271,9,0,0,18,84,0,0,0.1,0,4,142,0,1
53,Priya,human,19,Thu,1,7,demo,1,0,48,391,284,25,2,78,8,33,0,1,0.56,0,4,183,0,1
53,Priya,human,19,Thu,1,8,demo,1,0,55,414,302,34,8,252,10,35,0,1,0.84,0,3,145,0,1
53,Priya,human,19,Thu,1,9,demo,1,0,57,434,311,28,3,87,9,35,0,1,0.84,0,7,128,0,1
53,Priya,human,19,Thu,1,10,demo,1,0,54,447,317,37,8,292,10,31,0,1,0.82,0,5,180,0,1
53,Priya,human,19,Thu,1,11,price,1,0,120,525,369,25,1,29,10,47,0,0,0.14,0,3,159,0,2
53,Priya,human,19,Thu,1,12,cta,1,0,97,568,411,35,7,223,10,28,0,0,0.07,1,3,172,0,2
53,Priya,human,19,Thu,1,13,fomo,1,0,115,629,463,28,5,165,10,62,0,0,0.02,0,5,168,1,2
53,Priya,human,19,Thu,1,14,fomo,1,0,113,691,489,28,2,78,15,62,0,0,0.01,0,7,189,2,2
53,Priya,human,19,Thu,1,15,fomo,1,0,109,741,513,32,2,78,16,78,0,0,0.02,0,4,131,3,2
53,Priya,human,19,Thu,1,16,qna,1,0,108,795,555,20,1,29,23,102,6,0,0.11,0,2,152,0,2
53,Priya,human,19,Thu,1,17,qna,1,0,102,839,625,28,0,0,21,104,6,0,0.07,0,5,134,0,2
53,Priya,human,19,Thu,1,18,qna,1,0,118,888,624,24,1,29,26,93,6,0,0.13,0,5,149,0,2
53,Priya,human,19,Thu,1,19,filler,1,0,96,848,620,18,1,29,5,70,0,0,0.05,0,5,153,0,2
53,Priya,human,19,Thu,1,20,dead,1,0,96,770,557,8,0,0,5,58,0,0,0.04,0,7,20,0,2
53,Priya,human,19,Thu,1,21,hook,2,0,110,816,566,26,2,58,16,67,0,0,0.07,0,6,171,0,2
53,Priya,human,19,Thu,1,22,build,2,0,119,847,620,29,1,49,13,87,0,0,0.31,0,2,182,0,2
53,Priya,human,19,Thu,1,23,build,2,0,119,873,621,34,1,29,14,71,0,0,0.25,0,6,153,0,2
53,Priya,human,19,Thu,1,24,build,2,0,103,879,635,36,3,87,17,88,0,0,0.26,0,4,170,0,2
53,Priya,human,19,Thu,1,25,build,2,0,92,874,633,41,6,174,15,96,0,1,0.39,0,5,138,0,2
53,Priya,human,19,Thu,1,26,demo,2,0,116,890,641,79,6,194,16,71,0,1,0.82,1,6,161,0,2
53,Priya,human,19,Thu,1,27,demo,2,0,114,915,659,59,6,194,16,100,0,0,0.71,0,4,123,0,2
53,Priya,human,19,Thu,1,28,demo,2,0,129,962,668,63,4,116,17,106,0,1,0.57,0,3,177,0,2
53,Priya,human,19,Thu,1,29,price,2,0,120,991,704,67,6,194,16,99,0,1,0.09,1,3,171,0,2
53,Priya,human,19,Thu,1,30,cta,2,0,119,1019,757,46,8,272,11,78,0,0,0.02,0,5,138,0,2
53,Priya,human,19,Thu,1,31,cta,2,0,109,1021,721,75,12,368,11,109,0,0,0.01,1,5,154,0,2
53,Priya,human,19,Thu,1,32,fomo,2,0,114,1055,763,42,5,145,25,100,0,0,0.01,0,4,168,1,2
53,Priya,human,19,Thu,1,33,fomo,2,0,100,1080,771,54,12,428,23,99,0,0,0.14,0,5,141,2,2
53,Priya,human,19,Thu,1,34,qna,2,0,113,1117,819,35,5,145,49,152,6,0,0.08,0,4,162,0,2
53,Priya,human,19,Thu,1,35,qna,2,0,111,1168,830,45,2,78,39,139,6,0,0.06,0,6,136,0,2
53,Priya,human,19,Thu,1,36,filler,2,0,121,1096,807,23,2,78,10,99,0,1,0.01,0,4,176,0,2
53,Priya,human,19,Thu,1,37,hook,3,0,103,1104,799,31,1,49,17,108,0,0,0.06,0,5,147,0,2
53,Priya,human,19,Thu,1,38,hook,3,0,94,1090,773,28,4,116,13,107,0,0,0.02,0,4,166,0,2
53,Priya,human,19,Thu,1,39,build,3,0,105,1057,769,59,11,359,11,93,0,1,0.37,0,2,139,0,2
53,Priya,human,19,Thu,1,40,build,3,0,110,1051,741,28,3,107,15,87,0,0,0.4,0,5,154,0,2
53,Priya,human,19,Thu,1,41,demo,3,0,107,1069,769,66,11,379,20,79,0,1,0.59,0,4,144,0,2
53,Priya,human,19,Thu,1,42,demo,3,0,102,1051,770,91,6,214,25,99,0,1,0.73,1,6,153,0,2
53,Priya,human,19,Thu,1,43,demo,3,0,108,1077,752,54,4,116,17,97,0,1,0.49,0,6,166,0,2
53,Priya,human,19,Thu,1,44,price,3,0,127,1100,767,66,14,466,10,93,0,1,0.03,1,4,143,0,2
53,Priya,human,19,Thu,1,45,cta,3,0,106,1081,759,72,15,495,13,98,0,1,0.12,1,7,165,0,2
53,Priya,human,19,Thu,1,46,cta,3,0,112,1077,778,80,12,468,23,106,0,1,0.04,1,5,143,0,2
53,Priya,human,19,Thu,1,47,fomo,3,0,97,1066,772,38,8,292,35,113,0,0,0.04,0,5,121,1,2
53,Priya,human,19,Thu,1,48,fomo,3,0,99,1094,791,40,3,127,27,71,0,0,0.11,0,5,123,2,2
53,Priya,human,19,Thu,1,49,qna,3,0,101,1120,794,38,6,194,34,129,6,0,0.11,0,2,149,0,2
53,Priya,human,19,Thu,1,50,qna,3,0,104,1135,811,31,4,136,39,143,6,0,0.04,0,4,129,0,2
53,Priya,human,19,Thu,1,51,hook,4,0,104,1116,797,23,2,78,23,110,0,0,0.08,0,4,138,0,2
53,Priya,human,19,Thu,1,52,hook,4,0,103,1109,765,34,4,156,15,88,0,0,0.02,0,3,122,0,2
53,Priya,human,19,Thu,1,53,build,4,0,121,1105,795,53,3,87,13,92,0,1,0.31,0,4,132,0,2
53,Priya,human,19,Thu,1,54,build,4,0,86,1064,750,36,4,116,16,103,0,0,0.33,0,6,136,0,2
53,Priya,human,19,Thu,1,55,build,4,0,108,1056,760,56,2,78,18,100,0,1,0.16,0,7,149,0,2
53,Priya,human,19,Thu,1,56,build,4,0,101,1036,735,53,5,205,24,101,0,0,0.18,1,3,149,0,2
53,Priya,human,19,Thu,1,57,demo,4,0,112,1044,759,71,9,301,19,87,0,1,0.71,0,3,133,0,2
53,Priya,human,19,Thu,1,58,demo,4,0,96,1062,768,86,9,281,14,86,0,1,0.85,0,4,126,0,2
53,Priya,human,19,Thu,1,59,demo,4,0,101,1072,785,83,10,310,28,105,0,1,0.45,0,4,182,0,2
53,Priya,human,19,Thu,1,60,demo,4,0,92,1072,773,74,6,174,21,96,0,1,0.74,0,5,186,0,2
53,Priya,human,19,Thu,1,61,price,4,0,97,1075,765,76,7,243,21,123,0,1,0.13,1,3,147,0,2
53,Priya,human,19,Thu,1,62,cta,4,0,93,1053,750,84,11,339,10,98,0,1,0.02,1,4,131,0,2
53,Priya,human,19,Thu,1,63,cta,4,0,92,1014,728,76,2,78,18,94,0,1,0.09,1,2,147,0,2
53,Priya,human,19,Thu,1,64,fomo,4,0,105,1039,725,39,11,379,21,90,0,0,0.01,0,3,135,1,2
53,Priya,human,19,Thu,1,65,fomo,4,0,110,1059,744,42,7,223,17,104,0,0,0.01,0,5,129,2,2
53,Priya,human,19,Thu,1,66,qna,4,0,95,1073,768,39,7,243,36,119,6,1,0.12,0,5,153,0,2
53,Priya,human,19,Thu,1,67,qna,4,0,113,1097,764,43,5,165,30,145,6,1,0.03,0,4,171,0,2
53,Priya,human,19,Thu,1,68,qna,4,0,96,1113,801,29,6,234,40,148,6,0,0.01,0,5,175,0,2
53,Priya,human,19,Thu,1,69,qna,4,0,108,1133,804,34,4,116,41,128,6,0,0.06,0,5,133,0,2
53,Priya,human,19,Thu,1,70,filler,4,0,105,1068,774,24,3,127,2,107,0,0,0.07,0,3,147,0,2
53,Priya,human,19,Thu,1,71,hook,5,0,95,1063,775,45,4,116,19,102,0,0,0.15,1,3,177,0,2
53,Priya,human,19,Thu,1,72,build,5,0,98,1034,725,41,3,107,14,101,0,0,0.35,0,6,189,0,2
53,Priya,human,19,Thu,1,73,build,5,0,98,1012,731,41,4,136,12,79,0,1,0.38,0,5,131,0,2
53,Priya,human,19,Thu,1,74,build,5,0,109,1011,710,57,5,185,16,90,0,1,0.26,1,4,140,0,2
53,Priya,human,19,Thu,1,75,demo,5,0,109,1033,743,68,8,232,19,92,0,1,0.71,0,4,157,0,2
53,Priya,human,19,Thu,1,76,demo,5,0,104,1040,753,42,6,234,22,93,0,0,0.71,0,4,189,0,2
53,Priya,human,19,Thu,1,77,demo,5,0,107,1047,747,60,6,194,20,97,0,0,0.63,0,3,162,0,2
53,Priya,human,19,Thu,1,78,demo,5,0,93,1048,759,68,11,399,25,90,0,1,0.65,0,6,133,0,2
53,Priya,human,19,Thu,1,79,demo,5,0,92,1054,746,85,10,390,14,106,0,1,0.74,0,4,144,0,2
53,Priya,human,19,Thu,1,80,price,5,0,80,1018,747,71,8,252,22,78,0,1,0.06,1,3,161,0,2
53,Priya,human,19,Thu,1,81,cta,5,0,99,1009,720,70,13,417,18,86,0,1,0.02,1,4,124,0,2
53,Priya,human,19,Thu,1,82,fomo,5,0,89,1011,727,40,5,165,21,86,0,0,0.09,0,2,152,1,2
53,Priya,human,19,Thu,1,83,fomo,5,0,84,999,747,55,6,174,19,89,0,0,0.09,0,4,163,2,2
53,Priya,human,19,Thu,1,84,qna,5,0,78,1002,704,28,3,87,30,135,6,0,0.1,1,6,175,0,2
53,Priya,human,19,Thu,1,85,qna,5,0,108,1032,751,33,4,176,35,123,6,0,0.05,0,4,122,0,2
53,Priya,human,19,Thu,1,86,filler,5,0,101,996,754,19,2,58,8,92,0,0,0.14,0,3,187,0,2
53,Priya,human,19,Thu,1,87,hook,6,0,88,983,711,23,3,87,8,84,0,0,0.07,0,4,154,0,2
53,Priya,human,19,Thu,1,88,hook,6,0,92,972,689,24,1,49,20,80,0,0,0,1,6,152,0,2
53,Priya,human,19,Thu,1,89,build,6,0,102,973,676,40,5,165,11,75,0,1,0.38,0,7,167,0,2
53,Priya,human,19,Thu,1,90,build,6,0,90,954,673,44,2,78,15,87,0,1,0.32,0,3,170,0,2
53,Priya,human,19,Thu,1,91,build,6,0,101,936,683,49,9,301,16,75,0,1,0.25,1,3,166,0,2
53,Priya,human,19,Thu,1,92,demo,6,0,89,949,679,73,4,136,13,83,0,1,0.85,0,5,165,0,2
53,Priya,human,19,Thu,1,93,demo,6,0,99,950,692,59,5,165,19,99,0,1,0.69,0,2,143,0,2
53,Priya,human,19,Thu,1,94,demo,6,0,101,957,691,59,8,292,16,89,0,1,0.48,1,4,129,0,2
53,Priya,human,19,Thu,1,95,price,6,0,94,965,703,61,8,292,8,93,0,0,0.01,1,2,153,0,2
53,Priya,human,19,Thu,1,96,cta,6,0,110,966,709,89,15,495,18,85,0,1,0.01,1,6,148,0,2
53,Priya,human,19,Thu,1,97,fomo,6,0,102,985,723,50,6,214,10,82,0,0,0.15,1,3,135,1,2
53,Priya,human,19,Thu,1,98,fomo,6,0,102,1007,714,52,5,145,22,76,0,0,0.06,0,6,121,2,2
53,Priya,human,19,Thu,1,99,qna,6,0,105,1035,753,31,4,136,32,119,6,0,0.06,0,6,139,0,2
53,Priya,human,19,Thu,1,100,qna,6,0,84,1044,732,31,6,174,38,127,6,0,0.03,0,4,139,0,2
53,Priya,human,19,Thu,1,101,qna,6,0,100,1050,738,19,2,58,34,128,6,0,0.09,0,3,153,0,2
53,Priya,human,19,Thu,1,102,hook,7,0,87,1030,749,31,2,58,12,108,0,0,0.01,0,3,150,0,2
53,Priya,human,19,Thu,1,103,hook,7,0,101,1025,734,26,0,0,20,91,0,1,0.15,0,5,156,0,2
53,Priya,human,19,Thu,1,104,build,7,0,87,1010,719,39,4,136,16,87,0,1,0.35,0,6,129,0,2
53,Priya,human,19,Thu,1,105,build,7,0,81,979,699,37,3,107,12,82,0,0,0.26,0,5,163,0,2
53,Priya,human,19,Thu,1,106,demo,7,0,112,983,714,82,6,194,14,90,0,1,0.81,1,6,184,0,2
53,Priya,human,19,Thu,1,107,demo,7,0,99,1005,725,65,5,165,19,87,0,1,0.79,0,3,189,0,2
53,Priya,human,19,Thu,1,108,demo,7,0,70,985,722,66,6,214,22,82,0,1,0.67,0,4,159,0,2
53,Priya,human,19,Thu,1,109,price,7,0,86,974,707,52,5,185,25,94,0,0,0.09,0,4,182,0,2
53,Priya,human,19,Thu,1,110,cta,7,0,103,966,717,48,10,330,13,83,0,1,0.13,0,6,186,0,2
53,Priya,human,19,Thu,1,111,fomo,7,0,85,985,707,41,6,214,16,80,0,0,0.05,0,5,145,1,2
53,Priya,human,19,Thu,1,112,qna,7,0,102,1024,726,42,9,281,34,110,6,0,0.02,1,7,147,0,2
53,Priya,human,19,Thu,1,113,qna,7,0,88,1034,752,36,3,107,33,118,6,0,0.01,0,4,185,0,2
53,Priya,human,19,Thu,1,114,qna,7,0,75,1037,766,37,2,58,35,119,6,0,0.11,0,6,131,0,2
53,Priya,human,19,Thu,1,115,hook,8,0,81,1014,723,26,1,29,22,75,0,0,0.06,0,6,142,0,2
53,Priya,human,19,Thu,1,116,build,8,0,70,961,704,33,4,136,10,83,0,0,0.22,0,2,120,0,2
53,Priya,human,19,Thu,1,117,build,8,0,83,925,637,29,2,78,11,102,0,0,0.34,0,3,138,0,2
53,Priya,human,19,Thu,1,118,build,8,0,107,939,651,49,10,370,22,84,0,1,0.22,0,5,151,0,2
53,Priya,human,19,Thu,1,119,build,8,0,87,935,661,45,3,87,13,65,0,1,0.37,0,3,123,0,2
53,Priya,human,19,Thu,1,120,demo,8,0,95,952,673,64,6,194,17,104,0,1,0.82,1,5,134,0,2
54,Maya,human,20,Sat,0,1,hook,1,0,72,72,52,4,0,0,3,5,0,0,0.03,0,7,170,0,1
54,Maya,human,20,Sat,0,2,hook,1,0,90,153,108,6,0,0,1,14,0,0,0.03,0,2,179,0,1
54,Maya,human,20,Sat,0,3,build,1,0,84,224,158,9,1,29,2,19,0,0,0.29,0,4,144,0,1
54,Maya,human,20,Sat,0,4,build,1,0,83,283,208,9,3,87,4,27,0,0,0.19,0,5,161,0,1
54,Maya,human,20,Sat,0,5,demo,1,0,71,332,245,17,4,116,7,30,0,1,0.83,0,5,134,0,1
54,Maya,human,20,Sat,0,6,demo,1,0,75,372,261,28,4,116,7,36,0,1,0.45,0,6,173,0,1
54,Maya,human,20,Sat,0,7,demo,1,0,72,416,303,25,4,136,8,48,0,1,0.65,0,3,152,0,1
54,Maya,human,20,Sat,0,8,price,1,0,63,440,318,26,3,87,5,43,0,0,0.1,1,3,188,0,1
54,Maya,human,20,Sat,0,9,cta,1,0,77,463,339,20,2,78,10,41,0,0,0.11,0,4,125,0,1
54,Maya,human,20,Sat,0,10,cta,1,0,72,486,345,34,5,165,11,47,0,0,0.01,0,7,160,0,1
54,Maya,human,20,Sat,0,11,fomo,1,0,97,545,375,20,4,156,10,53,0,0,0.04,0,5,155,1,1.32
54,Maya,human,20,Sat,0,12,qna,1,0,127,638,448,24,5,145,25,62,6,1,0.12,0,4,129,0,1.32
54,Maya,human,20,Sat,0,13,qna,1,0,103,689,509,24,3,87,20,83,6,0,0.1,0,4,156,0,1.32
54,Maya,human,20,Sat,0,14,hook,2,0,118,747,525,17,1,29,9,72,0,0,0.03,0,7,186,0,1.32
54,Maya,human,20,Sat,0,15,hook,2,0,102,775,537,19,0,0,13,86,0,0,0.01,0,6,171,0,1.32
54,Maya,human,20,Sat,0,16,build,2,0,101,804,604,43,1,29,14,74,0,1,0.31,0,4,123,0,1.32
54,Maya,human,20,Sat,0,17,build,2,0,97,811,566,29,2,58,17,89,0,0,0.15,0,6,171,0,1.32
54,Maya,human,20,Sat,0,18,build,2,0,105,827,578,43,5,165,12,72,0,1,0.18,0,4,163,0,1.32
54,Maya,human,20,Sat,0,19,demo,2,0,110,863,612,51,7,203,6,67,0,1,0.54,0,7,164,0,1.32
54,Maya,human,20,Sat,0,20,demo,2,0,93,870,631,67,12,348,22,65,0,1,0.83,0,4,170,0,1.32
54,Maya,human,20,Sat,0,21,demo,2,0,80,868,602,55,9,321,12,88,0,1,0.56,0,5,169,0,1.32
54,Maya,human,20,Sat,0,22,price,2,0,91,866,643,51,10,370,13,63,0,1,0.1,1,5,153,0,1.32
54,Maya,human,20,Sat,0,23,cta,2,0,102,867,583,52,11,359,15,68,0,0,0.14,1,6,162,0,1.32
54,Maya,human,20,Sat,0,24,cta,2,0,100,889,645,72,17,573,17,74,0,1,0.13,1,4,159,0,1.32
54,Maya,human,20,Sat,0,25,fomo,2,0,113,917,659,36,5,165,28,74,0,0,0.01,0,3,173,1,1.32
54,Maya,human,20,Sat,0,26,qna,2,0,104,946,695,29,3,107,35,104,6,0,0.06,0,2,159,0,1.32
54,Maya,human,20,Sat,0,27,hook,3,0,106,973,691,31,3,127,20,97,0,1,0.13,0,5,174,0,1.32
54,Maya,human,20,Sat,0,28,hook,3,0,94,955,678,21,2,58,24,80,0,0,0.07,0,3,149,0,1.32
54,Maya,human,20,Sat,0,29,build,3,0,111,971,685,37,3,87,15,92,0,1,0.22,0,2,188,0,1.32
54,Maya,human,20,Sat,0,30,build,3,0,106,946,680,45,8,292,19,88,0,1,0.34,0,6,176,0,1.32
54,Maya,human,20,Sat,0,31,build,3,0,106,969,700,45,6,174,17,85,0,1,0.16,0,2,176,0,1.32
54,Maya,human,20,Sat,0,32,demo,3,0,98,977,722,70,9,321,15,101,0,1,0.52,0,4,155,0,1.32
54,Maya,human,20,Sat,0,33,demo,3,0,101,995,742,74,12,408,15,91,0,1,0.75,0,2,183,0,1.32
54,Maya,human,20,Sat,0,34,demo,3,0,115,1015,704,77,11,359,17,89,0,1,0.57,0,5,153,0,1.32
54,Maya,human,20,Sat,0,35,demo,3,0,89,1020,740,66,6,194,24,94,0,1,0.51,0,3,182,0,1.32
54,Maya,human,20,Sat,0,36,price,3,0,99,1008,701,53,5,145,19,102,0,1,0,0,5,153,0,1.32
54,Maya,human,20,Sat,0,37,cta,3,0,95,974,699,73,14,466,13,92,0,1,0.1,1,6,142,0,1.32
54,Maya,human,20,Sat,0,38,cta,3,0,92,966,701,80,12,388,21,100,0,1,0.14,1,2,138,0,1.32
54,Maya,human,20,Sat,0,39,fomo,3,0,92,985,708,45,7,263,16,91,0,0,0.02,0,5,177,1,1.32
54,Maya,human,20,Sat,0,40,qna,3,0,100,1006,724,35,7,203,35,107,6,1,0.07,0,3,160,0,1.32
54,Maya,human,20,Sat,0,41,qna,3,0,82,1006,749,27,2,78,42,106,6,0,0.1,0,5,137,0,1.32
54,Maya,human,20,Sat,0,42,qna,3,0,82,1017,719,37,6,214,41,138,6,0,0.03,0,5,177,0,1.32
54,Maya,human,20,Sat,0,43,hook,4,0,85,996,723,26,2,78,16,88,0,0,0.14,0,2,151,0,1.32
54,Maya,human,20,Sat,0,44,hook,4,0,89,988,686,21,0,0,20,82,0,0,0.03,0,4,152,0,1.32
54,Maya,human,20,Sat,0,45,build,4,0,84,972,689,55,5,185,16,81,0,1,0.31,0,7,121,0,1.32
54,Maya,human,20,Sat,0,46,build,4,0,95,976,722,47,8,292,18,85,0,1,0.39,0,6,149,0,1.32
54,Maya,human,20,Sat,0,47,demo,4,0,84,969,705,60,9,301,14,99,0,1,0.7,0,2,132,0,1.32
54,Maya,human,20,Sat,0,48,demo,4,0,101,1003,695,53,9,281,17,98,0,1,0.62,0,6,149,0,1.32
54,Maya,human,20,Sat,0,49,demo,4,0,105,1020,742,69,10,290,16,98,0,1,0.56,0,7,185,0,1.32
54,Maya,human,20,Sat,0,50,demo,4,0,79,1027,740,57,6,274,13,117,0,1,0.64,0,5,190,0,1.32
54,Maya,human,20,Sat,0,51,demo,4,0,100,1019,765,74,6,214,20,98,0,1,0.72,0,6,128,0,1.32
54,Maya,human,20,Sat,0,52,price,4,0,69,1000,725,45,6,214,14,93,0,0,0.09,1,3,177,0,1.32
54,Maya,human,20,Sat,0,53,cta,4,0,106,1001,729,78,14,466,15,82,0,1,0.03,1,4,153,0,1.32
54,Maya,human,20,Sat,0,54,cta,4,0,89,984,690,58,14,426,25,84,0,0,0.11,0,5,125,0,1.32
54,Maya,human,20,Sat,0,55,fomo,4,0,96,1004,733,50,9,261,25,71,0,0,0.03,0,5,190,1,1.32
54,Maya,human,20,Sat,0,56,qna,4,0,86,1018,730,23,1,29,27,122,6,0,0.11,0,4,160,0,1.32
54,Maya,human,20,Sat,0,57,qna,4,0,87,1042,764,42,5,145,39,115,6,0,0.05,0,7,164,0,1.32
54,Maya,human,20,Sat,0,58,qna,4,0,90,1066,752,42,5,185,37,119,6,1,0.06,0,3,185,0,1.32
54,Maya,human,20,Sat,0,59,filler,4,0,89,997,706,24,4,136,10,82,0,0,0.11,1,6,133,0,1.32
54,Maya,human,20,Sat,0,60,hook,5,0,84,985,706,28,3,107,10,91,0,0,0.07,1,3,183,0,1.32
54,Maya,human,20,Sat,0,61,hook,5,0,106,997,738,32,5,185,20,89,0,0,0.06,0,4,145,0,1.32
54,Maya,human,20,Sat,0,62,build,5,0,80,962,691,41,7,263,14,69,0,0,0.31,0,6,147,0,1.32
54,Maya,human,20,Sat,0,63,build,5,0,94,942,664,41,4,156,19,74,0,1,0.38,0,5,166,0,1.32
54,Maya,human,20,Sat,0,64,build,5,0,93,924,658,33,3,107,11,101,0,0,0.35,0,6,133,0,1.32
54,Maya,human,20,Sat,0,65,demo,5,0,75,917,666,61,7,203,15,76,0,1,0.61,0,3,147,0,1.32
54,Maya,human,20,Sat,0,66,demo,5,0,82,925,669,62,5,165,17,90,0,1,0.6,0,5,123,0,1.32
54,Maya,human,20,Sat,0,67,demo,5,0,92,938,668,64,10,350,18,87,0,1,0.73,0,7,138,0,1.32
54,Maya,human,20,Sat,0,68,demo,5,0,85,935,672,61,14,446,15,85,0,1,0.84,0,4,174,0,1.32
54,Maya,human,20,Sat,0,69,price,5,0,100,949,665,42,5,185,12,89,0,0,0.06,1,4,165,0,1.32
54,Maya,human,20,Sat,0,70,cta,5,0,87,939,661,43,5,165,18,61,0,0,0.04,0,2,124,0,1.32
54,Maya,human,20,Sat,0,71,cta,5,0,86,929,647,73,14,486,19,66,0,0,0.01,1,5,158,0,1.32
54,Maya,human,20,Sat,0,72,fomo,5,0,98,955,675,34,7,223,17,89,0,0,0.03,0,6,171,1,1.32
54,Maya,human,20,Sat,0,73,qna,5,0,99,977,677,24,4,136,36,103,6,0,0.13,0,6,132,0,1.32
54,Maya,human,20,Sat,0,74,qna,5,0,93,996,716,24,3,107,37,124,6,0,0.07,0,5,153,0,1.32
54,Maya,human,20,Sat,0,75,hook,6,0,92,993,745,23,0,0,16,91,0,0,0.09,1,3,132,0,1.32
54,Maya,human,20,Sat,0,76,hook,6,0,87,979,697,20,2,78,19,84,0,0,0.04,0,7,163,0,1.32
54,Maya,human,20,Sat,0,77,build,6,0,87,950,675,46,6,214,14,88,0,1,0.37,0,4,180,0,1.32
54,Maya,human,20,Sat,0,78,build,6,0,94,951,687,40,2,58,10,92,0,0,0.38,0,3,141,0,1.32
54,Maya,human,20,Sat,0,79,build,6,0,69,915,666,41,1,29,17,98,0,1,0.22,0,3,133,0,1.32
54,Maya,human,20,Sat,0,80,build,6,0,100,925,676,31,3,87,18,87,0,1,0.3,0,6,133,0,1.32
54,Maya,human,20,Sat,0,81,demo,6,0,84,922,666,67,9,301,9,78,0,1,0.49,0,5,160,0,1.32
54,Maya,human,20,Sat,0,82,demo,6,0,86,932,669,60,6,174,15,96,0,1,0.51,0,2,173,0,1.32
54,Maya,human,20,Sat,0,83,demo,6,0,101,954,668,72,5,165,19,88,0,1,0.48,0,3,160,0,1.32
54,Maya,human,20,Sat,0,84,price,6,0,86,934,673,57,7,223,19,81,0,1,0.09,0,5,176,0,1.32
54,Maya,human,20,Sat,0,85,cta,6,0,92,923,664,57,10,330,9,74,0,0,0.03,1,2,165,0,1.32
54,Maya,human,20,Sat,0,86,cta,6,0,89,917,657,75,15,535,13,87,0,1,0.15,1,5,172,0,1.32
54,Maya,human,20,Sat,0,87,fomo,6,0,89,939,698,33,3,127,18,59,0,0,0.07,0,6,152,1,1.32
54,Maya,human,20,Sat,0,88,qna,6,0,87,964,685,35,2,58,39,118,6,0,0.02,0,4,127,0,1.32
54,Maya,human,20,Sat,0,89,qna,6,0,81,962,669,27,5,145,37,116,6,0,0.02,0,4,152,0,1.32
54,Maya,human,20,Sat,0,90,qna,6,0,79,965,704,38,2,58,26,106,6,1,0.12,0,3,177,0,1.32
54,Maya,human,20,Sat,0,91,hook,7,0,101,978,713,27,6,194,15,85,0,0,0.01,0,3,137,0,1.32
54,Maya,human,20,Sat,0,92,hook,7,0,86,949,675,31,1,29,13,92,0,0,0.07,1,3,164,0,1.32
54,Maya,human,20,Sat,0,93,build,7,0,79,928,665,44,2,78,14,65,0,1,0.34,0,5,141,0,1.32
54,Maya,human,20,Sat,0,94,build,7,0,77,931,680,49,6,214,15,73,0,1,0.19,0,7,190,0,1.32
54,Maya,human,20,Sat,0,95,build,7,0,88,904,635,42,14,446,16,88,0,1,0.28,0,6,152,0,1.32
54,Maya,human,20,Sat,0,96,demo,7,0,80,909,644,60,11,319,14,76,0,1,0.66,0,3,160,0,1.32
54,Maya,human,20,Sat,0,97,demo,7,0,89,910,674,48,8,252,7,76,0,1,0.78,0,6,144,0,1.32
54,Maya,human,20,Sat,0,98,demo,7,0,105,950,683,58,7,243,22,95,0,0,0.47,1,3,126,0,1.32
54,Maya,human,20,Sat,0,99,price,7,0,78,943,694,40,5,165,15,104,0,0,0.14,1,7,133,0,1.32
54,Maya,human,20,Sat,0,100,cta,7,0,88,936,673,81,18,582,19,92,0,1,0.01,0,6,180,0,1.32
54,Maya,human,20,Sat,0,101,cta,7,0,72,889,656,63,11,319,15,85,0,0,0.06,1,7,131,0,1.32
54,Maya,human,20,Sat,0,102,fomo,7,0,84,902,653,29,6,214,23,74,0,0,0.05,0,5,182,1,1.32
54,Maya,human,20,Sat,0,103,qna,7,0,72,912,639,24,2,78,32,87,6,0,0.12,0,4,164,0,1.32
54,Maya,human,20,Sat,0,104,qna,7,0,65,917,672,15,1,29,40,112,6,0,0.13,0,4,174,0,1.32
54,Maya,human,20,Sat,0,105,filler,7,0,82,854,608,19,4,116,10,68,0,0,0.02,0,2,165,0,1.32
54,Maya,human,20,Sat,0,106,hook,8,0,87,850,622,26,0,0,18,60,0,1,0.11,0,4,135,0,1.32
54,Maya,human,20,Sat,0,107,hook,8,0,84,841,593,22,1,29,15,72,0,0,0.1,0,2,130,0,1.32
54,Maya,human,20,Sat,0,108,build,8,0,87,845,603,28,2,58,13,58,0,1,0.26,0,6,160,0,1.32
54,Maya,human,20,Sat,0,109,build,8,0,84,843,607,27,4,116,13,79,0,0,0.28,0,4,172,0,1.32
54,Maya,human,20,Sat,0,110,demo,8,0,107,883,661,60,8,252,18,69,0,1,0.73,0,6,127,0,1.32
54,Maya,human,20,Sat,0,111,demo,8,0,62,861,616,67,5,165,14,71,0,1,0.83,0,5,182,0,1.32
54,Maya,human,20,Sat,0,112,demo,8,0,85,880,638,65,6,214,19,73,0,1,0.65,0,5,142,0,1.32
54,Maya,human,20,Sat,0,113,price,8,0,90,900,662,62,11,359,19,88,0,0,0.14,1,4,184,0,1.32
54,Maya,human,20,Sat,0,114,cta,8,0,84,901,670,62,15,495,15,81,0,1,0.04,1,5,184,0,1.32
54,Maya,human,20,Sat,0,115,cta,8,0,56,868,635,67,16,584,17,87,0,1,0.06,1,4,174,0,1.32
54,Maya,human,20,Sat,0,116,fomo,8,0,77,862,627,38,8,292,10,72,0,0,0.13,0,5,143,1,1.32
54,Maya,human,20,Sat,0,117,qna,8,0,81,883,647,20,4,136,34,92,6,0,0.14,0,6,174,0,1.32
54,Maya,human,20,Sat,0,118,qna,8,0,70,892,664,32,5,185,35,83,6,0,0.13,0,6,185,0,1.32
54,Maya,human,20,Sat,0,119,dead,8,0,83,793,562,10,1,29,5,78,0,0,0.14,0,5,20,0,1.32
54,Maya,human,20,Sat,0,120,hook,9,0,90,804,581,18,1,29,17,55,0,0,0.1,0,6,173,0,1.32
55,Maya,human,19,Sun,1,1,hook,1,1,75,75,58,3,0,0,1,14,0,0,0.07,1,3,150,0,1
55,Maya,human,19,Sun,1,2,hook,1,1,90,160,109,2,0,0,10,41,0,0,0.12,0,3,159,0,1
55,Maya,human,19,Sun,1,3,hook,1,1,87,228,172,4,0,0,13,40,0,0,0.02,0,5,154,0,1
55,Maya,human,19,Sun,1,4,hook,1,1,78,288,206,10,2,98,12,64,0,0,0.04,0,6,129,0,1
55,Maya,human,19,Sun,1,5,hook,1,1,110,365,261,4,0,0,18,70,0,0,0.1,0,4,182,0,1
55,Maya,human,19,Sun,1,6,hook,1,1,86,420,306,14,1,49,18,102,0,0,0.03,0,4,190,0,1
55,Maya,human,19,Sun,1,7,demo,1,0,75,461,334,31,1,29,7,42,0,1,0.7,0,7,141,0,1
55,Maya,human,19,Sun,1,8,demo,1,0,68,488,355,39,6,194,6,42,0,1,0.5,0,7,144,0,1
55,Maya,human,19,Sun,1,9,price,1,0,84,522,371,35,8,232,11,49,0,0,0.13,1,4,182,0,1
55,Maya,human,19,Sun,1,10,cta,1,0,79,542,396,41,8,252,7,36,0,1,0.08,1,6,183,0,1
55,Maya,human,19,Sun,1,11,fomo,1,0,122,612,444,30,4,116,16,43,0,0,0.09,0,5,124,1,1.78
55,Maya,human,19,Sun,1,12,qna,1,0,133,700,500,18,4,136,23,85,6,0,0.07,0,3,159,0,1.78
55,Maya,human,19,Sun,1,13,qna,1,0,107,749,568,31,3,127,24,79,6,1,0.08,0,3,139,0,1.78
55,Maya,human,19,Sun,1,14,filler,1,0,106,745,533,17,1,29,5,51,0,0,0.12,0,4,158,0,1.78
55,Maya,human,19,Sun,1,15,hook,2,0,106,777,567,21,1,29,23,66,0,0,0.1,0,5,189,0,1.78
55,Maya,human,19,Sun,1,16,build,2,0,91,764,558,42,7,243,15,75,0,1,0.29,0,5,168,0,1.78
55,Maya,human,19,Sun,1,17,build,2,0,112,802,577,28,3,87,13,61,0,1,0.16,0,6,121,0,1.78
55,Maya,human,19,Sun,1,18,build,2,0,105,835,606,51,2,78,16,63,0,1,0.29,0,6,143,0,1.78
55,Maya,human,19,Sun,1,19,build,2,0,117,868,610,34,2,78,10,70,0,1,0.23,0,6,138,0,1.78
55,Maya,human,19,Sun,1,20,demo,2,0,118,916,669,61,6,214,19,80,0,1,0.74,1,4,182,0,1.78
55,Maya,human,19,Sun,1,21,demo,2,0,123,976,693,65,5,165,20,65,0,1,0.65,0,3,158,0,1.78
55,Maya,human,19,Sun,1,22,demo,2,0,101,975,719,90,11,419,19,61,0,1,0.85,1,7,145,0,1.78
55,Maya,human,19,Sun,1,23,price,2,0,124,1003,744,51,5,185,21,79,0,0,0.13,1,3,175,0,1.78
55,Maya,human,19,Sun,1,24,cta,2,0,134,1031,722,59,10,350,25,95,0,0,0.03,1,6,184,0,1.78
55,Maya,human,19,Sun,1,25,fomo,2,0,106,1044,735,46,3,87,20,97,0,0,0.09,1,4,123,1,1.78
55,Maya,human,19,Sun,1,26,qna,2,0,122,1081,827,33,3,107,39,132,6,0,0.05,0,3,162,0,1.78
55,Maya,human,19,Sun,1,27,qna,2,0,100,1110,820,35,6,214,27,129,6,0,0,0,2,162,0,1.78
55,Maya,human,19,Sun,1,28,hook,3,0,121,1111,798,48,2,58,17,104,0,1,0.12,0,6,188,0,1.78
55,Maya,human,19,Sun,1,29,build,3,0,92,1083,792,64,6,214,22,97,0,1,0.38,0,6,154,0,1.78
55,Maya,human,19,Sun,1,30,build,3,0,116,1073,782,33,3,127,19,87,0,1,0.24,0,4,122,0,1.78
55,Maya,human,19,Sun,1,31,build,3,0,107,1038,760,42,2,58,12,86,0,1,0.23,0,6,122,0,1.78
55,Maya,human,19,Sun,1,32,demo,3,0,127,1071,750,58,8,232,16,108,0,0,0.75,0,3,173,0,1.78
55,Maya,human,19,Sun,1,33,demo,3,0,125,1111,828,87,8,292,16,92,0,1,0.7,0,4,163,0,1.78
55,Maya,human,19,Sun,1,34,demo,3,0,100,1101,814,73,6,214,27,95,0,1,0.71,0,3,163,0,1.78
55,Maya,human,19,Sun,1,35,demo,3,0,114,1111,790,75,10,370,22,112,0,1,0.68,0,3,142,0,1.78
55,Maya,human,19,Sun,1,36,demo,3,0,117,1127,804,55,6,214,21,114,0,1,0.68,0,2,156,0,1.78
55,Maya,human,19,Sun,1,37,price,3,0,105,1117,814,50,4,156,23,115,0,0,0.12,1,6,145,0,1.78
55,Maya,human,19,Sun,1,38,cta,3,0,113,1116,806,73,12,368,19,103,0,0,0.12,0,7,176,0,1.78
55,Maya,human,19,Sun,1,39,fomo,3,0,117,1132,834,58,8,232,17,86,0,0,0.1,0,6,124,1,1.78
55,Maya,human,19,Sun,1,40,qna,3,0,99,1155,847,38,4,136,48,149,6,0,0.06,0,5,124,0,1.78
55,Maya,human,19,Sun,1,41,qna,3,0,110,1178,852,33,6,214,37,144,6,0,0.02,0,6,146,0,1.78
55,Maya,human,19,Sun,1,42,hook,4,0,104,1161,814,34,1,29,13,106,0,0,0.03,0,3,157,0,1.78
55,Maya,human,19,Sun,1,43,build,4,0,101,1122,804,46,6,194,13,82,0,1,0.27,0,3,129,0,1.78
55,Maya,human,19,Sun,1,44,build,4,0,119,1123,800,34,4,116,18,102,0,0,0.25,0,4,168,0,1.78
55,Maya,human,19,Sun,1,45,build,4,0,107,1105,811,55,7,203,19,95,0,1,0.3,0,4,152,0,1.78
55,Maya,human,19,Sun,1,46,build,4,0,111,1089,803,32,5,185,23,95,0,0,0.22,0,7,151,0,1.78
55,Maya,human,19,Sun,1,47,demo,4,0,110,1094,772,84,10,370,22,104,0,1,0.77,0,6,174,0,1.78
55,Maya,human,19,Sun,1,48,demo,4,0,105,1096,785,73,8,292,21,100,0,1,0.67,0,5,185,0,1.78
55,Maya,human,19,Sun,1,49,demo,4,0,110,1101,770,80,3,127,15,93,0,1,0.57,0,6,124,0,1.78
55,Maya,human,19,Sun,1,50,demo,4,0,114,1115,809,67,7,203,18,108,0,1,0.51,0,7,148,0,1.78
55,Maya,human,19,Sun,1,51,price,4,0,116,1125,835,67,9,321,27,103,0,1,0.01,0,5,160,0,1.78
55,Maya,human,19,Sun,1,52,cta,4,0,96,1091,798,84,11,379,18,107,0,0,0.15,1,6,160,0,1.78
55,Maya,human,19,Sun,1,53,cta,4,0,98,1083,794,88,11,359,24,93,0,1,0.05,1,4,126,0,1.78
55,Maya,human,19,Sun,1,54,fomo,4,0,107,1096,785,51,6,214,21,99,0,0,0.02,0,4,177,1,1.78
55,Maya,human,19,Sun,1,55,qna,4,0,107,1123,817,38,2,58,46,132,6,0,0.11,0,6,145,0,1.78
55,Maya,human,19,Sun,1,56,qna,4,0,91,1122,819,41,7,283,40,127,6,0,0.13,0,2,136,0,1.78
55,Maya,human,19,Sun,1,57,qna,4,0,108,1172,850,37,5,185,45,135,6,1,0.07,0,3,134,0,1.78
55,Maya,human,19,Sun,1,58,qna,4,0,107,1202,880,41,5,165,34,140,6,0,0.04,0,5,164,0,1.78
55,Maya,human,19,Sun,1,59,hook,5,0,114,1193,888,40,4,136,18,92,0,0,0.09,0,3,173,0,1.78
55,Maya,human,19,Sun,1,60,build,5,0,97,1152,837,64,5,185,26,108,0,1,0.32,0,6,171,0,1.78
55,Maya,human,19,Sun,1,61,build,5,0,117,1119,829,62,11,419,15,110,0,1,0.3,0,6,145,0,1.78
55,Maya,human,19,Sun,1,62,build,5,0,101,1101,805,32,7,263,15,107,0,0,0.19,0,6,137,0,1.78
55,Maya,human,19,Sun,1,63,demo,5,0,109,1115,827,96,12,388,21,91,0,1,0.78,0,6,133,0,1.78
55,Maya,human,19,Sun,1,64,demo,5,0,107,1127,776,52,2,78,18,88,0,1,0.81,0,3,164,0,1.78
55,Maya,human,19,Sun,1,65,demo,5,0,92,1122,827,75,10,330,16,102,0,1,0.53,0,4,182,0,1.78
55,Maya,human,19,Sun,1,66,demo,5,0,118,1125,817,76,5,165,21,105,0,1,0.8,0,6,162,0,1.78
55,Maya,human,19,Sun,1,67,price,5,0,97,1105,780,65,7,223,21,113,0,0,0.07,1,5,137,0,1.78
55,Maya,human,19,Sun,1,68,cta,5,0,96,1090,819,80,19,591,24,94,0,1,0.15,1,7,177,0,1.78
55,Maya,human,19,Sun,1,69,fomo,5,0,114,1107,837,60,7,203,26,103,0,1,0.07,0,6,122,1,1.78
55,Maya,human,19,Sun,1,70,qna,5,0,112,1142,815,29,1,29,54,149,6,0,0.01,0,5,125,0,1.78
55,Maya,human,19,Sun,1,71,qna,5,0,113,1173,843,28,3,107,40,151,6,0,0.14,0,6,143,0,1.78
55,Maya,human,19,Sun,1,72,qna,5,0,103,1199,890,25,4,156,43,142,6,0,0.05,0,5,166,0,1.78
55,Maya,human,19,Sun,1,73,qna,5,0,97,1213,885,49,8,252,30,123,6,1,0.03,0,5,173,0,1.78
55,Maya,human,19,Sun,1,74,hook,6,0,96,1190,854,22,0,0,18,108,0,0,0,0,5,134,0,1.78
55,Maya,human,19,Sun,1,75,hook,6,0,115,1171,830,50,5,145,17,107,0,1,0.02,0,6,150,0,1.78
55,Maya,human,19,Sun,1,76,build,6,0,105,1160,823,49,6,194,23,101,0,0,0.35,0,6,146,0,1.78
55,Maya,human,19,Sun,1,77,build,6,0,90,1140,837,49,5,145,12,93,0,0,0.32,0,5,154,0,1.78
55,Maya,human,19,Sun,1,78,build,6,0,106,1119,775,55,7,223,21,106,0,1,0.36,0,5,139,0,1.78
55,Maya,human,19,Sun,1,79,demo,6,0,95,1130,823,86,10,310,16,90,0,1,0.69,0,3,123,0,1.78
55,Maya,human,19,Sun,1,80,demo,6,0,83,1112,794,76,10,310,20,90,0,1,0.5,0,5,152,0,1.78
55,Maya,human,19,Sun,1,81,demo,6,0,97,1103,790,55,5,165,22,93,0,1,0.58,0,2,174,0,1.78
55,Maya,human,19,Sun,1,82,price,6,0,89,1082,781,56,4,116,20,98,0,1,0.07,0,6,142,0,1.78
55,Maya,human,19,Sun,1,83,cta,6,0,98,1062,731,60,16,564,17,90,0,0,0.15,1,4,173,0,1.78
55,Maya,human,19,Sun,1,84,cta,6,0,101,1047,755,81,17,593,16,94,0,1,0.12,1,5,180,0,1.78
55,Maya,human,19,Sun,1,85,fomo,6,0,103,1050,773,50,10,390,18,71,0,0,0.13,0,4,182,1,1.78
55,Maya,human,19,Sun,1,86,qna,6,0,102,1072,789,35,8,292,41,142,6,0,0.07,0,3,165,0,1.78
55,Maya,human,19,Sun,1,87,qna,6,0,102,1094,760,32,4,136,34,138,6,0,0.02,0,3,137,0,1.78
55,Maya,human,19,Sun,1,88,qna,6,0,97,1101,776,24,4,176,41,134,6,0,0.13,0,6,163,0,1.78
55,Maya,human,19,Sun,1,89,hook,7,0,114,1082,790,32,3,87,15,91,0,0,0.07,0,6,169,0,1.78
55,Maya,human,19,Sun,1,90,hook,7,0,104,1088,791,24,2,58,14,88,0,0,0.09,0,4,143,0,1.78
55,Maya,human,19,Sun,1,91,build,7,0,102,1054,756,43,4,136,20,96,0,0,0.29,0,4,126,0,1.78
55,Maya,human,19,Sun,1,92,build,7,0,104,1038,756,32,3,107,19,103,0,0,0.16,0,7,122,0,1.78
55,Maya,human,19,Sun,1,93,demo,7,0,92,1028,738,74,5,165,14,102,0,1,0.68,0,6,161,0,1.78
55,Maya,human,19,Sun,1,94,demo,7,0,90,1020,741,63,7,223,21,88,0,0,0.51,0,5,130,0,1.78
55,Maya,human,19,Sun,1,95,demo,7,0,98,1031,752,62,7,243,24,90,0,1,0.61,0,5,129,0,1.78
55,Maya,human,19,Sun,1,96,demo,7,0,103,1040,726,57,8,272,22,90,0,1,0.5,0,3,180,0,1.78
55,Maya,human,19,Sun,1,97,price,7,0,96,1035,737,59,11,339,15,98,0,1,0.01,1,4,132,0,1.78
55,Maya,human,19,Sun,1,98,cta,7,0,91,1018,732,58,11,339,13,86,0,0,0.11,1,7,146,0,1.78
55,Maya,human,19,Sun,1,99,cta,7,0,81,988,704,59,7,223,18,101,0,0,0.07,1,6,125,0,1.78
55,Maya,human,19,Sun,1,100,fomo,7,0,113,1032,706,69,16,564,20,91,0,1,0.14,1,4,151,1,1.78
55,Maya,human,19,Sun,1,101,qna,7,0,94,1057,762,43,8,232,52,106,6,1,0.11,0,7,171,0,1.78
55,Maya,human,19,Sun,1,102,qna,7,0,121,1091,784,45,9,281,43,133,6,1,0.05,0,2,126,0,1.78
55,Maya,human,19,Sun,1,103,hook,8,0,88,1073,789,39,1,29,21,98,0,0,0.07,0,3,139,0,1.78
55,Maya,human,19,Sun,1,104,build,8,0,103,1069,775,36,2,58,30,84,0,1,0.38,0,4,187,0,1.78
55,Maya,human,19,Sun,1,105,build,8,0,99,1058,769,63,4,136,18,87,0,1,0.2,1,2,154,0,1.78
55,Maya,human,19,Sun,1,106,demo,8,0,110,1087,765,69,3,107,22,99,0,1,0.55,0,5,185,0,1.78
55,Maya,human,19,Sun,1,107,demo,8,0,88,1084,777,71,8,292,21,108,0,1,0.83,0,3,123,0,1.78
55,Maya,human,19,Sun,1,108,demo,8,0,89,1086,747,75,6,194,21,108,0,1,0.69,0,6,174,0,1.78
55,Maya,human,19,Sun,1,109,demo,8,0,93,1082,744,68,7,223,22,105,0,1,0.73,0,3,133,0,1.78
55,Maya,human,19,Sun,1,110,price,8,0,77,1044,759,47,5,165,23,72,0,0,0.01,1,2,175,0,1.78
55,Maya,human,19,Sun,1,111,cta,8,0,93,1034,743,79,13,437,18,101,0,1,0.05,1,4,128,0,1.78
55,Maya,human,19,Sun,1,112,cta,8,0,85,1006,699,79,12,448,22,96,0,1,0,1,3,174,0,1.78
55,Maya,human,19,Sun,1,113,fomo,8,0,105,1031,757,47,9,281,23,106,0,0,0.07,0,3,169,1,1.78
55,Maya,human,19,Sun,1,114,fomo,8,0,86,1028,760,47,8,272,30,85,0,0,0.07,0,5,134,2,1.78
55,Maya,human,19,Sun,1,115,qna,8,0,88,1059,753,31,1,29,34,135,6,0,0.02,0,3,134,0,1.78
55,Maya,human,19,Sun,1,116,filler,8,0,89,998,734,21,2,78,12,87,0,0,0.08,0,7,170,0,1.78
55,Maya,human,19,Sun,1,117,dead,8,0,109,921,684,8,0,0,12,60,0,0,0.04,0,3,20,0,1.78
55,Maya,human,19,Sun,1,118,hook,9,0,87,911,659,41,3,107,20,103,0,1,0.05,0,7,164,0,1.78
55,Maya,human,19,Sun,1,119,build,9,0,105,915,640,36,4,156,15,86,0,1,0.19,0,4,131,0,1.78
55,Maya,human,19,Sun,1,120,build,9,0,91,889,641,35,4,136,11,90,0,0,0.16,0,2,176,0,1.78
56,Ren,human,17,Wed,1,1,hook,1,1,83,83,59,1,0,0,2,14,0,0,0.06,0,3,178,0,1
56,Ren,human,17,Wed,1,2,hook,1,1,48,129,95,4,1,29,2,35,0,0,0.13,0,4,129,0,1
56,Ren,human,17,Wed,1,3,hook,1,1,71,189,141,2,0,0,4,49,0,0,0.02,0,3,133,0,1
56,Ren,human,17,Wed,1,4,hook,1,1,59,230,167,7,1,29,10,44,0,0,0.08,0,4,170,0,1
56,Ren,human,17,Wed,1,5,hook,1,1,53,264,188,6,1,29,13,53,0,0,0.02,0,6,124,0,1
56,Ren,human,17,Wed,1,6,hook,1,1,59,297,220,12,1,29,15,71,0,0,0.08,0,4,175,0,1
56,Ren,human,17,Wed,1,7,demo,1,0,41,317,229,21,1,29,8,36,0,1,0.76,1,5,186,0,1
56,Ren,human,17,Wed,1,8,price,1,0,45,326,242,21,3,107,3,25,0,0,0.07,1,2,184,0,1
56,Ren,human,17,Wed,1,9,cta,1,0,44,336,238,23,6,194,5,31,0,1,0.12,1,2,183,0,1
56,Ren,human,17,Wed,1,10,fomo,1,0,35,346,245,18,4,116,5,35,0,0,0.02,0,5,171,1,1
56,Ren,human,17,Wed,1,11,fomo,1,0,70,386,292,22,4,156,8,40,0,0,0.03,0,3,178,2,2.02
56,Ren,human,17,Wed,1,12,fomo,1,0,91,446,323,23,0,0,11,40,0,0,0.04,0,6,172,3,2.02
56,Ren,human,17,Wed,1,13,fomo,1,0,75,487,354,25,3,107,13,38,0,1,0.09,0,5,123,4,2.02
56,Ren,human,17,Wed,1,14,fomo,1,0,71,515,360,20,0,0,15,48,0,0,0.07,0,4,176,5,2.02
56,Ren,human,17,Wed,1,15,fomo,1,0,79,542,384,24,5,205,9,54,0,1,0.14,0,2,168,6,2.02
56,Ren,human,17,Wed,1,16,fomo,1,0,89,591,427,15,2,58,13,47,0,0,0,0,6,133,7,2.02
56,Ren,human,17,Wed,1,17,qna,1,0,99,650,456,20,5,165,15,70,6,0,0.07,0,5,187,0,2.02
56,Ren,human,17,Wed,1,18,filler,1,0,84,644,464,14,2,58,5,52,0,0,0.14,0,7,161,0,2.02
56,Ren,human,17,Wed,1,19,hook,2,0,84,666,482,21,1,29,10,60,0,0,0.13,0,5,173,0,2.02
56,Ren,human,17,Wed,1,20,build,2,0,80,681,480,34,3,147,6,62,0,1,0.16,0,4,120,0,2.02
56,Ren,human,17,Wed,1,21,build,2,0,91,708,509,33,2,58,7,64,0,0,0.19,0,6,123,0,2.02
56,Ren,human,17,Wed,1,22,build,2,0,63,688,518,35,6,174,6,68,0,1,0.24,0,6,155,0,2.02
56,Ren,human,17,Wed,1,23,demo,2,0,74,706,511,70,9,341,16,50,0,1,0.84,0,5,190,0,2.02
56,Ren,human,17,Wed,1,24,demo,2,0,91,732,530,57,10,370,11,61,0,1,0.82,0,5,135,0,2.02
56,Ren,human,17,Wed,1,25,demo,2,0,85,759,553,54,6,194,14,67,0,1,0.5,0,5,165,0,2.02
56,Ren,human,17,Wed,1,26,price,2,0,67,750,515,28,7,203,12,61,0,0,0.14,0,6,136,0,2.02
56,Ren,human,17,Wed,1,27,cta,2,0,74,762,570,51,13,417,15,70,0,1,0.13,0,4,179,0,2.02
56,Ren,human,17,Wed,1,28,cta,2,0,65,749,531,46,5,165,15,65,0,0,0.15,1,7,144,0,2.02
56,Ren,human,17,Wed,1,29,fomo,2,0,86,778,546,43,5,145,8,83,0,1,0.11,0,3,187,1,2.02
56,Ren,human,17,Wed,1,30,fomo,2,0,80,789,564,31,4,116,15,76,0,0,0.03,0,4,158,2,2.02
56,Ren,human,17,Wed,1,31,fomo,2,0,94,805,577,38,2,58,20,69,0,0,0.07,0,6,136,3,2.02
56,Ren,human,17,Wed,1,32,fomo,2,0,66,809,572,41,1,29,19,91,0,0,0.1,0,4,181,4,2.02
56,Ren,human,17,Wed,1,33,fomo,2,0,73,806,570,28,1,29,25,75,0,0,0.12,1,2,154,5,2.02
56,Ren,human,17,Wed,1,34,fomo,2,0,77,816,579,37,2,58,14,69,0,0,0.13,0,4,167,6,2.02
56,Ren,human,17,Wed,1,35,qna,2,0,90,839,614,22,1,29,22,92,6,0,0.02,0,3,128,0,2.02
56,Ren,human,17,Wed,1,36,hook,3,0,83,818,585,21,0,0,7,65,0,0,0.03,0,6,125,0,2.02
56,Ren,human,17,Wed,1,37,build,3,0,75,810,590,42,6,194,6,71,0,0,0.26,0,4,171,0,2.02
56,Ren,human,17,Wed,1,38,build,3,0,78,800,583,29,2,58,11,64,0,1,0.34,0,7,163,0,2.02
56,Ren,human,17,Wed,1,39,build,3,0,82,794,563,40,0,0,13,62,0,1,0.23,0,6,156,0,2.02
56,Ren,human,17,Wed,1,40,demo,3,0,79,806,590,64,8,252,10,75,0,1,0.81,0,5,177,0,2.02
56,Ren,human,17,Wed,1,41,demo,3,0,89,828,611,59,3,87,15,75,0,1,0.76,0,6,147,0,2.02
56,Ren,human,17,Wed,1,42,demo,3,0,73,838,584,47,4,116,13,76,0,1,0.56,0,6,172,0,2.02
56,Ren,human,17,Wed,1,43,price,3,0,76,838,603,43,6,194,13,73,0,0,0.14,1,4,125,0,2.02
56,Ren,human,17,Wed,1,44,cta,3,0,71,814,577,55,8,252,13,78,0,1,0.02,1,4,123,0,2.02
56,Ren,human,17,Wed,1,45,cta,3,0,82,804,592,44,9,321,14,81,0,0,0.12,0,4,124,0,2.02
56,Ren,human,17,Wed,1,46,fomo,3,0,69,811,574,32,6,194,19,84,0,1,0.11,0,3,150,1,2.02
56,Ren,human,17,Wed,1,47,fomo,3,0,57,796,584,41,7,243,14,82,0,0,0.07,0,5,150,2,2.02
56,Ren,human,17,Wed,1,48,fomo,3,0,67,797,568,26,3,87,7,69,0,0,0.03,0,6,137,3,2.02
56,Ren,human,17,Wed,1,49,fomo,3,0,72,806,562,33,5,165,17,76,0,0,0,0,4,150,4,2.02
56,Ren,human,17,Wed,1,50,fomo,3,0,79,821,580,47,4,156,14,70,0,0,0.15,0,6,167,5,2.02
56,Ren,human,17,Wed,1,51,fomo,3,0,78,829,609,33,0,0,18,65,0,0,0.04,0,4,174,6,2.02
56,Ren,human,17,Wed,1,52,qna,3,0,66,838,625,30,3,107,30,93,6,0,0.07,1,3,136,0,2.02
56,Ren,human,17,Wed,1,53,qna,3,0,72,859,609,29,3,87,38,96,6,0,0.01,0,5,175,0,2.02
56,Ren,human,17,Wed,1,54,hook,4,0,68,843,618,22,2,78,12,83,0,0,0.05,0,2,166,0,2.02
56,Ren,human,17,Wed,1,55,build,4,0,70,815,565,45,4,136,18,68,0,1,0.3,1,4,159,0,2.02
56,Ren,human,17,Wed,1,56,build,4,0,73,783,576,45,4,136,12,95,0,1,0.4,0,3,187,0,2.02
56,Ren,human,17,Wed,1,57,build,4,0,76,777,565,41,2,58,14,64,0,1,0.25,0,5,125,0,2.02
56,Ren,human,17,Wed,1,58,build,4,0,85,799,576,34,5,145,13,80,0,1,0.28,0,4,144,0,2.02
56,Ren,human,17,Wed,1,59,demo,4,0,66,807,574,54,10,370,25,71,0,1,0.68,0,5,122,0,2.02
56,Ren,human,17,Wed,1,60,demo,4,0,76,810,583,52,6,194,12,82,0,0,0.75,0,6,151,0,2.02
56,Ren,human,17,Wed,1,61,price,4,0,59,789,591,77,10,330,9,68,0,1,0.14,1,5,146,0,2.02
56,Ren,human,17,Wed,1,62,cta,4,0,65,771,550,58,16,544,12,65,0,1,0.12,1,3,138,0,2.02
56,Ren,human,17,Wed,1,63,fomo,4,0,66,779,560,39,5,145,9,51,0,0,0.15,0,5,187,1,2.02
56,Ren,human,17,Wed,1,64,fomo,4,0,73,784,551,36,5,145,18,61,0,1,0.03,0,3,129,2,2.02
56,Ren,human,17,Wed,1,65,fomo,4,0,79,782,575,34,4,176,17,69,0,0,0.09,0,2,177,3,2.02
56,Ren,human,17,Wed,1,66,fomo,4,0,73,790,572,37,4,136,17,75,0,0,0.05,0,3,169,4,2.02
56,Ren,human,17,Wed,1,67,fomo,4,0,68,798,569,40,5,165,13,67,0,0,0.14,0,4,140,5,2.02
56,Ren,human,17,Wed,1,68,fomo,4,0,70,804,570,37,2,78,18,77,0,1,0.09,0,5,157,6,2.02
56,Ren,human,17,Wed,1,69,qna,4,0,75,828,577,27,3,87,23,105,6,0,0.03,0,5,173,0,2.02
56,Ren,human,17,Wed,1,70,qna,4,0,85,859,636,12,0,0,32,95,6,0,0.08,0,2,122,0,2.02
56,Ren,human,17,Wed,1,71,filler,4,0,80,820,574,19,2,58,16,86,0,1,0.11,0,3,138,0,2.02
56,Ren,human,17,Wed,1,72,hook,5,0,88,848,619,28,4,136,15,85,0,1,0.13,0,2,164,0,2.02
56,Ren,human,17,Wed,1,73,build,5,0,68,820,585,35,4,116,17,63,0,0,0.37,0,4,148,0,2.02
56,Ren,human,17,Wed,1,74,build,5,0,75,783,545,32,4,116,11,72,0,1,0.37,0,4,143,0,2.02
56,Ren,human,17,Wed,1,75,build,5,0,61,757,547,39,7,223,11,68,0,1,0.32,0,7,178,0,2.02
56,Ren,human,17,Wed,1,76,build,5,0,83,749,531,38,4,156,12,65,0,1,0.29,0,5,143,0,2.02
56,Ren,human,17,Wed,1,77,demo,5,0,75,766,547,44,4,136,11,51,0,1,0.62,0,6,182,0,2.02
56,Ren,human,17,Wed,1,78,demo,5,0,71,776,549,46,2,98,10,69,0,1,0.61,0,7,133,0,2.02
56,Ren,human,17,Wed,1,79,demo,5,0,71,793,591,53,7,203,10,75,0,1,0.59,0,3,142,0,2.02
56,Ren,human,17,Wed,1,80,price,5,0,65,781,559,53,3,87,12,59,0,1,0.13,1,6,157,0,2.02
56,Ren,human,17,Wed,1,81,cta,5,0,88,786,571,42,5,185,11,75,0,0,0.11,1,6,172,0,2.02
56,Ren,human,17,Wed,1,82,cta,5,0,71,770,547,48,4,136,11,60,0,0,0.12,1,5,134,0,2.02
56,Ren,human,17,Wed,1,83,fomo,5,0,67,780,548,39,5,185,14,73,0,0,0.12,0,5,182,1,2.02
56,Ren,human,17,Wed,1,84,fomo,5,0,69,787,575,32,4,136,15,71,0,0,0.08,0,5,134,2,2.02
56,Ren,human,17,Wed,1,85,fomo,5,0,63,781,552,27,4,136,10,62,0,0,0.09,0,7,168,3,2.02
56,Ren,human,17,Wed,1,86,fomo,5,0,92,806,579,52,2,58,12,75,0,1,0.05,0,3,176,4,2.02
56,Ren,human,17,Wed,1,87,fomo,5,0,65,809,585,40,1,29,13,71,0,0,0.11,0,2,182,5,2.02
56,Ren,human,17,Wed,1,88,fomo,5,0,57,799,592,27,1,49,15,70,0,0,0.03,0,4,131,6,2.02
56,Ren,human,17,Wed,1,89,qna,5,0,61,805,582,25,2,78,29,85,6,0,0.07,0,4,144,0,2.02
56,Ren,human,17,Wed,1,90,dead,5,0,55,691,513,18,0,0,8,74,0,0,0.02,0,5,20,0,2.02
56,Ren,human,17,Wed,1,91,hook,6,0,66,693,496,17,1,49,14,57,0,0,0.03,0,3,157,0,2.02
56,Ren,human,17,Wed,1,92,build,6,0,69,679,486,34,1,29,11,65,0,1,0.21,0,7,161,0,2.02
56,Ren,human,17,Wed,1,93,build,6,0,66,680,497,25,4,156,10,75,0,0,0.28,0,3,162,0,2.02
56,Ren,human,17,Wed,1,94,build,6,0,68,666,489,33,2,78,12,60,0,1,0.38,1,5,124,0,2.02
56,Ren,human,17,Wed,1,95,demo,6,0,58,672,485,37,4,116,7,70,0,0,0.75,0,2,136,0,2.02
56,Ren,human,17,Wed,1,96,demo,6,0,73,694,511,56,6,214,6,47,0,1,0.79,0,4,139,0,2.02
56,Ren,human,17,Wed,1,97,demo,6,0,58,691,511,45,2,58,9,61,0,0,0.62,0,6,188,0,2.02
56,Ren,human,17,Wed,1,98,price,6,0,61,678,498,49,7,223,14,51,0,1,0.06,1,3,160,0,2.02
56,Ren,human,17,Wed,1,99,cta,6,0,87,688,475,51,5,145,11,65,0,1,0.08,1,3,154,0,2.02
56,Ren,human,17,Wed,1,100,cta,6,0,77,686,508,58,10,370,10,79,0,1,0.05,1,4,183,0,2.02
56,Ren,human,17,Wed,1,101,fomo,6,0,73,701,487,32,5,165,23,66,0,0,0.12,0,4,147,1,2.02
56,Ren,human,17,Wed,1,102,fomo,6,0,68,707,502,28,8,252,14,58,0,0,0.04,0,7,154,2,2.02
56,Ren,human,17,Wed,1,103,fomo,6,0,63,707,495,32,1,29,17,51,0,1,0.13,0,7,147,3,2.02
56,Ren,human,17,Wed,1,104,fomo,6,0,70,704,504,28,2,58,11,67,0,0,0.13,0,5,165,4,2.02
56,Ren,human,17,Wed,1,105,fomo,6,0,71,725,503,38,2,78,20,70,0,1,0.04,0,2,142,5,2.02
56,Ren,human,17,Wed,1,106,fomo,6,0,60,719,518,31,2,58,15,66,0,0,0.15,0,6,122,6,2.02
56,Ren,human,17,Wed,1,107,qna,6,0,66,728,513,20,1,29,32,80,6,0,0.12,1,4,156,0,2.02
56,Ren,human,17,Wed,1,108,qna,6,0,76,748,538,28,4,136,26,70,6,1,0.07,1,2,139,0,2.02
56,Ren,human,17,Wed,1,109,filler,6,0,84,731,538,19,1,29,7,58,0,0,0,0,5,135,0,2.02
56,Ren,human,17,Wed,1,110,hook,7,0,55,719,513,16,3,87,15,76,0,0,0.13,0,5,190,0,2.02
56,Ren,human,17,Wed,1,111,build,7,0,71,721,526,26,4,136,11,76,0,0,0.17,0,3,160,0,2.02
56,Ren,human,17,Wed,1,112,build,7,0,70,709,504,27,2,78,11,56,0,1,0.4,0,4,166,0,2.02
56,Ren,human,17,Wed,1,113,build,7,0,59,690,475,32,4,116,13,56,0,1,0.23,0,5,153,0,2.02
56,Ren,human,17,Wed,1,114,demo,7,0,77,699,514,52,6,194,17,78,0,1,0.68,0,2,183,0,2.02
56,Ren,human,17,Wed,1,115,demo,7,0,67,697,488,44,7,243,18,55,0,1,0.63,0,4,171,0,2.02
56,Ren,human,17,Wed,1,116,price,7,0,69,699,515,39,5,145,10,62,0,0,0.15,1,5,184,0,2.02
56,Ren,human,17,Wed,1,117,cta,7,0,54,669,471,48,9,281,6,66,0,0,0.07,1,4,175,0,2.02
56,Ren,human,17,Wed,1,118,fomo,7,0,55,666,475,39,5,165,12,67,0,1,0.11,0,6,154,1,2.02
56,Ren,human,17,Wed,1,119,fomo,7,0,63,669,470,25,3,107,12,63,0,0,0.1,0,3,162,2,2.02
56,Ren,human,17,Wed,1,120,fomo,7,0,56,674,469,23,1,29,13,66,0,0,0.07,0,5,186,3,2.02
57,Kai,ai,17,Mon,1,1,hook,1,1,33,33,20,1,0,0,0,14,0,0,0.05,0,3,157,0,1
57,Kai,ai,17,Mon,1,2,hook,1,1,57,86,49,2,0,0,5,16,0,0,0.12,0,3,159,0,1
57,Kai,ai,17,Mon,1,3,hook,1,1,43,118,92,1,0,0,6,19,0,0,0.11,0,2,156,0,1
57,Kai,ai,17,Mon,1,4,hook,1,1,53,157,114,5,1,29,6,27,0,1,0.1,1,2,158,0,1
57,Kai,ai,17,Mon,1,5,hook,1,1,51,187,125,5,2,78,12,53,0,0,0.06,1,1,157,0,1
57,Kai,ai,17,Mon,1,6,hook,1,1,36,203,145,8,0,0,5,47,0,0,0.02,1,2,158,0,1
57,Kai,ai,17,Mon,1,7,demo,1,0,22,203,140,19,1,29,4,13,0,1,0.62,0,2,155,0,1
57,Kai,ai,17,Mon,1,8,price,1,0,26,205,149,14,2,58,3,17,0,1,0.1,1,2,156,0,1
57,Kai,ai,17,Mon,1,9,cta,1,0,32,213,151,8,1,29,5,12,0,0,0,1,2,160,0,1
57,Kai,ai,17,Mon,1,10,cta,1,0,40,231,165,22,6,194,3,24,0,1,0.05,1,2,156,0,1
57,Kai,ai,17,Mon,1,11,fomo,1,0,53,259,190,12,2,98,3,23,0,0,0.09,0,2,155,1,1.81
57,Kai,ai,17,Mon,1,12,fomo,1,0,55,286,207,14,1,49,8,23,0,1,0.03,0,2,159,2,1.81
57,Kai,ai,17,Mon,1,13,filler,1,0,50,282,188,7,0,0,5,26,0,0,0.14,1,2,156,0,1.81
57,Kai,ai,17,Mon,1,14,filler,1,0,39,278,196,6,0,0,4,19,0,0,0.03,0,2,159,0,1.81
57,Kai,ai,17,Mon,1,15,hook,2,0,42,292,224,5,1,29,3,21,0,1,0.13,0,1,155,0,1.81
57,Kai,ai,17,Mon,1,16,hook,2,0,47,309,225,13,0,0,2,24,0,1,0.1,0,3,155,0,1.81
57,Kai,ai,17,Mon,1,17,build,2,0,67,337,237,15,3,87,5,19,0,1,0.33,0,1,158,0,1.81
57,Kai,ai,17,Mon,1,18,build,2,0,55,358,255,20,4,176,10,31,0,1,0.29,0,3,155,0,1.81
57,Kai,ai,17,Mon,1,19,build,2,0,50,359,268,23,0,0,6,31,0,1,0.28,0,2,160,0,1.81
57,Kai,ai,17,Mon,1,20,build,2,0,50,366,260,18,1,49,10,35,0,0,0.36,0,1,160,0,1.81
57,Kai,ai,17,Mon,1,21,demo,2,0,56,385,278,24,2,58,7,27,0,1,0.53,1,1,155,0,1.81
57,Kai,ai,17,Mon,1,22,demo,2,0,49,387,286,23,1,29,5,31,0,1,0.69,0,3,155,0,1.81
57,Kai,ai,17,Mon,1,23,demo,2,0,45,388,269,26,3,107,10,32,0,1,0.53,0,2,156,0,1.81
57,Kai,ai,17,Mon,1,24,price,2,0,47,383,288,29,5,165,7,40,0,0,0.08,1,3,160,0,1.81
57,Kai,ai,17,Mon,1,25,cta,2,0,48,375,265,25,3,127,2,36,0,1,0.06,1,3,157,0,1.81
57,Kai,ai,17,Mon,1,26,fomo,2,0,52,402,290,17,2,78,8,29,0,0,0.03,0,3,159,1,1.81
57,Kai,ai,17,Mon,1,27,fomo,2,0,46,405,280,16,1,29,7,42,0,0,0.01,0,1,159,2,1.81
57,Kai,ai,17,Mon,1,28,filler,2,0,53,399,299,6,0,0,4,37,0,0,0.15,0,2,158,0,1.81
57,Kai,ai,17,Mon,1,29,hook,3,0,43,389,264,6,0,0,4,37,0,0,0.14,0,2,157,0,1.81
57,Kai,ai,17,Mon,1,30,build,3,0,54,389,279,19,2,58,3,32,0,1,0.37,0,2,158,0,1.81
57,Kai,ai,17,Mon,1,31,build,3,0,62,400,295,21,1,49,6,41,0,0,0.38,0,2,161,0,1.81
57,Kai,ai,17,Mon,1,32,build,3,0,74,428,310,11,1,29,7,43,0,0,0.34,0,2,160,0,1.81
57,Kai,ai,17,Mon,1,33,demo,3,0,57,449,323,31,5,165,7,45,0,1,0.56,0,2,156,0,1.81
57,Kai,ai,17,Mon,1,34,demo,3,0,58,455,336,33,2,58,6,43,0,1,0.85,0,2,159,0,1.81
57,Kai,ai,17,Mon,1,35,price,3,0,47,451,317,23,2,58,8,42,0,0,0.01,1,2,157,0,1.81
57,Kai,ai,17,Mon,1,36,cta,3,0,54,435,319,41,6,214,7,42,0,1,0.05,1,2,159,0,1.81
57,Kai,ai,17,Mon,1,37,fomo,3,0,50,441,323,28,5,145,7,40,0,0,0.14,0,2,156,1,1.81
57,Kai,ai,17,Mon,1,38,fomo,3,0,54,448,306,18,2,78,10,31,0,0,0.13,0,2,159,2,1.81
57,Kai,ai,17,Mon,1,39,filler,3,0,51,394,295,5,1,29,2,40,0,0,0.1,0,2,155,0,1.81
57,Kai,ai,17,Mon,1,40,filler,3,0,50,374,268,7,0,0,9,45,0,0,0.01,1,1,159,0,1.81
57,Kai,ai,17,Mon,1,41,hook,4,0,48,378,269,6,0,0,9,23,0,0,0.01,0,3,159,0,1.81
57,Kai,ai,17,Mon,1,42,build,4,0,39,363,265,19,2,78,3,37,0,1,0.24,0,3,158,0,1.81
57,Kai,ai,17,Mon,1,43,build,4,0,58,379,259,16,0,0,5,31,0,1,0.23,0,3,160,0,1.81
57,Kai,ai,17,Mon,1,44,build,4,0,48,387,270,20,1,29,7,34,0,1,0.26,1,2,157,0,1.81
57,Kai,ai,17,Mon,1,45,demo,4,0,53,400,304,24,3,87,4,37,0,1,0.62,0,2,156,0,1.81
57,Kai,ai,17,Mon,1,46,demo,4,0,51,400,292,23,4,136,4,40,0,1,0.54,0,2,158,0,1.81
57,Kai,ai,17,Mon,1,47,demo,4,0,58,422,294,33,5,165,7,39,0,1,0.78,0,3,161,0,1.81
57,Kai,ai,17,Mon,1,48,demo,4,0,65,438,324,28,1,29,11,42,0,1,0.77,0,2,160,0,1.81
57,Kai,ai,17,Mon,1,49,price,4,0,58,435,315,23,3,87,13,40,0,0,0.03,0,2,161,0,1.81
57,Kai,ai,17,Mon,1,50,cta,4,0,55,428,314,29,3,87,7,40,0,0,0.12,1,2,158,0,1.81
57,Kai,ai,17,Mon,1,51,cta,4,0,58,419,300,26,5,185,9,38,0,1,0.09,1,1,159,0,1.81
57,Kai,ai,17,Mon,1,52,fomo,4,0,49,434,309,21,2,58,10,38,0,0,0.04,0,3,159,1,1.81
57,Kai,ai,17,Mon,1,53,fomo,4,0,58,458,334,28,10,310,6,38,0,1,0.06,0,3,156,2,1.81
57,Kai,ai,17,Mon,1,54,filler,4,0,57,427,314,8,0,0,5,48,0,0,0.02,0,3,161,0,1.81
57,Kai,ai,17,Mon,1,55,filler,4,0,43,374,297,7,0,0,3,46,0,0,0.07,0,1,155,0,1.81
57,Kai,ai,17,Mon,1,56,hook,5,0,46,370,265,14,2,78,7,28,0,1,0.01,0,2,160,0,1.81
57,Kai,ai,17,Mon,1,57,hook,5,0,37,356,254,10,0,0,10,32,0,0,0.14,0,3,157,0,1.81
57,Kai,ai,17,Mon,1,58,build,5,0,49,347,243,16,1,29,8,24,0,1,0.27,0,1,158,0,1.81
57,Kai,ai,17,Mon,1,59,build,5,0,51,361,257,18,3,107,3,37,0,0,0.32,0,2,156,0,1.81
57,Kai,ai,17,Mon,1,60,build,5,0,50,356,251,6,0,0,4,26,0,0,0.29,0,3,160,0,1.81
57,Kai,ai,17,Mon,1,61,build,5,0,51,352,240,7,0,0,7,28,0,0,0.23,0,2,158,0,1.81
57,Kai,ai,17,Mon,1,62,demo,5,0,66,380,268,32,3,107,7,30,0,1,0.72,0,1,159,0,1.81
57,Kai,ai,17,Mon,1,63,demo,5,0,56,388,279,23,3,107,11,35,0,1,0.49,0,3,158,0,1.81
57,Kai,ai,17,Mon,1,64,demo,5,0,44,378,271,22,2,58,4,31,0,1,0.79,0,1,156,0,1.81
57,Kai,ai,17,Mon,1,65,price,5,0,45,374,274,26,2,78,9,31,0,1,0.05,1,2,158,0,1.81
57,Kai,ai,17,Mon,1,66,cta,5,0,44,375,281,20,1,49,12,26,0,0,0.04,1,1,160,0,1.81
57,Kai,ai,17,Mon,1,67,fomo,5,0,47,380,269,24,1,29,8,33,0,0,0.04,0,3,157,1,1.81
57,Kai,ai,17,Mon,1,68,fomo,5,0,50,395,274,19,1,29,8,33,0,0,0.15,0,2,155,2,1.81
57,Kai,ai,17,Mon,1,69,filler,5,0,58,367,267,3,0,0,2,32,0,0,0.02,1,2,156,0,1.81
57,Kai,ai,17,Mon,1,70,hook,6,0,46,362,258,12,1,29,7,21,0,0,0.1,0,2,158,0,1.81
57,Kai,ai,17,Mon,1,71,build,6,0,42,360,255,20,0,0,6,36,0,1,0.32,0,2,155,0,1.81
57,Kai,ai,17,Mon,1,72,build,6,0,47,350,245,17,1,29,6,40,0,1,0.31,0,1,156,0,1.81
57,Kai,ai,17,Mon,1,73,demo,6,0,47,360,262,26,0,0,7,24,0,1,0.83,0,1,159,0,1.81
57,Kai,ai,17,Mon,1,74,demo,6,0,48,364,261,15,1,49,8,36,0,1,0.69,0,2,156,0,1.81
57,Kai,ai,17,Mon,1,75,demo,6,0,56,384,279,23,2,58,4,31,0,1,0.74,0,2,160,0,1.81
57,Kai,ai,17,Mon,1,76,demo,6,0,40,371,258,27,1,29,7,27,0,1,0.81,0,2,159,0,1.81
57,Kai,ai,17,Mon,1,77,price,6,0,42,365,269,17,0,0,7,32,0,0,0.1,1,2,157,0,1.81
57,Kai,ai,17,Mon,1,78,cta,6,0,53,379,263,15,1,29,6,34,0,1,0.13,1,3,160,0,1.81
57,Kai,ai,17,Mon,1,79,fomo,6,0,52,399,278,12,3,87,9,32,0,0,0.12,0,2,156,1,1.81
57,Kai,ai,17,Mon,1,80,fomo,6,0,38,396,288,18,4,176,4,32,0,0,0,1,3,155,2,1.81
57,Kai,ai,17,Mon,1,81,filler,6,0,40,350,241,7,0,0,3,27,0,0,0.08,0,2,157,0,1.81
57,Kai,ai,17,Mon,1,82,filler,6,0,46,321,235,6,0,0,4,30,0,0,0.07,0,3,159,0,1.81
57,Kai,ai,17,Mon,1,83,hook,7,0,41,321,243,9,2,58,3,30,0,0,0.1,0,1,159,0,1.81
57,Kai,ai,17,Mon,1,84,build,7,0,47,304,214,15,2,78,6,29,0,1,0.37,0,1,160,0,1.81
57,Kai,ai,17,Mon,1,85,build,7,0,43,296,207,8,0,0,2,18,0,0,0.19,0,3,159,0,1.81
57,Kai,ai,17,Mon,1,86,demo,7,0,50,312,250,26,3,107,4,28,0,1,0.82,0,1,156,0,1.81
57,Kai,ai,17,Mon,1,87,demo,7,0,48,326,230,23,2,78,4,31,0,1,0.77,1,2,159,0,1.81
57,Kai,ai,17,Mon,1,88,price,7,0,49,328,232,22,3,107,5,28,0,1,0.09,1,1,161,0,1.81
57,Kai,ai,17,Mon,1,89,cta,7,0,39,320,222,11,4,156,6,31,0,0,0.11,1,3,158,0,1.81
57,Kai,ai,17,Mon,1,90,cta,7,0,35,308,220,19,2,58,5,24,0,0,0.14,1,1,156,0,1.81
57,Kai,ai,17,Mon,1,91,fomo,7,0,28,300,205,8,1,29,6,31,0,0,0.01,0,3,159,1,1.81
57,Kai,ai,17,Mon,1,92,fomo,7,0,54,319,239,16,0,0,7,32,0,0,0.01,0,3,158,2,1.81
57,Kai,ai,17,Mon,1,93,filler,7,0,48,305,201,8,0,0,3,31,0,0,0.07,0,1,157,0,1.81
57,Kai,ai,17,Mon,1,94,filler,7,0,35,283,209,2,0,0,7,28,0,0,0.12,0,1,157,0,1.81
57,Kai,ai,17,Mon,1,95,hook,8,0,44,284,199,7,0,0,7,12,0,0,0,0,3,159,0,1.81
57,Kai,ai,17,Mon,1,96,hook,8,0,38,282,195,6,0,0,14,28,0,0,0.13,0,1,156,0,1.81
57,Kai,ai,17,Mon,1,97,build,8,0,49,292,211,16,2,78,3,30,0,1,0.36,0,2,161,0,1.81
57,Kai,ai,17,Mon,1,98,build,8,0,55,308,217,10,2,58,4,22,0,0,0.33,0,3,156,0,1.81
57,Kai,ai,17,Mon,1,99,demo,8,0,39,313,205,19,3,87,5,34,0,1,0.68,0,2,155,0,1.81
57,Kai,ai,17,Mon,1,100,demo,8,0,40,321,236,24,5,205,5,33,0,1,0.63,0,2,159,0,1.81
57,Kai,ai,17,Mon,1,101,demo,8,0,49,326,230,19,1,29,6,40,0,1,0.51,0,2,159,0,1.81
57,Kai,ai,17,Mon,1,102,price,8,0,48,331,231,23,1,29,7,25,0,1,0.13,0,3,157,0,1.81
57,Kai,ai,17,Mon,1,103,cta,8,0,35,300,209,20,0,0,3,23,0,1,0.09,0,1,155,0,1.81
57,Kai,ai,17,Mon,1,104,fomo,8,0,35,298,203,12,2,58,9,36,0,0,0.05,0,3,155,1,1.81
57,Kai,ai,17,Mon,1,105,fomo,8,0,32,306,221,8,1,29,2,23,0,0,0.05,0,2,158,2,1.81
57,Kai,ai,17,Mon,1,106,filler,8,0,53,306,224,6,1,49,4,30,0,0,0.01,0,2,158,0,1.81
57,Kai,ai,17,Mon,1,107,filler,8,0,41,294,213,1,0,0,2,27,0,0,0.03,1,2,156,0,1.81
57,Kai,ai,17,Mon,1,108,hook,9,0,55,304,215,12,2,78,8,28,0,0,0.07,1,3,160,0,1.81
57,Kai,ai,17,Mon,1,109,hook,9,0,40,308,209,11,2,58,6,32,0,0,0.03,0,2,161,0,1.81
57,Kai,ai,17,Mon,1,110,build,9,0,43,302,213,15,0,0,7,34,0,1,0.28,0,3,158,0,1.81
57,Kai,ai,17,Mon,1,111,build,9,0,42,291,214,11,3,107,4,27,0,0,0.34,0,2,156,0,1.81
57,Kai,ai,17,Mon,1,112,build,9,0,47,302,218,18,2,58,7,30,0,1,0.38,0,1,156,0,1.81
57,Kai,ai,17,Mon,1,113,demo,9,0,53,307,220,14,3,87,6,26,0,0,0.47,0,1,157,0,1.81
57,Kai,ai,17,Mon,1,114,demo,9,0,36,311,240,24,1,29,7,26,0,1,0.53,0,3,158,0,1.81
57,Kai,ai,17,Mon,1,115,demo,9,0,36,321,225,10,0,0,7,20,0,0,0.76,0,2,160,0,1.81
57,Kai,ai,17,Mon,1,116,price,9,0,45,315,224,22,2,58,2,33,0,0,0.02,1,3,158,0,1.81
57,Kai,ai,17,Mon,1,117,cta,9,0,43,307,230,32,6,174,5,28,0,0,0.02,1,2,160,0,1.81
57,Kai,ai,17,Mon,1,118,fomo,9,0,34,307,228,4,0,0,3,28,0,0,0.09,0,1,159,1,1.81
57,Kai,ai,17,Mon,1,119,fomo,9,0,32,298,214,17,3,127,4,18,0,0,0.12,0,1,159,2,1.81
57,Kai,ai,17,Mon,1,120,filler,9,0,41,272,188,10,0,0,0,22,0,0,0.09,0,1,157,0,1.81
58,Jules,human,21,Fri,0,1,hook,1,0,57,57,38,0,0,0,0,8,0,0,0.11,0,2,155,0,1
58,Jules,human,21,Fri,0,2,build,1,0,64,115,76,4,1,49,2,6,0,0,0.38,0,5,124,0,1
58,Jules,human,21,Fri,0,3,build,1,0,73,181,132,8,0,0,3,6,0,1,0.29,1,5,141,0,1
58,Jules,human,21,Fri,0,4,build,1,0,77,237,169,14,4,156,3,20,0,1,0.39,0,4,144,0,1
58,Jules,human,21,Fri,0,5,demo,1,0,53,274,205,13,3,107,2,24,0,1,0.7,0,4,141,0,1
58,Jules,human,21,Fri,0,6,demo,1,0,58,303,219,23,3,87,6,27,0,1,0.64,0,3,145,0,1
58,Jules,human,21,Fri,0,7,demo,1,0,59,335,241,28,3,87,3,26,0,1,0.53,0,4,134,0,1
58,Jules,human,21,Fri,0,8,price,1,0,55,360,265,18,2,58,9,34,0,1,0.03,0,5,187,0,1
58,Jules,human,21,Fri,0,9,cta,1,0,51,367,265,24,6,194,0,34,0,0,0.09,1,3,130,0,1
58,Jules,human,21,Fri,0,10,cta,1,0,67,403,293,33,7,223,3,38,0,1,0.15,0,5,135,0,1
58,Jules,human,21,Fri,0,11,fomo,1,0,84,457,312,21,2,78,8,32,0,1,0,0,3,190,1,1.19
58,Jules,human,21,Fri,0,12,fomo,1,0,77,496,356,18,3,107,9,38,0,0,0.07,0,5,162,2,1.19
58,Jules,human,21,Fri,0,13,qna,1,0,83,547,411,18,3,87,22,82,6,0,0.12,0,6,175,0,1.19
58,Jules,human,21,Fri,0,14,hook,2,0,83,570,426,10,1,29,8,42,0,0,0.02,0,3,141,0,1.19
58,Jules,human,21,Fri,0,15,hook,2,0,75,591,428,22,5,145,15,51,0,0,0.09,0,6,156,0,1.19
58,Jules,human,21,Fri,0,16,build,2,0,90,624,452,19,3,107,10,64,0,0,0.31,0,6,136,0,1.19
58,Jules,human,21,Fri,0,17,build,2,0,74,643,469,24,5,145,10,58,0,0,0.29,0,4,142,0,1.19
58,Jules,human,21,Fri,0,18,build,2,0,76,657,498,33,4,136,9,67,0,1,0.25,0,3,161,0,1.19
58,Jules,human,21,Fri,0,19,demo,2,0,72,671,477,42,5,165,13,68,0,0,0.59,0,7,160,0,1.19
58,Jules,human,21,Fri,0,20,demo,2,0,73,698,495,35,1,49,17,71,0,1,0.8,0,5,158,0,1.19
58,Jules,human,21,Fri,0,21,demo,2,0,91,724,521,54,6,194,9,64,0,1,0.48,0,6,140,0,1.19
58,Jules,human,21,Fri,0,22,price,2,0,71,726,540,37,1,29,13,63,0,0,0.08,1,5,130,0,1.19
58,Jules,human,21,Fri,0,23,cta,2,0,58,706,512,55,13,477,11,64,0,1,0.04,1,4,125,0,1.19
58,Jules,human,21,Fri,0,24,fomo,2,0,69,721,528,43,13,437,8,64,0,1,0.1,0,5,138,1,1.19
58,Jules,human,21,Fri,0,25,fomo,2,0,79,747,565,27,5,165,18,60,0,0,0.02,0,5,130,2,1.19
58,Jules,human,21,Fri,0,26,qna,2,0,61,751,542,16,2,58,31,96,6,0,0.15,0,7,124,0,1.19
58,Jules,human,21,Fri,0,27,hook,3,0,82,766,545,28,2,58,12,58,0,0,0.11,0,3,174,0,1.19
58,Jules,human,21,Fri,0,28,build,3,0,61,731,542,32,4,156,13,71,0,1,0.28,0,3,164,0,1.19
58,Jules,human,21,Fri,0,29,build,3,0,89,750,542,38,3,87,18,67,0,1,0.34,0,7,170,0,1.19
58,Jules,human,21,Fri,0,30,build,3,0,62,715,495,28,4,156,12,55,0,1,0.24,0,7,150,0,1.19
58,Jules,human,21,Fri,0,31,demo,3,0,74,726,522,56,11,339,13,75,0,1,0.84,0,4,169,0,1.19
58,Jules,human,21,Fri,0,32,demo,3,0,77,742,530,68,4,116,17,61,0,1,0.46,1,7,174,0,1.19
58,Jules,human,21,Fri,0,33,demo,3,0,63,733,515,47,4,136,17,66,0,1,0.65,0,3,183,0,1.19
58,Jules,human,21,Fri,0,34,price,3,0,58,705,502,31,5,165,11,63,0,0,0.01,1,6,168,0,1.19
58,Jules,human,21,Fri,0,35,cta,3,0,69,691,506,60,10,370,15,59,0,1,0.06,1,2,131,0,1.19
58,Jules,human,21,Fri,0,36,fomo,3,0,74,713,516,46,4,136,11,61,0,0,0.01,1,6,123,1,1.19
58,Jules,human,21,Fri,0,37,fomo,3,0,66,724,506,26,4,156,17,49,0,1,0.03,0,4,161,2,1.19
58,Jules,human,21,Fri,0,38,qna,3,0,50,735,543,14,3,107,24,100,6,0,0.02,0,6,177,0,1.19
58,Jules,human,21,Fri,0,39,qna,3,0,83,755,536,18,0,0,30,88,6,0,0,0,6,176,0,1.19
58,Jules,human,21,Fri,0,40,hook,4,0,44,723,502,17,0,0,17,59,0,0,0.08,0,7,123,0,1.19
58,Jules,human,21,Fri,0,41,build,4,0,91,726,519,27,2,98,12,78,0,0,0.24,0,6,151,0,1.19
58,Jules,human,21,Fri,0,42,build,4,0,80,720,523,21,0,0,6,74,0,0,0.4,0,5,141,0,1.19
58,Jules,human,21,Fri,0,43,build,4,0,78,720,533,31,5,165,8,59,0,0,0.36,0,7,189,0,1.19
58,Jules,human,21,Fri,0,44,demo,4,0,61,728,518,48,6,194,8,77,0,1,0.57,0,4,158,0,1.19
58,Jules,human,21,Fri,0,45,demo,4,0,71,743,525,40,6,194,14,71,0,1,0.74,0,3,150,0,1.19
58,Jules,human,21,Fri,0,46,price,4,0,82,749,518,34,1,29,15,48,0,0,0.14,1,4,137,0,1.19
58,Jules,human,21,Fri,0,47,cta,4,0,70,738,515,43,6,214,16,60,0,0,0.06,1,3,178,0,1.19
58,Jules,human,21,Fri,0,48,fomo,4,0,59,729,530,33,8,292,10,59,0,0,0.15,0,4,127,1,1.19
58,Jules,human,21,Fri,0,49,fomo,4,0,74,750,535,26,3,107,11,67,0,0,0.06,0,2,128,2,1.19
58,Jules,human,21,Fri,0,50,qna,4,0,68,755,530,18,2,58,26,78,6,0,0.03,0,3,123,0,1.19
58,Jules,human,21,Fri,0,51,qna,4,0,69,763,550,29,3,87,31,98,6,1,0.15,0,5,145,0,1.19
58,Jules,human,21,Fri,0,52,hook,5,0,67,753,545,28,3,87,14,72,0,1,0.14,0,4,165,0,1.19
58,Jules,human,21,Fri,0,53,build,5,0,72,742,548,36,3,87,9,68,0,1,0.17,0,4,156,0,1.19
58,Jules,human,21,Fri,0,54,build,5,0,64,714,498,30,4,116,9,67,0,0,0.3,0,3,132,0,1.19
58,Jules,human,21,Fri,0,55,build,5,0,65,707,509,26,3,107,9,74,0,1,0.17,0,4,141,0,1.19
58,Jules,human,21,Fri,0,56,build,5,0,67,704,508,38,5,185,9,60,0,1,0.39,0,4,137,0,1.19
58,Jules,human,21,Fri,0,57,demo,5,0,72,716,500,46,5,145,11,62,0,1,0.81,0,2,174,0,1.19
58,Jules,human,21,Fri,0,58,demo,5,0,72,739,530,52,5,165,18,64,0,1,0.64,0,4,156,0,1.19
58,Jules,human,21,Fri,0,59,demo,5,0,64,751,548,51,7,223,13,53,0,1,0.79,0,5,172,0,1.19
58,Jules,human,21,Fri,0,60,price,5,0,68,750,505,47,4,136,18,73,0,1,0.12,1,4,188,0,1.19
58,Jules,human,21,Fri,0,61,cta,5,0,83,742,537,52,7,243,14,59,0,1,0.06,0,5,168,0,1.19
58,Jules,human,21,Fri,0,62,fomo,5,0,72,765,537,39,4,136,12,65,0,0,0.04,0,6,124,1,1.19
58,Jules,human,21,Fri,0,63,fomo,5,0,59,759,547,38,3,107,11,59,0,0,0.07,0,6,136,2,1.19
58,Jules,human,21,Fri,0,64,qna,5,0,54,763,545,24,1,29,19,91,6,0,0.15,0,3,155,0,1.19
58,Jules,human,21,Fri,0,65,qna,5,0,65,781,574,17,1,29,33,93,6,0,0.01,0,6,127,0,1.19
58,Jules,human,21,Fri,0,66,qna,5,0,60,793,578,16,1,29,40,82,6,0,0.11,0,7,189,0,1.19
58,Jules,human,21,Fri,0,67,filler,5,0,60,737,527,15,1,29,10,67,0,0,0.06,0,6,125,0,1.19
58,Jules,human,21,Fri,0,68,hook,6,0,63,725,529,18,0,0,8,59,0,0,0.04,0,5,178,0,1.19
58,Jules,human,21,Fri,0,69,hook,6,0,63,725,521,28,0,0,9,70,0,1,0.06,0,2,123,0,1.19
58,Jules,human,21,Fri,0,70,build,6,0,66,707,517,26,3,107,15,55,0,1,0.37,0,5,139,0,1.19
58,Jules,human,21,Fri,0,71,build,6,0,64,690,493,29,4,156,20,79,0,0,0.16,0,4,124,0,1.19
58,Jules,human,21,Fri,0,72,build,6,0,58,669,483,32,4,116,13,62,0,1,0.23,0,2,152,0,1.19
58,Jules,human,21,Fri,0,73,demo,6,0,52,666,456,47,8,252,12,69,0,1,0.56,0,4,167,0,1.19
58,Jules,human,21,Fri,0,74,demo,6,0,52,653,483,50,6,174,11,62,0,1,0.57,0,7,122,0,1.19
58,Jules,human,21,Fri,0,75,demo,6,0,52,657,477,30,3,107,10,61,0,0,0.61,0,2,152,0,1.19
58,Jules,human,21,Fri,0,76,price,6,0,63,650,456,40,5,145,19,53,0,1,0.05,0,2,169,0,1.19
58,Jules,human,21,Fri,0,77,cta,6,0,66,636,444,30,5,165,8,59,0,0,0.1,0,7,190,0,1.19
58,Jules,human,21,Fri,0,78,fomo,6,0,62,651,474,25,9,341,15,65,0,0,0.05,0,6,145,1,1.19
58,Jules,human,21,Fri,0,79,fomo,6,0,50,659,490,30,3,107,16,49,0,0,0.11,0,5,123,2,1.19
58,Jules,human,21,Fri,0,80,qna,6,0,61,680,480,15,0,0,22,80,6,0,0.14,0,3,135,0,1.19
58,Jules,human,21,Fri,0,81,qna,6,0,69,694,512,24,6,234,33,102,6,1,0,0,5,180,0,1.19
58,Jules,human,21,Fri,0,82,filler,6,0,51,646,461,6,1,49,6,59,0,0,0.03,0,4,136,0,1.19
58,Jules,human,21,Fri,0,83,hook,7,0,62,641,468,16,0,0,12,63,0,0,0.08,0,2,171,0,1.19
58,Jules,human,21,Fri,0,84,build,7,0,52,621,442,14,0,0,12,50,0,0,0.2,0,6,149,0,1.19
58,Jules,human,21,Fri,0,85,build,7,0,59,602,434,28,3,87,11,78,0,1,0.22,0,4,180,0,1.19
58,Jules,human,21,Fri,0,86,build,7,0,69,610,454,28,3,107,9,51,0,0,0.25,0,5,163,0,1.19
58,Jules,human,21,Fri,0,87,build,7,0,67,620,439,18,0,0,10,64,0,0,0.21,0,5,168,0,1.19
58,Jules,human,21,Fri,0,88,demo,7,0,56,626,438,38,2,58,5,55,0,1,0.77,0,4,125,0,1.19
58,Jules,human,21,Fri,0,89,demo,7,0,72,643,455,42,5,165,8,70,0,1,0.52,0,3,151,0,1.19
58,Jules,human,21,Fri,0,90,demo,7,0,44,637,457,47,6,214,9,75,0,1,0.75,0,5,159,0,1.19
58,Jules,human,21,Fri,0,91,demo,7,0,62,641,459,50,6,194,12,41,0,1,0.79,0,5,144,0,1.19
58,Jules,human,21,Fri,0,92,price,7,0,60,631,484,33,5,165,18,38,0,0,0.09,1,4,157,0,1.19
58,Jules,human,21,Fri,0,93,cta,7,0,43,607,448,46,5,145,12,61,0,0,0.03,0,6,184,0,1.19
58,Jules,human,21,Fri,0,94,cta,7,0,60,591,424,43,7,223,15,54,0,1,0.07,1,3,128,0,1.19
58,Jules,human,21,Fri,0,95,fomo,7,0,77,628,447,26,0,0,16,62,0,0,0.07,1,7,134,1,1.19
58,Jules,human,21,Fri,0,96,fomo,7,0,59,644,467,25,5,185,12,48,0,1,0.02,0,5,124,2,1.19
58,Jules,human,21,Fri,0,97,qna,7,0,65,661,466,16,2,78,27,86,6,1,0.1,0,4,174,0,1.19
58,Jules,human,21,Fri,0,98,qna,7,0,57,666,490,24,2,58,22,82,6,1,0.11,0,6,165,0,1.19
58,Jules,human,21,Fri,0,99,qna,7,0,74,682,506,12,2,58,19,85,6,0,0.09,0,3,159,0,1.19
58,Jules,human,21,Fri,0,100,filler,7,0,58,655,484,13,1,29,3,46,0,0,0.08,0,6,178,0,1.19
58,Jules,human,21,Fri,0,101,dead,7,0,71,612,447,12,1,29,4,75,0,1,0.06,1,6,20,0,1.19
58,Jules,human,21,Fri,0,102,hook,8,0,72,621,448,17,2,78,3,55,0,0,0.1,1,2,166,0,1.19
58,Jules,human,21,Fri,0,103,hook,8,0,59,634,457,19,1,49,14,50,0,0,0.07,1,7,152,0,1.19
58,Jules,human,21,Fri,0,104,build,8,0,64,630,459,34,1,29,11,59,0,1,0.24,0,2,164,0,1.19
58,Jules,human,21,Fri,0,105,build,8,0,50,613,444,23,4,116,8,64,0,0,0.18,0,7,171,0,1.19
58,Jules,human,21,Fri,0,106,build,8,0,80,625,467,23,2,58,6,48,0,0,0.38,0,5,169,0,1.19
58,Jules,human,21,Fri,0,107,demo,8,0,69,642,447,48,3,107,13,59,0,1,0.71,0,6,174,0,1.19
58,Jules,human,21,Fri,0,108,demo,8,0,57,644,455,38,5,145,16,48,0,1,0.78,0,6,131,0,1.19
58,Jules,human,21,Fri,0,109,demo,8,0,59,664,489,40,8,272,17,60,0,1,0.54,0,3,184,0,1.19
58,Jules,human,21,Fri,0,110,price,8,0,51,655,455,36,3,127,9,57,0,1,0.02,1,3,181,0,1.19
58,Jules,human,21,Fri,0,111,cta,8,0,56,641,465,41,10,350,10,55,0,0,0.11,1,6,175,0,1.19
58,Jules,human,21,Fri,0,112,fomo,8,0,68,656,492,31,6,174,19,55,0,0,0.04,0,2,169,1,1.19
58,Jules,human,21,Fri,0,113,fomo,8,0,56,641,484,31,6,194,8,62,0,1,0.06,0,4,167,2,1.19
58,Jules,human,21,Fri,0,114,qna,8,0,50,637,436,19,3,87,34,71,6,0,0.13,0,5,166,0,1.19
58,Jules,human,21,Fri,0,115,qna,8,0,59,646,467,20,3,107,23,90,6,0,0.12,0,5,155,0,1.19
58,Jules,human,21,Fri,0,116,hook,9,0,51,648,482,22,3,107,15,52,0,0,0.01,0,3,138,0,1.19
58,Jules,human,21,Fri,0,117,hook,9,0,51,633,457,13,2,78,14,57,0,0,0.05,0,4,176,0,1.19
58,Jules,human,21,Fri,0,118,build,9,0,77,640,452,24,2,78,11,71,0,1,0.38,0,5,137,0,1.19
58,Jules,human,21,Fri,0,119,build,9,0,59,624,461,22,1,29,9,57,0,0,0.16,0,4,121,0,1.19
58,Jules,human,21,Fri,0,120,build,9,0,49,606,447,34,3,107,12,61,0,0,0.2,1,5,166,0,1.19
59,Jules,human,17,Tue,0,1,hook,1,0,29,29,21,1,0,0,0,2,0,0,0.03,0,5,183,0,1
59,Jules,human,17,Tue,0,2,build,1,0,34,62,51,3,0,0,2,4,0,0,0.37,0,6,187,0,1
59,Jules,human,17,Tue,0,3,build,1,0,38,94,74,2,0,0,1,9,0,0,0.34,0,5,164,0,1
59,Jules,human,17,Tue,0,4,build,1,0,39,124,95,5,1,29,4,12,0,0,0.25,0,6,148,0,1
59,Jules,human,17,Tue,0,5,build,1,0,43,154,107,6,1,29,4,15,0,0,0.34,0,6,158,0,1
59,Jules,human,17,Tue,0,6,demo,1,0,40,183,126,10,3,87,6,11,0,1,0.79,0,7,173,0,1
59,Jules,human,17,Tue,0,7,demo,1,0,43,216,158,17,2,78,5,20,0,1,0.76,0,6,158,0,1
59,Jules,human,17,Tue,0,8,price,1,0,37,238,169,12,2,58,4,19,0,0,0.12,1,3,181,0,1
59,Jules,human,17,Tue,0,9,cta,1,0,38,252,190,31,4,136,5,24,0,1,0.04,1,6,163,0,1
59,Jules,human,17,Tue,0,10,fomo,1,0,35,265,183,15,1,29,6,25,0,0,0.07,0,5,168,1,1
59,Jules,human,17,Tue,0,11,fomo,1,0,45,293,223,16,0,0,8,32,0,0,0.08,0,2,156,2,1.3
59,Jules,human,17,Tue,0,12,qna,1,0,49,323,234,12,3,107,12,34,6,0,0.02,0,6,138,0,1.3
59,Jules,human,17,Tue,0,13,qna,1,0,56,358,249,13,1,29,11,45,6,1,0.08,0,5,180,0,1.3
59,Jules,human,17,Tue,0,14,filler,1,0,48,359,256,7,1,49,4,45,0,1,0.02,1,3,131,0,1.3
59,Jules,human,17,Tue,0,15,hook,2,0,42,381,261,9,0,0,6,28,0,0,0.06,0,7,156,0,1.3
59,Jules,human,17,Tue,0,16,build,2,0,37,371,279,15,1,49,5,31,0,1,0.21,0,6,171,0,1.3
59,Jules,human,17,Tue,0,17,build,2,0,54,380,248,17,4,156,9,36,0,0,0.28,0,3,145,0,1.3
59,Jules,human,17,Tue,0,18,build,2,0,60,401,288,13,1,49,11,51,0,1,0.25,0,3,181,0,1.3
59,Jules,human,17,Tue,0,19,demo,2,0,49,406,284,20,2,58,9,29,0,1,0.7,0,4,143,0,1.3
59,Jules,human,17,Tue,0,20,demo,2,0,49,416,298,35,11,319,7,41,0,1,0.47,0,2,164,0,1.3
59,Jules,human,17,Tue,0,21,demo,2,0,34,412,298,26,4,156,2,46,0,1,0.64,0,6,182,0,1.3
59,Jules,human,17,Tue,0,22,price,2,0,55,429,310,13,2,78,5,41,0,1,0.02,0,4,173,0,1.3
59,Jules,human,17,Tue,0,23,cta,2,0,45,423,295,25,4,136,6,36,0,0,0.1,0,6,121,0,1.3
59,Jules,human,17,Tue,0,24,cta,2,0,49,431,319,26,9,281,4,45,0,0,0.06,0,3,126,0,1.3
59,Jules,human,17,Tue,0,25,fomo,2,0,46,444,305,29,3,107,8,39,0,1,0.14,0,2,131,1,1.3
59,Jules,human,17,Tue,0,26,qna,2,0,35,446,322,14,4,116,12,52,6,0,0.03,0,6,133,0,1.3
59,Jules,human,17,Tue,0,27,qna,2,0,62,477,336,13,0,0,10,47,6,1,0.06,0,4,169,0,1.3
59,Jules,human,17,Tue,0,28,hook,3,0,43,477,323,10,1,29,7,46,0,0,0.01,0,3,130,0,1.3
59,Jules,human,17,Tue,0,29,build,3,0,40,469,335,25,1,29,8,40,0,1,0.17,0,6,187,0,1.3
59,Jules,human,17,Tue,0,30,build,3,0,62,480,346,28,2,78,12,43,0,1,0.32,0,6,169,0,1.3
59,Jules,human,17,Tue,0,31,demo,3,0,45,492,361,30,3,147,11,43,0,1,0.81,0,3,129,0,1.3
59,Jules,human,17,Tue,0,32,demo,3,0,33,474,331,30,2,58,4,38,0,1,0.49,0,6,130,0,1.3
59,Jules,human,17,Tue,0,33,demo,3,0,39,474,342,38,4,116,20,40,0,1,0.7,0,2,177,0,1.3
59,Jules,human,17,Tue,0,34,price,3,0,50,480,330,20,1,49,6,37,0,0,0.01,1,4,181,0,1.3
59,Jules,human,17,Tue,0,35,cta,3,0,44,468,347,37,4,116,8,40,0,0,0.03,1,3,162,0,1.3
59,Jules,human,17,Tue,0,36,fomo,3,0,42,484,352,21,3,107,8,43,0,0,0.04,1,3,160,1,1.3
59,Jules,human,17,Tue,0,37,fomo,3,0,42,486,356,16,1,29,10,29,0,0,0.07,0,5,186,2,1.3
59,Jules,human,17,Tue,0,38,qna,3,0,40,484,350,24,3,87,20,65,6,1,0.12,0,3,143,0,1.3
59,Jules,human,17,Tue,0,39,qna,3,0,36,488,356,16,0,0,17,53,6,0,0.08,1,2,127,0,1.3
59,Jules,human,17,Tue,0,40,filler,3,0,41,449,329,10,1,29,6,32,0,0,0.09,0,2,121,0,1.3
59,Jules,human,17,Tue,0,41,hook,4,0,45,449,316,9,1,49,10,40,0,0,0.14,0,6,142,0,1.3
59,Jules,human,17,Tue,0,42,build,4,0,58,457,306,19,1,29,10,44,0,0,0.19,0,6,122,0,1.3
59,Jules,human,17,Tue,0,43,build,4,0,45,456,320,20,5,165,12,47,0,1,0.4,0,2,129,0,1.3
59,Jules,human,17,Tue,0,44,demo,4,0,43,467,335,32,5,165,8,40,0,1,0.54,0,3,168,0,1.3
59,Jules,human,17,Tue,0,45,demo,4,0,43,465,343,33,2,58,14,35,0,1,0.65,0,6,121,0,1.3
59,Jules,human,17,Tue,0,46,demo,4,0,44,464,329,29,5,185,3,34,0,1,0.73,0,3,129,0,1.3
59,Jules,human,17,Tue,0,47,price,4,0,38,465,336,25,6,194,11,33,0,1,0.1,0,6,159,0,1.3
59,Jules,human,17,Tue,0,48,cta,4,0,42,453,326,26,3,87,10,42,0,0,0.13,1,4,133,0,1.3
59,Jules,human,17,Tue,0,49,cta,4,0,47,463,354,30,7,243,7,49,0,0,0.13,1,5,158,0,1.3
59,Jules,human,17,Tue,0,50,fomo,4,0,43,475,345,25,3,87,11,39,0,0,0.04,0,7,150,1,1.3
59,Jules,human,17,Tue,0,51,fomo,4,0,39,469,325,22,3,107,13,38,0,0,0.13,0,5,139,2,1.3
59,Jules,human,17,Tue,0,52,qna,4,0,50,493,360,15,1,49,21,51,6,0,0.11,0,4,182,0,1.3
59,Jules,human,17,Tue,0,53,qna,4,0,44,513,355,10,1,29,10,55,6,0,0.12,0,7,148,0,1.3
59,Jules,human,17,Tue,0,54,hook,5,0,36,503,376,12,0,0,9,49,0,0,0.07,0,3,127,0,1.3
59,Jules,human,17,Tue,0,55,build,5,0,40,495,348,24,3,87,13,39,0,0,0.23,0,4,183,0,1.3
59,Jules,human,17,Tue,0,56,build,5,0,50,484,340,21,3,87,7,51,0,1,0.16,0,4,170,0,1.3
59,Jules,human,17,Tue,0,57,demo,5,0,42,477,342,26,1,29,13,33,0,1,0.57,0,3,154,0,1.3
59,Jules,human,17,Tue,0,58,demo,5,0,48,479,344,35,4,116,5,33,0,1,0.48,0,5,146,0,1.3
59,Jules,human,17,Tue,0,59,demo,5,0,41,477,356,27,2,58,9,47,0,1,0.84,0,4,163,0,1.3
59,Jules,human,17,Tue,0,60,price,5,0,51,482,344,26,7,223,6,45,0,0,0.1,1,2,177,0,1.3
59,Jules,human,17,Tue,0,61,cta,5,0,51,485,368,36,8,252,8,47,0,1,0.08,0,2,126,0,1.3
59,Jules,human,17,Tue,0,62,cta,5,0,38,480,340,39,6,214,5,47,0,1,0.08,1,2,186,0,1.3
59,Jules,human,17,Tue,0,63,fomo,5,0,42,489,313,16,1,29,9,48,0,0,0.15,0,3,140,1,1.3
59,Jules,human,17,Tue,0,64,fomo,5,0,55,507,366,24,4,136,11,34,0,0,0.11,0,4,131,2,1.3
59,Jules,human,17,Tue,0,65,qna,5,0,31,511,363,15,3,107,17,52,6,0,0.06,0,3,149,0,1.3
59,Jules,human,17,Tue,0,66,qna,5,0,53,524,373,21,3,87,12,52,6,0,0.15,1,4,120,0,1.3
59,Jules,human,17,Tue,0,67,qna,5,0,41,524,377,16,1,29,22,58,6,0,0.11,0,4,176,0,1.3
59,Jules,human,17,Tue,0,68,hook,6,0,44,515,378,20,4,136,11,59,0,0,0.02,0,4,171,0,1.3
59,Jules,human,17,Tue,0,69,build,6,0,28,493,360,22,3,87,9,48,0,0,0.39,0,3,131,0,1.3
59,Jules,human,17,Tue,0,70,build,6,0,44,483,351,22,2,58,10,33,0,1,0.33,0,6,155,0,1.3
59,Jules,human,17,Tue,0,71,build,6,0,43,462,340,24,4,116,9,45,0,1,0.28,0,4,137,0,1.3
59,Jules,human,17,Tue,0,72,demo,6,0,42,460,318,26,1,29,8,41,0,1,0.62,0,6,166,0,1.3
59,Jules,human,17,Tue,0,73,demo,6,0,44,471,321,25,4,156,12,43,0,1,0.58,0,3,178,0,1.3
59,Jules,human,17,Tue,0,74,price,6,0,46,462,327,32,4,136,7,34,0,0,0.1,1,6,170,0,1.3
59,Jules,human,17,Tue,0,75,cta,6,0,39,437,315,19,3,107,1,53,0,0,0.01,1,3,138,0,1.3
59,Jules,human,17,Tue,0,76,cta,6,0,44,438,309,28,4,136,4,37,0,0,0.08,1,5,122,0,1.3
59,Jules,human,17,Tue,0,77,fomo,6,0,60,461,344,28,5,145,8,51,0,0,0.05,1,5,151,1,1.3
59,Jules,human,17,Tue,0,78,fomo,6,0,41,464,333,22,3,87,11,49,0,0,0.04,0,2,157,2,1.3
59,Jules,human,17,Tue,0,79,qna,6,0,36,469,345,17,5,165,21,57,6,0,0.09,0,6,189,0,1.3
59,Jules,human,17,Tue,0,80,qna,6,0,50,492,361,22,3,87,12,56,6,1,0.02,0,2,176,0,1.3
59,Jules,human,17,Tue,0,81,hook,7,0,42,483,338,10,1,29,10,43,0,1,0.09,0,4,161,0,1.3
59,Jules,human,17,Tue,0,82,hook,7,0,45,480,344,13,0,0,12,42,0,0,0.13,0,3,138,0,1.3
59,Jules,human,17,Tue,0,83,build,7,0,45,475,343,14,2,58,7,40,0,0,0.29,0,4,182,0,1.3
59,Jules,human,17,Tue,0,84,build,7,0,37,471,327,23,1,49,5,36,0,1,0.39,0,5,164,0,1.3
59,Jules,human,17,Tue,0,85,demo,7,0,34,475,331,23,1,29,5,40,0,1,0.72,0,3,149,0,1.3
59,Jules,human,17,Tue,0,86,demo,7,0,41,463,336,42,5,145,10,40,0,1,0.53,0,6,133,0,1.3
59,Jules,human,17,Tue,0,87,demo,7,0,40,460,331,35,2,58,8,31,0,1,0.47,0,5,169,0,1.3
59,Jules,human,17,Tue,0,88,demo,7,0,41,447,312,23,5,165,12,32,0,1,0.49,0,3,126,0,1.3
59,Jules,human,17,Tue,0,89,price,7,0,39,439,326,22,5,165,4,50,0,0,0.11,0,4,170,0,1.3
59,Jules,human,17,Tue,0,90,cta,7,0,41,436,320,30,4,116,7,42,0,0,0.03,1,6,188,0,1.3
59,Jules,human,17,Tue,0,91,fomo,7,0,50,457,336,24,7,243,9,34,0,0,0.08,0,6,144,1,1.3
59,Jules,human,17,Tue,0,92,qna,7,0,45,471,361,15,0,0,20,50,6,0,0.04,0,5,166,0,1.3
59,Jules,human,17,Tue,0,93,qna,7,0,37,476,344,9,3,87,21,45,6,0,0.12,0,6,126,0,1.3
59,Jules,human,17,Tue,0,94,hook,8,0,31,467,340,13,1,29,10,30,0,0,0.13,0,6,163,0,1.3
59,Jules,human,17,Tue,0,95,hook,8,0,48,472,330,15,0,0,5,30,0,0,0.07,0,6,159,0,1.3
59,Jules,human,17,Tue,0,96,build,8,0,37,453,340,24,2,58,6,36,0,1,0.15,1,5,181,0,1.3
59,Jules,human,17,Tue,0,97,build,8,0,37,446,332,15,1,29,3,36,0,1,0.4,0,7,127,0,1.3
59,Jules,human,17,Tue,0,98,build,8,0,35,435,315,17,2,78,8,33,0,0,0.33,0,6,128,0,1.3
59,Jules,human,17,Tue,0,99,demo,8,0,36,444,315,34,6,234,6,48,0,1,0.59,0,4,163,0,1.3
59,Jules,human,17,Tue,0,100,demo,8,0,52,449,335,24,4,136,10,33,0,0,0.67,0,4,159,0,1.3
59,Jules,human,17,Tue,0,101,price,8,0,39,446,327,21,1,29,11,42,0,0,0.07,0,3,170,0,1.3
59,Jules,human,17,Tue,0,102,cta,8,0,31,426,306,29,6,174,7,37,0,0,0.11,1,5,173,0,1.3
59,Jules,human,17,Tue,0,103,cta,8,0,36,414,285,30,8,312,10,36,0,1,0.04,0,2,148,0,1.3
59,Jules,human,17,Tue,0,104,fomo,8,0,38,423,307,17,4,136,13,49,0,0,0,1,3,170,1,1.3
59,Jules,human,17,Tue,0,105,fomo,8,0,38,422,311,17,2,78,11,52,0,0,0,0,6,173,2,1.3
59,Jules,human,17,Tue,0,106,qna,8,0,35,422,304,17,0,0,17,56,6,1,0.01,0,4,180,0,1.3
59,Jules,human,17,Tue,0,107,hook,9,0,40,427,303,8,0,0,10,30,0,1,0.05,0,5,159,0,1.3
59,Jules,human,17,Tue,0,108,hook,9,0,43,424,300,11,0,0,10,32,0,0,0.11,0,3,174,0,1.3
59,Jules,human,17,Tue,0,109,build,9,0,48,437,305,24,5,145,10,26,0,1,0.18,0,6,132,0,1.3
59,Jules,human,17,Tue,0,110,build,9,0,38,430,316,20,2,58,7,48,0,0,0.19,0,7,188,0,1.3
59,Jules,human,17,Tue,0,111,demo,9,0,32,434,320,25,2,58,7,47,0,1,0.53,0,6,186,0,1.3
59,Jules,human,17,Tue,0,112,demo,9,0,43,444,321,32,4,136,9,45,0,1,0.8,0,4,134,0,1.3
59,Jules,human,17,Tue,0,113,demo,9,0,43,454,317,32,6,174,4,41,0,1,0.67,1,6,175,0,1.3
59,Jules,human,17,Tue,0,114,price,9,0,40,450,337,22,5,145,3,42,0,0,0.13,1,4,137,0,1.3
59,Jules,human,17,Tue,0,115,cta,9,0,37,438,324,26,4,136,2,38,0,1,0.07,1,6,141,0,1.3
59,Jules,human,17,Tue,0,116,fomo,9,0,32,440,320,18,1,49,6,35,0,0,0.07,0,5,170,1,1.3
59,Jules,human,17,Tue,0,117,fomo,9,0,36,440,321,18,6,214,8,37,0,0,0.09,0,5,131,2,1.3
59,Jules,human,17,Tue,0,118,qna,9,0,38,451,331,11,1,49,15,52,6,0,0.07,0,5,188,0,1.3
59,Jules,human,17,Tue,0,119,qna,9,0,34,449,314,12,3,107,18,45,6,0,0.14,0,3,138,0,1.3
59,Jules,human,17,Tue,0,120,hook,10,0,36,444,317,9,0,0,6,43,0,0,0.13,0,2,125,0,1.3
60,Ren,human,20,Mon,0,1,hook,1,0,69,69,54,2,0,0,3,8,0,0,0.03,0,4,172,0,1
60,Ren,human,20,Mon,0,2,build,1,0,69,132,101,10,3,87,1,16,0,0,0.3,0,4,132,0,1
60,Ren,human,20,Mon,0,3,build,1,0,72,192,138,10,1,29,1,22,0,1,0.35,0,3,151,0,1
60,Ren,human,20,Mon,0,4,build,1,0,66,243,173,7,1,29,1,20,0,1,0.34,0,3,137,0,1
60,Ren,human,20,Mon,0,5,build,1,0,60,270,200,15,0,0,1,23,0,1,0.34,0,4,162,0,1
60,Ren,human,20,Mon,0,6,demo,1,0,70,318,228,29,2,78,4,33,0,1,0.45,1,7,137,0,1
60,Ren,human,20,Mon,0,7,demo,1,0,64,348,254,32,2,78,4,39,0,1,0.84,0,6,167,0,1
60,Ren,human,20,Mon,0,8,price,1,0,61,375,263,20,2,78,5,30,0,1,0.04,1,6,147,0,1
60,Ren,human,20,Mon,0,9,cta,1,0,69,408,283,30,5,165,7,42,0,1,0.12,1,6,139,0,1
60,Ren,human,20,Mon,0,10,cta,1,0,61,417,302,23,3,87,7,33,0,1,0.06,0,3,125,0,1
60,Ren,human,20,Mon,0,11,fomo,1,0,74,451,328,28,9,361,10,31,0,1,0.11,0,3,176,1,1.26
60,Ren,human,20,Mon,0,12,fomo,1,0,89,504,360,24,4,116,10,39,0,0,0.02,0,5,178,2,1.26
60,Ren,human,20,Mon,0,13,fomo,1,0,87,560,389,37,0,0,12,54,0,1,0.1,0,4,176,3,1.26
60,Ren,human,20,Mon,0,14,fomo,1,0,86,604,431,27,4,156,15,56,0,0,0.05,0,4,170,4,1.26
60,Ren,human,20,Mon,0,15,fomo,1,0,85,639,450,24,4,116,19,51,0,0,0.06,0,7,184,5,1.26
60,Ren,human,20,Mon,0,16,fomo,1,0,75,669,495,17,1,29,12,59,0,0,0.12,0,4,147,6,1.26
60,Ren,human,20,Mon,0,17,qna,1,0,77,704,504,19,2,78,28,68,6,0,0.11,0,6,137,0,1.26
60,Ren,human,20,Mon,0,18,hook,2,0,77,721,519,23,1,29,6,62,0,0,0.11,0,7,155,0,1.26
60,Ren,human,20,Mon,0,19,hook,2,0,94,743,530,22,2,58,12,46,0,1,0.01,0,6,172,0,1.26
60,Ren,human,20,Mon,0,20,build,2,0,73,726,521,27,2,58,14,57,0,0,0.38,0,2,176,0,1.26
60,Ren,human,20,Mon,0,21,build,2,0,96,744,558,23,3,107,21,58,0,0,0.24,0,2,158,0,1.26
60,Ren,human,20,Mon,0,22,build,2,0,74,749,546,36,4,136,12,74,0,1,0.27,0,6,160,0,1.26
60,Ren,human,20,Mon,0,23,demo,2,0,82,770,558,48,5,165,15,66,0,1,0.58,0,4,145,0,1.26
60,Ren,human,20,Mon,0,24,demo,2,0,71,763,535,32,2,58,12,70,0,0,0.84,0,5,148,0,1.26
60,Ren,human,20,Mon,0,25,price,2,0,86,773,540,58,7,203,11,91,0,1,0.08,1,2,158,0,1.26
60,Ren,human,20,Mon,0,26,cta,2,0,68,755,552,50,6,214,13,63,0,0,0.01,1,7,150,0,1.26
60,Ren,human,20,Mon,0,27,fomo,2,0,72,759,552,31,7,263,15,83,0,0,0.12,0,6,171,1,1.26
60,Ren,human,20,Mon,0,28,fomo,2,0,71,759,539,34,3,87,15,61,0,0,0.01,0,5,173,2,1.26
60,Ren,human,20,Mon,0,29,fomo,2,0,85,788,570,30,1,49,23,71,0,0,0.12,0,2,174,3,1.26
60,Ren,human,20,Mon,0,30,fomo,2,0,81,813,593,26,1,29,20,85,0,0,0,0,6,121,4,1.26
60,Ren,human,20,Mon,0,31,fomo,2,0,98,849,612,33,3,87,16,77,0,0,0.02,0,7,169,5,1.26
60,Ren,human,20,Mon,0,32,fomo,2,0,66,844,597,38,5,205,13,79,0,0,0.07,0,2,159,6,1.26
60,Ren,human,20,Mon,0,33,qna,2,0,67,855,617,28,5,225,30,99,6,0,0.1,0,3,168,0,1.26
60,Ren,human,20,Mon,0,34,hook,3,0,62,831,604,23,0,0,19,94,0,0,0.11,0,6,154,0,1.26
60,Ren,human,20,Mon,0,35,build,3,0,75,808,564,28,4,136,12,77,0,0,0.15,1,4,163,0,1.26
60,Ren,human,20,Mon,0,36,build,3,0,87,799,545,29,2,58,12,65,0,0,0.26,1,6,128,0,1.26
60,Ren,human,20,Mon,0,37,demo,3,0,85,809,570,60,5,145,7,53,0,1,0.58,0,4,168,0,1.26
60,Ren,human,20,Mon,0,38,demo,3,0,59,793,582,54,8,232,14,99,0,1,0.57,1,7,147,0,1.26
60,Ren,human,20,Mon,0,39,price,3,0,68,778,602,47,9,301,16,64,0,1,0.03,1,3,171,0,1.26
60,Ren,human,20,Mon,0,40,cta,3,0,75,757,533,62,8,252,10,70,0,1,0.03,1,5,151,0,1.26
60,Ren,human,20,Mon,0,41,fomo,3,0,69,759,546,19,5,145,14,61,0,0,0.03,0,5,132,1,1.26
60,Ren,human,20,Mon,0,42,fomo,3,0,76,767,532,33,8,352,15,84,0,0,0.02,0,2,177,2,1.26
60,Ren,human,20,Mon,0,43,fomo,3,0,92,787,559,34,3,87,14,65,0,1,0.14,1,5,141,3,1.26
60,Ren,human,20,Mon,0,44,fomo,3,0,74,808,585,32,7,203,14,79,0,0,0.07,0,3,153,4,1.26
60,Ren,human,20,Mon,0,45,fomo,3,0,74,813,573,27,4,116,16,81,0,0,0.06,0,4,159,5,1.26
60,Ren,human,20,Mon,0,46,fomo,3,0,77,822,595,42,3,107,14,55,0,0,0.11,0,4,172,6,1.26
60,Ren,human,20,Mon,0,47,qna,3,0,70,841,611,31,3,87,31,117,6,0,0.11,0,3,169,0,1.26
60,Ren,human,20,Mon,0,48,hook,4,0,79,841,602,15,0,0,16,79,0,0,0.02,0,2,132,0,1.26
60,Ren,human,20,Mon,0,49,hook,4,0,74,823,612,24,2,78,11,69,0,0,0.01,0,2,176,0,1.26
60,Ren,human,20,Mon,0,50,build,4,0,84,829,578,29,3,107,24,76,0,0,0.34,0,3,130,0,1.26
60,Ren,human,20,Mon,0,51,build,4,0,73,813,593,31,3,107,7,89,0,0,0.37,0,6,139,0,1.26
60,Ren,human,20,Mon,0,52,build,4,0,74,783,562,28,1,29,15,67,0,1,0.2,0,5,154,0,1.26
60,Ren,human,20,Mon,0,53,build,4,0,87,765,517,26,7,243,7,85,0,0,0.19,0,5,128,0,1.26
60,Ren,human,20,Mon,0,54,demo,4,0,81,786,565,57,7,223,11,83,0,1,0.85,0,7,150,0,1.26
60,Ren,human,20,Mon,0,55,demo,4,0,63,777,577,54,1,29,16,66,0,1,0.68,0,6,165,0,1.26
60,Ren,human,20,Mon,0,56,price,4,0,70,782,556,45,8,272,17,71,0,1,0,0,3,171,0,1.26
60,Ren,human,20,Mon,0,57,cta,4,0,58,761,562,68,11,359,14,53,0,1,0.02,1,5,139,0,1.26
60,Ren,human,20,Mon,0,58,fomo,4,0,72,782,557,30,6,194,17,61,0,0,0,0,6,154,1,1.26
60,Ren,human,20,Mon,0,59,fomo,4,0,69,780,574,50,9,301,15,74,0,1,0.08,0,5,170,2,1.26
60,Ren,human,20,Mon,0,60,fomo,4,0,59,773,569,31,3,107,14,69,0,0,0.02,0,4,122,3,1.26
60,Ren,human,20,Mon,0,61,fomo,4,0,70,779,569,46,4,136,13,77,0,1,0.11,0,3,153,4,1.26
60,Ren,human,20,Mon,0,62,fomo,4,0,74,798,584,29,2,58,10,70,0,0,0.1,0,4,178,5,1.26
60,Ren,human,20,Mon,0,63,fomo,4,0,74,799,581,32,5,185,20,74,0,0,0.07,0,4,163,6,1.26
60,Ren,human,20,Mon,0,64,qna,4,0,89,826,586,41,5,185,23,85,6,0,0.09,1,3,165,0,1.26
60,Ren,human,20,Mon,0,65,qna,4,0,65,843,612,17,2,58,29,89,6,0,0,0,4,124,0,1.26
60,Ren,human,20,Mon,0,66,hook,5,0,85,846,595,22,0,0,14,79,0,0,0.07,0,4,145,0,1.26
60,Ren,human,20,Mon,0,67,hook,5,0,55,820,582,26,1,29,12,63,0,0,0.09,0,4,150,0,1.26
60,Ren,human,20,Mon,0,68,build,5,0,71,780,564,35,8,272,15,64,0,1,0.28,0,4,149,0,1.26
60,Ren,human,20,Mon,0,69,build,5,0,60,757,544,44,3,147,15,62,0,1,0.29,0,6,136,0,1.26
60,Ren,human,20,Mon,0,70,build,5,0,90,765,548,38,3,87,18,81,0,1,0.16,1,5,156,0,1.26
60,Ren,human,20,Mon,0,71,build,5,0,69,756,530,29,3,147,11,72,0,0,0.27,0,5,179,0,1.26
60,Ren,human,20,Mon,0,72,demo,5,0,66,748,541,63,5,165,9,63,0,1,0.77,0,5,149,0,1.26
60,Ren,human,20,Mon,0,73,demo,5,0,75,760,545,46,9,281,11,79,0,0,0.68,0,4,180,0,1.26
60,Ren,human,20,Mon,0,74,price,5,0,63,727,518,43,8,252,17,61,0,1,0.08,1,5,160,0,1.26
60,Ren,human,20,Mon,0,75,cta,5,0,72,719,529,37,7,243,14,63,0,0,0.12,0,6,180,0,1.26
60,Ren,human,20,Mon,0,76,fomo,5,0,74,742,531,43,4,116,16,43,0,1,0.15,0,3,130,1,1.26
60,Ren,human,20,Mon,0,77,fomo,5,0,74,753,534,32,4,136,14,64,0,0,0.01,0,3,188,2,1.26
60,Ren,human,20,Mon,0,78,fomo,5,0,83,766,548,24,1,29,19,73,0,0,0.07,0,4,179,3,1.26
60,Ren,human,20,Mon,0,79,fomo,5,0,62,760,533,30,2,78,16,66,0,0,0.04,0,2,178,4,1.26
60,Ren,human,20,Mon,0,80,fomo,5,0,58,753,529,32,1,29,14,53,0,1,0.02,0,3,132,5,1.26
60,Ren,human,20,Mon,0,81,fomo,5,0,70,756,540,31,0,0,25,70,0,1,0.08,0,7,146,6,1.26
60,Ren,human,20,Mon,0,82,qna,5,0,91,803,575,29,3,87,32,95,6,1,0.08,0,5,126,0,1.26
60,Ren,human,20,Mon,0,83,hook,6,0,84,803,589,22,3,107,18,71,0,0,0.01,1,4,188,0,1.26
60,Ren,human,20,Mon,0,84,build,6,0,64,786,579,35,5,165,12,74,0,0,0.19,0,6,136,0,1.26
60,Ren,human,20,Mon,0,85,build,6,0,80,777,547,45,6,214,12,79,0,1,0.4,1,4,175,0,1.26
60,Ren,human,20,Mon,0,86,build,6,0,79,772,575,37,2,58,12,70,0,1,0.29,0,6,152,0,1.26
60,Ren,human,20,Mon,0,87,build,6,0,79,786,556,41,5,145,11,65,0,1,0.35,0,2,135,0,1.26
60,Ren,human,20,Mon,0,88,demo,6,0,74,794,586,65,8,292,13,86,0,1,0.55,0,3,123,0,1.26
60,Ren,human,20,Mon,0,89,demo,6,0,69,791,561,53,8,312,12,89,0,1,0.8,0,6,167,0,1.26
60,Ren,human,20,Mon,0,90,demo,6,0,64,776,563,54,4,116,18,65,0,1,0.63,0,6,124,0,1.26
60,Ren,human,20,Mon,0,91,price,6,0,72,776,564,45,9,281,18,69,0,1,0.01,1,3,167,0,1.26
60,Ren,human,20,Mon,0,92,cta,6,0,52,740,525,56,7,223,16,75,0,1,0.07,1,4,127,0,1.26
60,Ren,human,20,Mon,0,93,cta,6,0,72,727,510,63,13,457,9,64,0,1,0.04,1,7,121,0,1.26
60,Ren,human,20,Mon,0,94,fomo,6,0,57,720,495,24,1,29,12,55,0,0,0.13,0,3,184,1,1.26
60,Ren,human,20,Mon,0,95,fomo,6,0,60,722,499,20,2,98,21,63,0,0,0.05,0,2,187,2,1.26
60,Ren,human,20,Mon,0,96,fomo,6,0,67,728,502,32,1,49,15,62,0,0,0.08,0,5,161,3,1.26
60,Ren,human,20,Mon,0,97,fomo,6,0,73,750,552,24,1,29,17,71,0,0,0.13,0,3,174,4,1.26
60,Ren,human,20,Mon,0,98,fomo,6,0,63,762,544,36,2,58,15,78,0,0,0.13,0,3,129,5,1.26
60,Ren,human,20,Mon,0,99,fomo,6,0,75,783,558,41,2,58,19,85,0,1,0.07,0,6,177,6,1.26
60,Ren,human,20,Mon,0,100,qna,6,0,70,809,586,25,3,87,29,75,6,0,0.06,0,4,176,0,1.26
60,Ren,human,20,Mon,0,101,hook,7,0,62,777,550,24,2,58,10,54,0,0,0.01,0,6,177,0,1.26
60,Ren,human,20,Mon,0,102,build,7,0,69,763,555,50,5,185,12,79,0,1,0.26,0,2,172,0,1.26
60,Ren,human,20,Mon,0,103,build,7,0,64,745,548,35,2,58,10,63,0,1,0.37,0,2,163,0,1.26
60,Ren,human,20,Mon,0,104,build,7,0,61,729,544,35,6,234,15,66,0,1,0.39,0,5,163,0,1.26
60,Ren,human,20,Mon,0,105,build,7,0,61,727,520,36,6,174,17,54,0,1,0.39,0,3,129,0,1.26
60,Ren,human,20,Mon,0,106,demo,7,0,66,738,542,43,5,165,17,54,0,1,0.6,0,5,164,0,1.26
60,Ren,human,20,Mon,0,107,demo,7,0,61,733,569,57,11,319,9,59,0,1,0.7,0,5,142,0,1.26
60,Ren,human,20,Mon,0,108,demo,7,0,63,728,539,53,9,301,11,70,0,1,0.47,0,7,155,0,1.26
60,Ren,human,20,Mon,0,109,price,7,0,70,717,508,37,8,232,12,73,0,0,0.01,1,7,161,0,1.26
60,Ren,human,20,Mon,0,110,cta,7,0,51,698,518,37,4,136,11,71,0,0,0.03,0,7,161,0,1.26
60,Ren,human,20,Mon,0,111,fomo,7,0,78,720,519,31,3,87,12,66,0,0,0.04,0,5,189,1,1.26
60,Ren,human,20,Mon,0,112,fomo,7,0,83,744,550,31,8,292,18,66,0,1,0.02,0,4,144,2,1.26
60,Ren,human,20,Mon,0,113,fomo,7,0,83,763,547,49,5,165,10,68,0,1,0.09,0,3,139,3,1.26
60,Ren,human,20,Mon,0,114,fomo,7,0,69,768,557,28,2,58,10,86,0,1,0.14,0,4,142,4,1.26
60,Ren,human,20,Mon,0,115,fomo,7,0,74,786,560,31,3,87,25,68,0,0,0.14,0,6,187,5,1.26
60,Ren,human,20,Mon,0,116,fomo,7,0,65,784,558,44,7,223,15,81,0,0,0.13,1,3,173,6,1.26
60,Ren,human,20,Mon,0,117,qna,7,0,59,781,566,27,1,29,24,95,6,0,0.03,0,3,186,0,1.26
60,Ren,human,20,Mon,0,118,qna,7,0,66,786,561,21,5,145,21,93,6,0,0.06,0,7,136,0,1.26
60,Ren,human,20,Mon,0,119,filler,7,0,57,717,515,26,2,58,8,66,0,1,0.14,1,4,186,0,1.26
60,Ren,human,20,Mon,0,120,dead,7,0,67,633,446,8,0,0,5,52,0,0,0.04,0,5,20,0,1.26
